/*
 Navicat Premium Data Transfer

 Source Server         : wslmysql
 Source Server Type    : MySQL
 Source Server Version : 80036
 Source Host           : 172.22.131.7:3306
 Source Schema         : aiot_sys

 Target Server Type    : MySQL
 Target Server Version : 80036
 File Encoding         : 65001

 Date: 26/03/2024 21:08:07
*/

SET NAMES utf8mb4;
SET FOREIGN_KEY_CHECKS = 0;

-- ----------------------------
-- Table structure for QRTZ_BLOB_TRIGGERS
-- ----------------------------
DROP TABLE IF EXISTS `QRTZ_BLOB_TRIGGERS`;
CREATE TABLE `QRTZ_BLOB_TRIGGERS`  (
  `SCHED_NAME` varchar(120) CHARACTER SET utf8mb4 COLLATE utf8mb4_general_ci NOT NULL COMMENT '调度名称',
  `TRIGGER_NAME` varchar(200) CHARACTER SET utf8mb4 COLLATE utf8mb4_general_ci NOT NULL COMMENT 'qrtz_triggers表trigger_name的外键',
  `TRIGGER_GROUP` varchar(200) CHARACTER SET utf8mb4 COLLATE utf8mb4_general_ci NOT NULL COMMENT 'qrtz_triggers表trigger_group的外键',
  `BLOB_DATA` blob NULL COMMENT '存放持久化Trigger对象',
  PRIMARY KEY (`SCHED_NAME`, `TRIGGER_NAME`, `TRIGGER_GROUP`) USING BTREE,
  CONSTRAINT `QRTZ_BLOB_TRIGGERS_IBFK_1` FOREIGN KEY (`SCHED_NAME`, `TRIGGER_NAME`, `TRIGGER_GROUP`) REFERENCES `QRTZ_TRIGGERS` (`SCHED_NAME`, `TRIGGER_NAME`, `TRIGGER_GROUP`) ON DELETE RESTRICT ON UPDATE RESTRICT
) ENGINE = InnoDB CHARACTER SET = utf8mb4 COLLATE = utf8mb4_general_ci COMMENT = 'Blob类型的触发器表' ROW_FORMAT = DYNAMIC;

-- ----------------------------
-- Records of QRTZ_BLOB_TRIGGERS
-- ----------------------------

-- ----------------------------
-- Table structure for QRTZ_CALENDARS
-- ----------------------------
DROP TABLE IF EXISTS `QRTZ_CALENDARS`;
CREATE TABLE `QRTZ_CALENDARS`  (
  `SCHED_NAME` varchar(120) CHARACTER SET utf8mb4 COLLATE utf8mb4_general_ci NOT NULL COMMENT '调度名称',
  `CALENDAR_NAME` varchar(200) CHARACTER SET utf8mb4 COLLATE utf8mb4_general_ci NOT NULL COMMENT '日历名称',
  `CALENDAR` blob NOT NULL COMMENT '存放持久化calendar对象',
  PRIMARY KEY (`SCHED_NAME`, `CALENDAR_NAME`) USING BTREE
) ENGINE = InnoDB CHARACTER SET = utf8mb4 COLLATE = utf8mb4_general_ci COMMENT = '日历信息表' ROW_FORMAT = DYNAMIC;

-- ----------------------------
-- Records of QRTZ_CALENDARS
-- ----------------------------

-- ----------------------------
-- Table structure for QRTZ_CRON_TRIGGERS
-- ----------------------------
DROP TABLE IF EXISTS `QRTZ_CRON_TRIGGERS`;
CREATE TABLE `QRTZ_CRON_TRIGGERS`  (
  `SCHED_NAME` varchar(120) CHARACTER SET utf8mb4 COLLATE utf8mb4_general_ci NOT NULL COMMENT '调度名称',
  `TRIGGER_NAME` varchar(200) CHARACTER SET utf8mb4 COLLATE utf8mb4_general_ci NOT NULL COMMENT 'qrtz_triggers表trigger_name的外键',
  `TRIGGER_GROUP` varchar(200) CHARACTER SET utf8mb4 COLLATE utf8mb4_general_ci NOT NULL COMMENT 'qrtz_triggers表trigger_group的外键',
  `CRON_EXPRESSION` varchar(200) CHARACTER SET utf8mb4 COLLATE utf8mb4_general_ci NOT NULL COMMENT 'cron表达式',
  `TIME_ZONE_ID` varchar(80) CHARACTER SET utf8mb4 COLLATE utf8mb4_general_ci NULL DEFAULT NULL COMMENT '时区',
  PRIMARY KEY (`SCHED_NAME`, `TRIGGER_NAME`, `TRIGGER_GROUP`) USING BTREE,
  CONSTRAINT `QRTZ_CRON_TRIGGERS_IBFK_1` FOREIGN KEY (`SCHED_NAME`, `TRIGGER_NAME`, `TRIGGER_GROUP`) REFERENCES `QRTZ_TRIGGERS` (`SCHED_NAME`, `TRIGGER_NAME`, `TRIGGER_GROUP`) ON DELETE RESTRICT ON UPDATE RESTRICT
) ENGINE = InnoDB CHARACTER SET = utf8mb4 COLLATE = utf8mb4_general_ci COMMENT = 'Cron类型的触发器表' ROW_FORMAT = DYNAMIC;

-- ----------------------------
-- Records of QRTZ_CRON_TRIGGERS
-- ----------------------------
INSERT INTO `QRTZ_CRON_TRIGGERS` VALUES ('SrtScheduler', 'TASK_NAME_1', 'data_access', '0/30 * * * * ? *', 'GMT+08:00');
INSERT INTO `QRTZ_CRON_TRIGGERS` VALUES ('SrtScheduler', 'TASK_NAME_10', 'data_quality', '0/30 * * * * ? *', 'GMT+08:00');
INSERT INTO `QRTZ_CRON_TRIGGERS` VALUES ('SrtScheduler', 'TASK_NAME_14', 'data_master', '0/10 * * * * ?', 'GMT+08:00');
INSERT INTO `QRTZ_CRON_TRIGGERS` VALUES ('SrtScheduler', 'TASK_NAME_2', 'data_production', '0/30 * * * * ? *', 'GMT+08:00');
INSERT INTO `QRTZ_CRON_TRIGGERS` VALUES ('SrtScheduler', 'TASK_NAME_4', 'data_governance', '0/30 * * * * ? *', 'GMT+08:00');
INSERT INTO `QRTZ_CRON_TRIGGERS` VALUES ('SrtScheduler', 'TASK_NAME_8', 'data_access', '0/30 * * * * ?', 'GMT+08:00');

-- ----------------------------
-- Table structure for QRTZ_FIRED_TRIGGERS
-- ----------------------------
DROP TABLE IF EXISTS `QRTZ_FIRED_TRIGGERS`;
CREATE TABLE `QRTZ_FIRED_TRIGGERS`  (
  `SCHED_NAME` varchar(120) CHARACTER SET utf8mb4 COLLATE utf8mb4_general_ci NOT NULL COMMENT '调度名称',
  `ENTRY_ID` varchar(95) CHARACTER SET utf8mb4 COLLATE utf8mb4_general_ci NOT NULL COMMENT '调度器实例id',
  `TRIGGER_NAME` varchar(200) CHARACTER SET utf8mb4 COLLATE utf8mb4_general_ci NOT NULL COMMENT 'qrtz_triggers表trigger_name的外键',
  `TRIGGER_GROUP` varchar(200) CHARACTER SET utf8mb4 COLLATE utf8mb4_general_ci NOT NULL COMMENT 'qrtz_triggers表trigger_group的外键',
  `INSTANCE_NAME` varchar(200) CHARACTER SET utf8mb4 COLLATE utf8mb4_general_ci NOT NULL COMMENT '调度器实例名',
  `FIRED_TIME` bigint(0) NOT NULL COMMENT '触发的时间',
  `SCHED_TIME` bigint(0) NOT NULL COMMENT '定时器制定的时间',
  `PRIORITY` int(0) NOT NULL COMMENT '优先级',
  `STATE` varchar(16) CHARACTER SET utf8mb4 COLLATE utf8mb4_general_ci NOT NULL COMMENT '状态',
  `JOB_NAME` varchar(200) CHARACTER SET utf8mb4 COLLATE utf8mb4_general_ci NULL DEFAULT NULL COMMENT '任务名称',
  `JOB_GROUP` varchar(200) CHARACTER SET utf8mb4 COLLATE utf8mb4_general_ci NULL DEFAULT NULL COMMENT '任务组名',
  `IS_NONCONCURRENT` varchar(1) CHARACTER SET utf8mb4 COLLATE utf8mb4_general_ci NULL DEFAULT NULL COMMENT '是否并发',
  `REQUESTS_RECOVERY` varchar(1) CHARACTER SET utf8mb4 COLLATE utf8mb4_general_ci NULL DEFAULT NULL COMMENT '是否接受恢复执行',
  PRIMARY KEY (`SCHED_NAME`, `ENTRY_ID`) USING BTREE
) ENGINE = InnoDB CHARACTER SET = utf8mb4 COLLATE = utf8mb4_general_ci COMMENT = '已触发的触发器表' ROW_FORMAT = DYNAMIC;

-- ----------------------------
-- Records of QRTZ_FIRED_TRIGGERS
-- ----------------------------

-- ----------------------------
-- Table structure for QRTZ_JOB_DETAILS
-- ----------------------------
DROP TABLE IF EXISTS `QRTZ_JOB_DETAILS`;
CREATE TABLE `QRTZ_JOB_DETAILS`  (
  `SCHED_NAME` varchar(120) CHARACTER SET utf8mb4 COLLATE utf8mb4_general_ci NOT NULL COMMENT '调度名称',
  `JOB_NAME` varchar(200) CHARACTER SET utf8mb4 COLLATE utf8mb4_general_ci NOT NULL COMMENT '任务名称',
  `JOB_GROUP` varchar(200) CHARACTER SET utf8mb4 COLLATE utf8mb4_general_ci NOT NULL COMMENT '任务组名',
  `DESCRIPTION` varchar(250) CHARACTER SET utf8mb4 COLLATE utf8mb4_general_ci NULL DEFAULT NULL COMMENT '相关介绍',
  `JOB_CLASS_NAME` varchar(250) CHARACTER SET utf8mb4 COLLATE utf8mb4_general_ci NOT NULL COMMENT '执行任务类名称',
  `IS_DURABLE` varchar(1) CHARACTER SET utf8mb4 COLLATE utf8mb4_general_ci NOT NULL COMMENT '是否持久化',
  `IS_NONCONCURRENT` varchar(1) CHARACTER SET utf8mb4 COLLATE utf8mb4_general_ci NOT NULL COMMENT '是否并发',
  `IS_UPDATE_DATA` varchar(1) CHARACTER SET utf8mb4 COLLATE utf8mb4_general_ci NOT NULL COMMENT '是否更新数据',
  `REQUESTS_RECOVERY` varchar(1) CHARACTER SET utf8mb4 COLLATE utf8mb4_general_ci NOT NULL COMMENT '是否接受恢复执行',
  `JOB_DATA` blob NULL COMMENT '存放持久化job对象',
  PRIMARY KEY (`SCHED_NAME`, `JOB_NAME`, `JOB_GROUP`) USING BTREE
) ENGINE = InnoDB CHARACTER SET = utf8mb4 COLLATE = utf8mb4_general_ci COMMENT = '任务详细信息表' ROW_FORMAT = DYNAMIC;

-- ----------------------------
-- Records of QRTZ_JOB_DETAILS
-- ----------------------------
INSERT INTO `QRTZ_JOB_DETAILS` VALUES ('SrtScheduler', 'TASK_NAME_1', 'data_access', NULL, 'net.srt.quartz.utils.ScheduleDisallowConcurrentExecution', '0', '1', '0', '0', 0xACED0005737200156F72672E71756172747A2E4A6F62446174614D61709FB083E8BFA9B0CB020000787200266F72672E71756172747A2E7574696C732E537472696E674B65794469727479466C61674D61708208E8C3FBC55D280200015A0013616C6C6F77735472616E7369656E74446174617872001D6F72672E71756172747A2E7574696C732E4469727479466C61674D617013E62EAD28760ACE0200025A000564697274794C00036D617074000F4C6A6176612F7574696C2F4D61703B787001737200116A6176612E7574696C2E486173684D61700507DAC1C31660D103000246000A6C6F6164466163746F724900097468726573686F6C6478703F4000000000000C7708000000100000000174000D4A4F425F504152414D5F4B4559737200276E65742E7372742E71756172747A2E656E746974792E5363686564756C654A6F62456E7469747900000000000000010200175A0007736176654C6F674C00086265616E4E616D657400124C6A6176612F6C616E672F537472696E673B4C000A636F6E63757272656E747400134C6A6176612F6C616E672F496E74656765723B4C000A63726561746554696D657400104C6A6176612F7574696C2F446174653B4C000763726561746F727400104C6A6176612F6C616E672F4C6F6E673B4C000E63726F6E45787072657373696F6E71007E00094C000764656C6574656471007E000A4C0009657865637574654E6F71007E00094C0002696471007E000C4C00086A6F6247726F757071007E00094C00076A6F624E616D6571007E00094C00076A6F625479706571007E000A4C00066D6574686F6471007E00094C00046F6E63657400134C6A6176612F6C616E672F426F6F6C65616E3B4C0006706172616D7371007E00094C000970726F6A656374496471007E000C4C000672656D61726B71007E00094C000772756E5479706571007E000A4C000673746174757371007E000A4C000674797065496471007E000C4C000A75706461746554696D6571007E000B4C00077570646174657271007E000C4C000776657273696F6E71007E000A78700074000E646174614163636573735461736B737200116A6176612E6C616E672E496E746567657212E2A0A4F781873802000149000576616C7565787200106A6176612E6C616E672E4E756D62657286AC951D0B94E08B0200007870000000007070740010302F3330202A202A202A202A203F202A71007E0012707372000E6A6176612E6C616E672E4C6F6E673B8BE490CC8F23DF0200014A000576616C75657871007E0011000000000000000174000B646174615F6163636573737400215B3132303030385DE4BABAE58FA3E695B0E68DAE2DE3808BE4B8ADE58FB0E5BA937371007E00100000000274000372756E737200116A6176612E6C616E672E426F6F6C65616ECD207280D59CFAEE0200015A000576616C75657870007400063132303030387371007E00140000000000002712707071007E00127371007E0014000000000001D4C87372000E6A6176612E7574696C2E44617465686A81014B597419030000787077080000018A463A71F07870707800);
INSERT INTO `QRTZ_JOB_DETAILS` VALUES ('SrtScheduler', 'TASK_NAME_10', 'data_quality', NULL, 'net.srt.quartz.utils.ScheduleDisallowConcurrentExecution', '0', '1', '0', '0', 0xACED0005737200156F72672E71756172747A2E4A6F62446174614D61709FB083E8BFA9B0CB020000787200266F72672E71756172747A2E7574696C732E537472696E674B65794469727479466C61674D61708208E8C3FBC55D280200015A0013616C6C6F77735472616E7369656E74446174617872001D6F72672E71756172747A2E7574696C732E4469727479466C61674D617013E62EAD28760ACE0200025A000564697274794C00036D617074000F4C6A6176612F7574696C2F4D61703B787001737200116A6176612E7574696C2E486173684D61700507DAC1C31660D103000246000A6C6F6164466163746F724900097468726573686F6C6478703F4000000000000C7708000000100000000174000D4A4F425F504152414D5F4B4559737200276E65742E7372742E71756172747A2E656E746974792E5363686564756C654A6F62456E7469747900000000000000010200175A0007736176654C6F674C00086265616E4E616D657400124C6A6176612F6C616E672F537472696E673B4C000A636F6E63757272656E747400134C6A6176612F6C616E672F496E74656765723B4C000A63726561746554696D657400104C6A6176612F7574696C2F446174653B4C000763726561746F727400104C6A6176612F6C616E672F4C6F6E673B4C000E63726F6E45787072657373696F6E71007E00094C000764656C6574656471007E000A4C0009657865637574654E6F71007E00094C0002696471007E000C4C00086A6F6247726F757071007E00094C00076A6F624E616D6571007E00094C00076A6F625479706571007E000A4C00066D6574686F6471007E00094C00046F6E63657400134C6A6176612F6C616E672F426F6F6C65616E3B4C0006706172616D7371007E00094C000970726F6A656374496471007E000C4C000672656D61726B71007E00094C000772756E5479706571007E000A4C000673746174757371007E000A4C000674797065496471007E000C4C000A75706461746554696D6571007E000B4C00077570646174657271007E000C4C000776657273696F6E71007E000A78700074000F646174615175616C6974795461736B737200116A6176612E6C616E672E496E746567657212E2A0A4F781873802000149000576616C7565787200106A6176612E6C616E672E4E756D62657286AC951D0B94E08B0200007870000000007372000E6A6176612E7574696C2E44617465686A81014B5974190300007870770800000188F1A05A707870740010302F3330202A202A202A202A203F202A71007E0012707372000E6A6176612E6C616E672E4C6F6E673B8BE490CC8F23DF0200014A000576616C75657871007E0011000000000000000A74000C646174615F7175616C6974797400125B335DE6B58BE8AF95E6898BE69CBAE58FB77371007E00100000000574000372756E737200116A6176612E6C616E672E426F6F6C65616ECD207280D59CFAEE0200015A000576616C7565787000740001337371007E00160000000000002712707071007E00127371007E001600000000000000037371007E0013770800000188F1A1F0B078707371007E0010000000017800);
INSERT INTO `QRTZ_JOB_DETAILS` VALUES ('SrtScheduler', 'TASK_NAME_11', 'data_access', NULL, 'net.srt.quartz.utils.ScheduleDisallowConcurrentExecution', '0', '1', '0', '0', 0xACED0005737200156F72672E71756172747A2E4A6F62446174614D61709FB083E8BFA9B0CB020000787200266F72672E71756172747A2E7574696C732E537472696E674B65794469727479466C61674D61708208E8C3FBC55D280200015A0013616C6C6F77735472616E7369656E74446174617872001D6F72672E71756172747A2E7574696C732E4469727479466C61674D617013E62EAD28760ACE0200025A000564697274794C00036D617074000F4C6A6176612F7574696C2F4D61703B787001737200116A6176612E7574696C2E486173684D61700507DAC1C31660D103000246000A6C6F6164466163746F724900097468726573686F6C6478703F4000000000000C7708000000100000000174000D4A4F425F504152414D5F4B4559737200276E65742E7372742E71756172747A2E656E746974792E5363686564756C654A6F62456E7469747900000000000000010200175A0007736176654C6F674C00086265616E4E616D657400124C6A6176612F6C616E672F537472696E673B4C000A636F6E63757272656E747400134C6A6176612F6C616E672F496E74656765723B4C000A63726561746554696D657400104C6A6176612F7574696C2F446174653B4C000763726561746F727400104C6A6176612F6C616E672F4C6F6E673B4C000E63726F6E45787072657373696F6E71007E00094C000764656C6574656471007E000A4C0009657865637574654E6F71007E00094C0002696471007E000C4C00086A6F6247726F757071007E00094C00076A6F624E616D6571007E00094C00076A6F625479706571007E000A4C00066D6574686F6471007E00094C00046F6E63657400134C6A6176612F6C616E672F426F6F6C65616E3B4C0006706172616D7371007E00094C000970726F6A656374496471007E000C4C000672656D61726B71007E00094C000772756E5479706571007E000A4C000673746174757371007E000A4C000674797065496471007E000C4C000A75706461746554696D6571007E000B4C00077570646174657271007E000C4C000776657273696F6E71007E000A78700074000E646174614163636573735461736B737200116A6176612E6C616E672E496E746567657212E2A0A4F781873802000149000576616C7565787200106A6176612E6C616E672E4E756D62657286AC951D0B94E08B0200007870000000007372000E6A6176612E7574696C2E44617465686A81014B5974190300007870770800000188F80B2138787074000071007E0012707372000E6A6176612E6C616E672E4C6F6E673B8BE490CC8F23DF0200014A000576616C75657871007E0011000000000000000B74000B646174615F6163636573737400155B3132303031325D6F7261636C652D3E646F7269737371007E00100000000274000372756E737200116A6176612E6C616E672E426F6F6C65616ECD207280D59CFAEE0200015A000576616C75657870017400063132303031327371007E00160000000000002712707071007E00127371007E0016000000000001D4CC7371007E0013770800000188F80B213878707371007E0010000000017800);
INSERT INTO `QRTZ_JOB_DETAILS` VALUES ('SrtScheduler', 'TASK_NAME_12', 'data_access', NULL, 'net.srt.quartz.utils.ScheduleDisallowConcurrentExecution', '0', '1', '0', '0', 0xACED0005737200156F72672E71756172747A2E4A6F62446174614D61709FB083E8BFA9B0CB020000787200266F72672E71756172747A2E7574696C732E537472696E674B65794469727479466C61674D61708208E8C3FBC55D280200015A0013616C6C6F77735472616E7369656E74446174617872001D6F72672E71756172747A2E7574696C732E4469727479466C61674D617013E62EAD28760ACE0200025A000564697274794C00036D617074000F4C6A6176612F7574696C2F4D61703B787001737200116A6176612E7574696C2E486173684D61700507DAC1C31660D103000246000A6C6F6164466163746F724900097468726573686F6C6478703F4000000000000C7708000000100000000174000D4A4F425F504152414D5F4B4559737200276E65742E7372742E71756172747A2E656E746974792E5363686564756C654A6F62456E7469747900000000000000010200175A0007736176654C6F674C00086265616E4E616D657400124C6A6176612F6C616E672F537472696E673B4C000A636F6E63757272656E747400134C6A6176612F6C616E672F496E74656765723B4C000A63726561746554696D657400104C6A6176612F7574696C2F446174653B4C000763726561746F727400104C6A6176612F6C616E672F4C6F6E673B4C000E63726F6E45787072657373696F6E71007E00094C000764656C6574656471007E000A4C0009657865637574654E6F71007E00094C0002696471007E000C4C00086A6F6247726F757071007E00094C00076A6F624E616D6571007E00094C00076A6F625479706571007E000A4C00066D6574686F6471007E00094C00046F6E63657400134C6A6176612F6C616E672F426F6F6C65616E3B4C0006706172616D7371007E00094C000970726F6A656374496471007E000C4C000672656D61726B71007E00094C000772756E5479706571007E000A4C000673746174757371007E000A4C000674797065496471007E000C4C000A75706461746554696D6571007E000B4C00077570646174657271007E000C4C000776657273696F6E71007E000A78700074000E646174614163636573735461736B737200116A6176612E6C616E672E496E746567657212E2A0A4F781873802000149000576616C7565787200106A6176612E6C616E672E4E756D62657286AC951D0B94E08B0200007870000000007372000E6A6176612E7574696C2E44617465686A81014B5974190300007870770800000188F80B30D8787074000071007E0012707372000E6A6176612E6C616E672E4C6F6E673B8BE490CC8F23DF0200014A000576616C75657871007E0011000000000000000C74000B646174615F6163636573737400175B3132303031305D6F7261636C652DE3808B6D7973716C7371007E00100000000274000372756E737200116A6176612E6C616E672E426F6F6C65616ECD207280D59CFAEE0200015A000576616C75657870017400063132303031307371007E00160000000000002712707071007E00127371007E0016000000000001D4CA7371007E0013770800000188F80B30D878707371007E0010000000017800);
INSERT INTO `QRTZ_JOB_DETAILS` VALUES ('SrtScheduler', 'TASK_NAME_13', 'data_master', NULL, 'net.srt.quartz.utils.ScheduleDisallowConcurrentExecution', '0', '1', '0', '0', 0xACED0005737200156F72672E71756172747A2E4A6F62446174614D61709FB083E8BFA9B0CB020000787200266F72672E71756172747A2E7574696C732E537472696E674B65794469727479466C61674D61708208E8C3FBC55D280200015A0013616C6C6F77735472616E7369656E74446174617872001D6F72672E71756172747A2E7574696C732E4469727479466C61674D617013E62EAD28760ACE0200025A000564697274794C00036D617074000F4C6A6176612F7574696C2F4D61703B787001737200116A6176612E7574696C2E486173684D61700507DAC1C31660D103000246000A6C6F6164466163746F724900097468726573686F6C6478703F4000000000000C7708000000100000000174000D4A4F425F504152414D5F4B4559737200276E65742E7372742E71756172747A2E656E746974792E5363686564756C654A6F62456E7469747900000000000000010200175A0007736176654C6F674C00086265616E4E616D657400124C6A6176612F6C616E672F537472696E673B4C000A636F6E63757272656E747400134C6A6176612F6C616E672F496E74656765723B4C000A63726561746554696D657400104C6A6176612F7574696C2F446174653B4C000763726561746F727400104C6A6176612F6C616E672F4C6F6E673B4C000E63726F6E45787072657373696F6E71007E00094C000764656C6574656471007E000A4C0009657865637574654E6F71007E00094C0002696471007E000C4C00086A6F6247726F757071007E00094C00076A6F624E616D6571007E00094C00076A6F625479706571007E000A4C00066D6574686F6471007E00094C00046F6E63657400134C6A6176612F6C616E672F426F6F6C65616E3B4C0006706172616D7371007E00094C000970726F6A656374496471007E000C4C000672656D61726B71007E00094C000772756E5479706571007E000A4C000673746174757371007E000A4C000674797065496471007E000C4C000A75706461746554696D6571007E000B4C00077570646174657271007E000C4C000776657273696F6E71007E000A787000740018646174614D6173746572446973747269627574655461736B737200116A6176612E6C616E672E496E746567657212E2A0A4F781873802000149000576616C7565787200106A6176612E6C616E672E4E756D62657286AC951D0B94E08B0200007870000000007372000E6A6176612E7574696C2E44617465686A81014B597419030000787077080000018B23D7438078707071007E0012707372000E6A6176612E6C616E672E4C6F6E673B8BE490CC8F23DF0200014A000576616C75657871007E0011000000000000000D74000B646174615F6D617374657274001B5B375DE6B58BE8AF956462E6B4BEE58F91746573745F7461626C657371007E00100000000674000372756E737200116A6176612E6C616E672E426F6F6C65616ECD207280D59CFAEE0200015A000576616C7565787001740001377371007E00150000000000002712707071007E00127371007E001500000000000000077371007E001377080000018B23D7438078707371007E0010000000017800);
INSERT INTO `QRTZ_JOB_DETAILS` VALUES ('SrtScheduler', 'TASK_NAME_14', 'data_master', NULL, 'net.srt.quartz.utils.ScheduleDisallowConcurrentExecution', '0', '1', '0', '0', 0xACED0005737200156F72672E71756172747A2E4A6F62446174614D61709FB083E8BFA9B0CB020000787200266F72672E71756172747A2E7574696C732E537472696E674B65794469727479466C61674D61708208E8C3FBC55D280200015A0013616C6C6F77735472616E7369656E74446174617872001D6F72672E71756172747A2E7574696C732E4469727479466C61674D617013E62EAD28760ACE0200025A000564697274794C00036D617074000F4C6A6176612F7574696C2F4D61703B787001737200116A6176612E7574696C2E486173684D61700507DAC1C31660D103000246000A6C6F6164466163746F724900097468726573686F6C6478703F4000000000000C7708000000100000000174000D4A4F425F504152414D5F4B4559737200276E65742E7372742E71756172747A2E656E746974792E5363686564756C654A6F62456E7469747900000000000000010200175A0007736176654C6F674C00086265616E4E616D657400124C6A6176612F6C616E672F537472696E673B4C000A636F6E63757272656E747400134C6A6176612F6C616E672F496E74656765723B4C000A63726561746554696D657400104C6A6176612F7574696C2F446174653B4C000763726561746F727400104C6A6176612F6C616E672F4C6F6E673B4C000E63726F6E45787072657373696F6E71007E00094C000764656C6574656471007E000A4C0009657865637574654E6F71007E00094C0002696471007E000C4C00086A6F6247726F757071007E00094C00076A6F624E616D6571007E00094C00076A6F625479706571007E000A4C00066D6574686F6471007E00094C00046F6E63657400134C6A6176612F6C616E672F426F6F6C65616E3B4C0006706172616D7371007E00094C000970726F6A656374496471007E000C4C000672656D61726B71007E00094C000772756E5479706571007E000A4C000673746174757371007E000A4C000674797065496471007E000C4C000A75706461746554696D6571007E000B4C00077570646174657271007E000C4C000776657273696F6E71007E000A787000740018646174614D6173746572446973747269627574655461736B737200116A6176612E6C616E672E496E746567657212E2A0A4F781873802000149000576616C7565787200106A6176612E6C616E672E4E756D62657286AC951D0B94E08B0200007870000000007372000E6A6176612E7574696C2E44617465686A81014B597419030000787077080000018B23F01AE0787074000E302F3130202A202A202A202A203F71007E0012707372000E6A6176612E6C616E672E4C6F6E673B8BE490CC8F23DF0200014A000576616C75657871007E0011000000000000000E74000B646174615F6D61737465727400125B365DE6B58BE8AF95617069E6B4BEE58F917371007E00100000000674000372756E737200116A6176612E6C616E672E426F6F6C65616ECD207280D59CFAEE0200015A000576616C7565787000740001367371007E00160000000000002712707071007E00127371007E001600000000000000067371007E001377080000018B23F6B26078707371007E0010000000027800);
INSERT INTO `QRTZ_JOB_DETAILS` VALUES ('SrtScheduler', 'TASK_NAME_15', 'data_access', NULL, 'net.srt.quartz.utils.ScheduleDisallowConcurrentExecution', '0', '1', '0', '0', 0xACED0005737200156F72672E71756172747A2E4A6F62446174614D61709FB083E8BFA9B0CB020000787200266F72672E71756172747A2E7574696C732E537472696E674B65794469727479466C61674D61708208E8C3FBC55D280200015A0013616C6C6F77735472616E7369656E74446174617872001D6F72672E71756172747A2E7574696C732E4469727479466C61674D617013E62EAD28760ACE0200025A000564697274794C00036D617074000F4C6A6176612F7574696C2F4D61703B787001737200116A6176612E7574696C2E486173684D61700507DAC1C31660D103000246000A6C6F6164466163746F724900097468726573686F6C6478703F4000000000000C7708000000100000000174000D4A4F425F504152414D5F4B4559737200276E65742E7372742E71756172747A2E656E746974792E5363686564756C654A6F62456E7469747900000000000000010200175A0007736176654C6F674C00086265616E4E616D657400124C6A6176612F6C616E672F537472696E673B4C000A636F6E63757272656E747400134C6A6176612F6C616E672F496E74656765723B4C000A63726561746554696D657400104C6A6176612F7574696C2F446174653B4C000763726561746F727400104C6A6176612F6C616E672F4C6F6E673B4C000E63726F6E45787072657373696F6E71007E00094C000764656C6574656471007E000A4C0009657865637574654E6F71007E00094C0002696471007E000C4C00086A6F6247726F757071007E00094C00076A6F624E616D6571007E00094C00076A6F625479706571007E000A4C00066D6574686F6471007E00094C00046F6E63657400134C6A6176612F6C616E672F426F6F6C65616E3B4C0006706172616D7371007E00094C000970726F6A656374496471007E000C4C000672656D61726B71007E00094C000772756E5479706571007E000A4C000673746174757371007E000A4C000674797065496471007E000C4C000A75706461746554696D6571007E000B4C00077570646174657271007E000C4C000776657273696F6E71007E000A78700074000E646174614163636573735461736B737200116A6176612E6C616E672E496E746567657212E2A0A4F781873802000149000576616C7565787200106A6176612E6C616E672E4E756D62657286AC951D0B94E08B0200007870000000007372000E6A6176612E7574696C2E44617465686A81014B597419030000787077080000018BD87ADEC8787074000071007E0012707372000E6A6176612E6C616E672E4C6F6E673B8BE490CC8F23DF0200014A000576616C75657871007E0011000000000000000F74000B646174615F61636365737374001A5B3132303032305DE5A4A7E695B0E68DAEE9878FE5908CE6ADA57371007E00100000000274000372756E737200116A6176612E6C616E672E426F6F6C65616ECD207280D59CFAEE0200015A000576616C75657870017400347B22646174614163636573734964223A3132303032302C2272756E54797065223A312C22657865637574654E6F223A6E756C6C7D7371007E00160000000000002719707071007E00127371007E0016000000000001D4D47371007E001377080000018BD8F2F4F878707371007E0010000000047800);
INSERT INTO `QRTZ_JOB_DETAILS` VALUES ('SrtScheduler', 'TASK_NAME_2', 'data_production', NULL, 'net.srt.quartz.utils.ScheduleDisallowConcurrentExecution', '0', '1', '0', '0', 0xACED0005737200156F72672E71756172747A2E4A6F62446174614D61709FB083E8BFA9B0CB020000787200266F72672E71756172747A2E7574696C732E537472696E674B65794469727479466C61674D61708208E8C3FBC55D280200015A0013616C6C6F77735472616E7369656E74446174617872001D6F72672E71756172747A2E7574696C732E4469727479466C61674D617013E62EAD28760ACE0200025A000564697274794C00036D617074000F4C6A6176612F7574696C2F4D61703B787001737200116A6176612E7574696C2E486173684D61700507DAC1C31660D103000246000A6C6F6164466163746F724900097468726573686F6C6478703F4000000000000C7708000000100000000174000D4A4F425F504152414D5F4B4559737200276E65742E7372742E71756172747A2E656E746974792E5363686564756C654A6F62456E7469747900000000000000010200175A0007736176654C6F674C00086265616E4E616D657400124C6A6176612F6C616E672F537472696E673B4C000A636F6E63757272656E747400134C6A6176612F6C616E672F496E74656765723B4C000A63726561746554696D657400104C6A6176612F7574696C2F446174653B4C000763726561746F727400104C6A6176612F6C616E672F4C6F6E673B4C000E63726F6E45787072657373696F6E71007E00094C000764656C6574656471007E000A4C0009657865637574654E6F71007E00094C0002696471007E000C4C00086A6F6247726F757071007E00094C00076A6F624E616D6571007E00094C00076A6F625479706571007E000A4C00066D6574686F6471007E00094C00046F6E63657400134C6A6176612F6C616E672F426F6F6C65616E3B4C0006706172616D7371007E00094C000970726F6A656374496471007E000C4C000672656D61726B71007E00094C000772756E5479706571007E000A4C000673746174757371007E000A4C000674797065496471007E000C4C000A75706461746554696D6571007E000B4C00077570646174657271007E000C4C000776657273696F6E71007E000A78700074001A6461746150726F64756374696F6E5363686564756C655461736B737200116A6176612E6C616E672E496E746567657212E2A0A4F781873802000149000576616C7565787200106A6176612E6C616E672E4E756D62657286AC951D0B94E08B0200007870000000007372000E6A6176612E7574696C2E44617465686A81014B5974190300007870770800000185D2B187407870740010302F3330202A202A202A202A203F202A71007E0012707372000E6A6176612E6C616E672E4C6F6E673B8BE490CC8F23DF0200014A000576616C75657871007E0011000000000000000274000F646174615F70726F64756374696F6E74000F5B315DE6B58BE8AF95E8B083E5BAA67371007E00100000000374000372756E737200116A6176612E6C616E672E426F6F6C65616ECD207280D59CFAEE0200015A000576616C7565787000740001317371007E00160000000000002712707071007E00127371007E001600000000000000017371007E0013770800000185D2B2D73078707371007E0010000000017800);
INSERT INTO `QRTZ_JOB_DETAILS` VALUES ('SrtScheduler', 'TASK_NAME_3', 'data_access', NULL, 'net.srt.quartz.utils.ScheduleDisallowConcurrentExecution', '0', '1', '0', '0', 0xACED0005737200156F72672E71756172747A2E4A6F62446174614D61709FB083E8BFA9B0CB020000787200266F72672E71756172747A2E7574696C732E537472696E674B65794469727479466C61674D61708208E8C3FBC55D280200015A0013616C6C6F77735472616E7369656E74446174617872001D6F72672E71756172747A2E7574696C732E4469727479466C61674D617013E62EAD28760ACE0200025A000564697274794C00036D617074000F4C6A6176612F7574696C2F4D61703B787001737200116A6176612E7574696C2E486173684D61700507DAC1C31660D103000246000A6C6F6164466163746F724900097468726573686F6C6478703F4000000000000C7708000000100000000174000D4A4F425F504152414D5F4B4559737200276E65742E7372742E71756172747A2E656E746974792E5363686564756C654A6F62456E7469747900000000000000010200175A0007736176654C6F674C00086265616E4E616D657400124C6A6176612F6C616E672F537472696E673B4C000A636F6E63757272656E747400134C6A6176612F6C616E672F496E74656765723B4C000A63726561746554696D657400104C6A6176612F7574696C2F446174653B4C000763726561746F727400104C6A6176612F6C616E672F4C6F6E673B4C000E63726F6E45787072657373696F6E71007E00094C000764656C6574656471007E000A4C0009657865637574654E6F71007E00094C0002696471007E000C4C00086A6F6247726F757071007E00094C00076A6F624E616D6571007E00094C00076A6F625479706571007E000A4C00066D6574686F6471007E00094C00046F6E63657400134C6A6176612F6C616E672F426F6F6C65616E3B4C0006706172616D7371007E00094C000970726F6A656374496471007E000C4C000672656D61726B71007E00094C000772756E5479706571007E000A4C000673746174757371007E000A4C000674797065496471007E000C4C000A75706461746554696D6571007E000B4C00077570646174657271007E000C4C000776657273696F6E71007E000A78700074000E646174614163636573735461736B737200116A6176612E6C616E672E496E746567657212E2A0A4F781873802000149000576616C7565787200106A6176612E6C616E672E4E756D62657286AC951D0B94E08B0200007870000000007372000E6A6176612E7574696C2E44617465686A81014B5974190300007870770800000185D32B2410787074000071007E0012707372000E6A6176612E6C616E672E4C6F6E673B8BE490CC8F23DF0200014A000576616C75657871007E0011000000000000000374000B646174615F6163636573737400275B3132303030385DE4BABAE58FA3E6B58BE8AF95E695B0E68DAE2DE3808BE4B8ADE58FB0E5BA937371007E00100000000274000873796E6344617461737200116A6176612E6C616E672E426F6F6C65616ECD207280D59CFAEE0200015A000576616C75657870017400063132303030387371007E00160000000000002712707071007E00127371007E0016000000000001D4C87371007E0013770800000185D391D13878707371007E0010000000017800);
INSERT INTO `QRTZ_JOB_DETAILS` VALUES ('SrtScheduler', 'TASK_NAME_4', 'data_governance', NULL, 'net.srt.quartz.utils.ScheduleDisallowConcurrentExecution', '0', '1', '0', '0', 0xACED0005737200156F72672E71756172747A2E4A6F62446174614D61709FB083E8BFA9B0CB020000787200266F72672E71756172747A2E7574696C732E537472696E674B65794469727479466C61674D61708208E8C3FBC55D280200015A0013616C6C6F77735472616E7369656E74446174617872001D6F72672E71756172747A2E7574696C732E4469727479466C61674D617013E62EAD28760ACE0200025A000564697274794C00036D617074000F4C6A6176612F7574696C2F4D61703B787001737200116A6176612E7574696C2E486173684D61700507DAC1C31660D103000246000A6C6F6164466163746F724900097468726573686F6C6478703F4000000000000C7708000000100000000174000D4A4F425F504152414D5F4B4559737200276E65742E7372742E71756172747A2E656E746974792E5363686564756C654A6F62456E7469747900000000000000010200175A0007736176654C6F674C00086265616E4E616D657400124C6A6176612F6C616E672F537472696E673B4C000A636F6E63757272656E747400134C6A6176612F6C616E672F496E74656765723B4C000A63726561746554696D657400104C6A6176612F7574696C2F446174653B4C000763726561746F727400104C6A6176612F6C616E672F4C6F6E673B4C000E63726F6E45787072657373696F6E71007E00094C000764656C6574656471007E000A4C0009657865637574654E6F71007E00094C0002696471007E000C4C00086A6F6247726F757071007E00094C00076A6F624E616D6571007E00094C00076A6F625479706571007E000A4C00066D6574686F6471007E00094C00046F6E63657400134C6A6176612F6C616E672F426F6F6C65616E3B4C0006706172616D7371007E00094C000970726F6A656374496471007E000C4C000672656D61726B71007E00094C000772756E5479706571007E000A4C000673746174757371007E000A4C000674797065496471007E000C4C000A75706461746554696D6571007E000B4C00077570646174657271007E000C4C000776657273696F6E71007E000A78700074002164617461476F7665726E616E63654D65746164617461436F6C6C6563745461736B737200116A6176612E6C616E672E496E746567657212E2A0A4F781873802000149000576616C7565787200106A6176612E6C616E672E4E756D62657286AC951D0B94E08B0200007870000000007372000E6A6176612E7574696C2E44617465686A81014B59741903000078707708000001874FA9F0B07870740010302F3330202A202A202A202A203F202A71007E0012707372000E6A6176612E6C616E672E4C6F6E673B8BE490CC8F23DF0200014A000576616C75657871007E0011000000000000000474000F646174615F676F7665726E616E636574000F5B315DE6B58BE8AF95E98787E99B867371007E00100000000474000372756E737200116A6176612E6C616E672E426F6F6C65616ECD207280D59CFAEE0200015A000576616C7565787000740001317371007E00160000000000002712707071007E00127371007E001600000000000000017371007E00137708000001875F2E526078707371007E0010000000037800);
INSERT INTO `QRTZ_JOB_DETAILS` VALUES ('SrtScheduler', 'TASK_NAME_5', 'data_governance', NULL, 'net.srt.quartz.utils.ScheduleDisallowConcurrentExecution', '0', '1', '0', '0', 0xACED0005737200156F72672E71756172747A2E4A6F62446174614D61709FB083E8BFA9B0CB020000787200266F72672E71756172747A2E7574696C732E537472696E674B65794469727479466C61674D61708208E8C3FBC55D280200015A0013616C6C6F77735472616E7369656E74446174617872001D6F72672E71756172747A2E7574696C732E4469727479466C61674D617013E62EAD28760ACE0200025A000564697274794C00036D617074000F4C6A6176612F7574696C2F4D61703B787001737200116A6176612E7574696C2E486173684D61700507DAC1C31660D103000246000A6C6F6164466163746F724900097468726573686F6C6478703F4000000000000C7708000000100000000174000D4A4F425F504152414D5F4B4559737200276E65742E7372742E71756172747A2E656E746974792E5363686564756C654A6F62456E7469747900000000000000010200175A0007736176654C6F674C00086265616E4E616D657400124C6A6176612F6C616E672F537472696E673B4C000A636F6E63757272656E747400134C6A6176612F6C616E672F496E74656765723B4C000A63726561746554696D657400104C6A6176612F7574696C2F446174653B4C000763726561746F727400104C6A6176612F6C616E672F4C6F6E673B4C000E63726F6E45787072657373696F6E71007E00094C000764656C6574656471007E000A4C0009657865637574654E6F71007E00094C0002696471007E000C4C00086A6F6247726F757071007E00094C00076A6F624E616D6571007E00094C00076A6F625479706571007E000A4C00066D6574686F6471007E00094C00046F6E63657400134C6A6176612F6C616E672F426F6F6C65616E3B4C0006706172616D7371007E00094C000970726F6A656374496471007E000C4C000672656D61726B71007E00094C000772756E5479706571007E000A4C000673746174757371007E000A4C000674797065496471007E000C4C000A75706461746554696D6571007E000B4C00077570646174657271007E000C4C000776657273696F6E71007E000A78700074002164617461476F7665726E616E63654D65746164617461436F6C6C6563745461736B737200116A6176612E6C616E672E496E746567657212E2A0A4F781873802000149000576616C7565787200106A6176612E6C616E672E4E756D62657286AC951D0B94E08B0200007870000000007372000E6A6176612E7574696C2E44617465686A81014B59741903000078707708000001874FC7486878707071007E0012707372000E6A6176612E6C616E672E4C6F6E673B8BE490CC8F23DF0200014A000576616C75657871007E0011000000000000000574000F646174615F676F7665726E616E636574000F5B315DE6B58BE8AF95E98787E99B867371007E00100000000474000372756E737200116A6176612E6C616E672E426F6F6C65616ECD207280D59CFAEE0200015A000576616C7565787001740001317371007E00150000000000002712707071007E00127371007E001500000000000000017371007E001377080000018750619C3878707371007E0010000000057800);
INSERT INTO `QRTZ_JOB_DETAILS` VALUES ('SrtScheduler', 'TASK_NAME_6', 'data_governance', NULL, 'net.srt.quartz.utils.ScheduleDisallowConcurrentExecution', '0', '1', '0', '0', 0xACED0005737200156F72672E71756172747A2E4A6F62446174614D61709FB083E8BFA9B0CB020000787200266F72672E71756172747A2E7574696C732E537472696E674B65794469727479466C61674D61708208E8C3FBC55D280200015A0013616C6C6F77735472616E7369656E74446174617872001D6F72672E71756172747A2E7574696C732E4469727479466C61674D617013E62EAD28760ACE0200025A000564697274794C00036D617074000F4C6A6176612F7574696C2F4D61703B787001737200116A6176612E7574696C2E486173684D61700507DAC1C31660D103000246000A6C6F6164466163746F724900097468726573686F6C6478703F4000000000000C7708000000100000000174000D4A4F425F504152414D5F4B4559737200276E65742E7372742E71756172747A2E656E746974792E5363686564756C654A6F62456E7469747900000000000000010200175A0007736176654C6F674C00086265616E4E616D657400124C6A6176612F6C616E672F537472696E673B4C000A636F6E63757272656E747400134C6A6176612F6C616E672F496E74656765723B4C000A63726561746554696D657400104C6A6176612F7574696C2F446174653B4C000763726561746F727400104C6A6176612F6C616E672F4C6F6E673B4C000E63726F6E45787072657373696F6E71007E00094C000764656C6574656471007E000A4C0009657865637574654E6F71007E00094C0002696471007E000C4C00086A6F6247726F757071007E00094C00076A6F624E616D6571007E00094C00076A6F625479706571007E000A4C00066D6574686F6471007E00094C00046F6E63657400134C6A6176612F6C616E672F426F6F6C65616E3B4C0006706172616D7371007E00094C000970726F6A656374496471007E000C4C000672656D61726B71007E00094C000772756E5479706571007E000A4C000673746174757371007E000A4C000674797065496471007E000C4C000A75706461746554696D6571007E000B4C00077570646174657271007E000C4C000776657273696F6E71007E000A78700074002164617461476F7665726E616E63654D65746164617461436F6C6C6563745461736B737200116A6176612E6C616E672E496E746567657212E2A0A4F781873802000149000576616C7565787200106A6176612E6C616E672E4E756D62657286AC951D0B94E08B0200007870000000007372000E6A6176612E7574696C2E44617465686A81014B5974190300007870770800000187515DE62878707071007E0012707372000E6A6176612E6C616E672E4C6F6E673B8BE490CC8F23DF0200014A000576616C75657871007E0011000000000000000674000F646174615F676F7665726E616E63657400185B365DE4B8ADE58FB0E5BA93E98787E99B86E6B58BE8AF957371007E00100000000474000372756E737200116A6176612E6C616E672E426F6F6C65616ECD207280D59CFAEE0200015A000576616C7565787001740001367371007E00150000000000002712707071007E001271007E00167371007E0013770800000187544C920878707371007E0010000000027800);
INSERT INTO `QRTZ_JOB_DETAILS` VALUES ('SrtScheduler', 'TASK_NAME_7', 'data_governance', NULL, 'net.srt.quartz.utils.ScheduleDisallowConcurrentExecution', '0', '1', '0', '0', 0xACED0005737200156F72672E71756172747A2E4A6F62446174614D61709FB083E8BFA9B0CB020000787200266F72672E71756172747A2E7574696C732E537472696E674B65794469727479466C61674D61708208E8C3FBC55D280200015A0013616C6C6F77735472616E7369656E74446174617872001D6F72672E71756172747A2E7574696C732E4469727479466C61674D617013E62EAD28760ACE0200025A000564697274794C00036D617074000F4C6A6176612F7574696C2F4D61703B787001737200116A6176612E7574696C2E486173684D61700507DAC1C31660D103000246000A6C6F6164466163746F724900097468726573686F6C6478703F4000000000000C7708000000100000000174000D4A4F425F504152414D5F4B4559737200276E65742E7372742E71756172747A2E656E746974792E5363686564756C654A6F62456E7469747900000000000000010200175A0007736176654C6F674C00086265616E4E616D657400124C6A6176612F6C616E672F537472696E673B4C000A636F6E63757272656E747400134C6A6176612F6C616E672F496E74656765723B4C000A63726561746554696D657400104C6A6176612F7574696C2F446174653B4C000763726561746F727400104C6A6176612F6C616E672F4C6F6E673B4C000E63726F6E45787072657373696F6E71007E00094C000764656C6574656471007E000A4C0009657865637574654E6F71007E00094C0002696471007E000C4C00086A6F6247726F757071007E00094C00076A6F624E616D6571007E00094C00076A6F625479706571007E000A4C00066D6574686F6471007E00094C00046F6E63657400134C6A6176612F6C616E672F426F6F6C65616E3B4C0006706172616D7371007E00094C000970726F6A656374496471007E000C4C000672656D61726B71007E00094C000772756E5479706571007E000A4C000673746174757371007E000A4C000674797065496471007E000C4C000A75706461746554696D6571007E000B4C00077570646174657271007E000C4C000776657273696F6E71007E000A78700074002164617461476F7665726E616E63654D65746164617461436F6C6C6563745461736B737200116A6176612E6C616E672E496E746567657212E2A0A4F781873802000149000576616C7565787200106A6176612E6C616E672E4E756D62657286AC951D0B94E08B0200007870000000007372000E6A6176612E7574696C2E44617465686A81014B597419030000787077080000018751646E0878707071007E0012707372000E6A6176612E6C616E672E4C6F6E673B8BE490CC8F23DF0200014A000576616C75657871007E0011000000000000000774000F646174615F676F7665726E616E636574000F5B375D6F7261636C65E6B58BE8AF957371007E00100000000474000372756E737200116A6176612E6C616E672E426F6F6C65616ECD207280D59CFAEE0200015A000576616C7565787001740001377371007E00150000000000002712707071007E001271007E00167371007E001377080000018751FC02B878707371007E0010000000087800);
INSERT INTO `QRTZ_JOB_DETAILS` VALUES ('SrtScheduler', 'TASK_NAME_8', 'data_access', NULL, 'net.srt.quartz.utils.ScheduleDisallowConcurrentExecution', '0', '1', '0', '0', 0xACED0005737200156F72672E71756172747A2E4A6F62446174614D61709FB083E8BFA9B0CB020000787200266F72672E71756172747A2E7574696C732E537472696E674B65794469727479466C61674D61708208E8C3FBC55D280200015A0013616C6C6F77735472616E7369656E74446174617872001D6F72672E71756172747A2E7574696C732E4469727479466C61674D617013E62EAD28760ACE0200025A000564697274794C00036D617074000F4C6A6176612F7574696C2F4D61703B787001737200116A6176612E7574696C2E486173684D61700507DAC1C31660D103000246000A6C6F6164466163746F724900097468726573686F6C6478703F4000000000000C7708000000100000000174000D4A4F425F504152414D5F4B4559737200276E65742E7372742E71756172747A2E656E746974792E5363686564756C654A6F62456E7469747900000000000000010200175A0007736176654C6F674C00086265616E4E616D657400124C6A6176612F6C616E672F537472696E673B4C000A636F6E63757272656E747400134C6A6176612F6C616E672F496E74656765723B4C000A63726561746554696D657400104C6A6176612F7574696C2F446174653B4C000763726561746F727400104C6A6176612F6C616E672F4C6F6E673B4C000E63726F6E45787072657373696F6E71007E00094C000764656C6574656471007E000A4C0009657865637574654E6F71007E00094C0002696471007E000C4C00086A6F6247726F757071007E00094C00076A6F624E616D6571007E00094C00076A6F625479706571007E000A4C00066D6574686F6471007E00094C00046F6E63657400134C6A6176612F6C616E672F426F6F6C65616E3B4C0006706172616D7371007E00094C000970726F6A656374496471007E000C4C000672656D61726B71007E00094C000772756E5479706571007E000A4C000673746174757371007E000A4C000674797065496471007E000C4C000A75706461746554696D6571007E000B4C00077570646174657271007E000C4C000776657273696F6E71007E000A78700074000E646174614163636573735461736B737200116A6176612E6C616E672E496E746567657212E2A0A4F781873802000149000576616C7565787200106A6176612E6C616E672E4E756D62657286AC951D0B94E08B0200007870000000007372000E6A6176612E7574696C2E44617465686A81014B59741903000078707708000001875560E068787074000E302F3330202A202A202A202A203F71007E0012707372000E6A6176612E6C616E672E4C6F6E673B8BE490CC8F23DF0200014A000576616C75657871007E0011000000000000000874000B646174615F61636365737374001A5B3132303030395D6F7261636C65E695B4E5BA93E5908CE6ADA57371007E00100000000274000372756E737200116A6176612E6C616E672E426F6F6C65616ECD207280D59CFAEE0200015A000576616C75657870007400063132303030397371007E00160000000000002712707071007E00127371007E0016000000000001D4C97371007E001377080000018755772B70787071007E001A7800);
INSERT INTO `QRTZ_JOB_DETAILS` VALUES ('SrtScheduler', 'TASK_NAME_9', 'data_quality', NULL, 'net.srt.quartz.utils.ScheduleDisallowConcurrentExecution', '0', '1', '0', '0', 0xACED0005737200156F72672E71756172747A2E4A6F62446174614D61709FB083E8BFA9B0CB020000787200266F72672E71756172747A2E7574696C732E537472696E674B65794469727479466C61674D61708208E8C3FBC55D280200015A0013616C6C6F77735472616E7369656E74446174617872001D6F72672E71756172747A2E7574696C732E4469727479466C61674D617013E62EAD28760ACE0200025A000564697274794C00036D617074000F4C6A6176612F7574696C2F4D61703B787001737200116A6176612E7574696C2E486173684D61700507DAC1C31660D103000246000A6C6F6164466163746F724900097468726573686F6C6478703F4000000000000C7708000000100000000174000D4A4F425F504152414D5F4B4559737200276E65742E7372742E71756172747A2E656E746974792E5363686564756C654A6F62456E7469747900000000000000010200175A0007736176654C6F674C00086265616E4E616D657400124C6A6176612F6C616E672F537472696E673B4C000A636F6E63757272656E747400134C6A6176612F6C616E672F496E74656765723B4C000A63726561746554696D657400104C6A6176612F7574696C2F446174653B4C000763726561746F727400104C6A6176612F6C616E672F4C6F6E673B4C000E63726F6E45787072657373696F6E71007E00094C000764656C6574656471007E000A4C0009657865637574654E6F71007E00094C0002696471007E000C4C00086A6F6247726F757071007E00094C00076A6F624E616D6571007E00094C00076A6F625479706571007E000A4C00066D6574686F6471007E00094C00046F6E63657400134C6A6176612F6C616E672F426F6F6C65616E3B4C0006706172616D7371007E00094C000970726F6A656374496471007E000C4C000672656D61726B71007E00094C000772756E5479706571007E000A4C000673746174757371007E000A4C000674797065496471007E000C4C000A75706461746554696D6571007E000B4C00077570646174657271007E000C4C000776657273696F6E71007E000A78700074000F646174615175616C6974795461736B737200116A6176612E6C616E672E496E746567657212E2A0A4F781873802000149000576616C7565787200106A6176612E6C616E672E4E756D62657286AC951D0B94E08B0200007870000000007372000E6A6176612E7574696C2E44617465686A81014B5974190300007870770800000188ED8C02E0787074000071007E0012707372000E6A6176612E6C616E672E4C6F6E673B8BE490CC8F23DF0200014A000576616C75657871007E0011000000000000000974000C646174615F7175616C6974797400125B315DE6B58BE8AF95E594AFE4B880E680A77371007E00100000000574000372756E737200116A6176612E6C616E672E426F6F6C65616ECD207280D59CFAEE0200015A000576616C7565787001740001317371007E00160000000000002712707071007E00127371007E001600000000000000017371007E0013770800000188ED8C9B3878707371007E0010000000027800);

-- ----------------------------
-- Table structure for QRTZ_LOCKS
-- ----------------------------
DROP TABLE IF EXISTS `QRTZ_LOCKS`;
CREATE TABLE `QRTZ_LOCKS`  (
  `SCHED_NAME` varchar(120) CHARACTER SET utf8mb4 COLLATE utf8mb4_general_ci NOT NULL COMMENT '调度名称',
  `LOCK_NAME` varchar(40) CHARACTER SET utf8mb4 COLLATE utf8mb4_general_ci NOT NULL COMMENT '悲观锁名称',
  PRIMARY KEY (`SCHED_NAME`, `LOCK_NAME`) USING BTREE
) ENGINE = InnoDB CHARACTER SET = utf8mb4 COLLATE = utf8mb4_general_ci COMMENT = '存储的悲观锁信息表' ROW_FORMAT = DYNAMIC;

-- ----------------------------
-- Records of QRTZ_LOCKS
-- ----------------------------
INSERT INTO `QRTZ_LOCKS` VALUES ('SrtScheduler', 'STATE_ACCESS');
INSERT INTO `QRTZ_LOCKS` VALUES ('SrtScheduler', 'TRIGGER_ACCESS');

-- ----------------------------
-- Table structure for QRTZ_PAUSED_TRIGGER_GRPS
-- ----------------------------
DROP TABLE IF EXISTS `QRTZ_PAUSED_TRIGGER_GRPS`;
CREATE TABLE `QRTZ_PAUSED_TRIGGER_GRPS`  (
  `SCHED_NAME` varchar(120) CHARACTER SET utf8mb4 COLLATE utf8mb4_general_ci NOT NULL COMMENT '调度名称',
  `TRIGGER_GROUP` varchar(200) CHARACTER SET utf8mb4 COLLATE utf8mb4_general_ci NOT NULL COMMENT 'qrtz_triggers表trigger_group的外键',
  PRIMARY KEY (`SCHED_NAME`, `TRIGGER_GROUP`) USING BTREE
) ENGINE = InnoDB CHARACTER SET = utf8mb4 COLLATE = utf8mb4_general_ci COMMENT = '暂停的触发器表' ROW_FORMAT = DYNAMIC;

-- ----------------------------
-- Records of QRTZ_PAUSED_TRIGGER_GRPS
-- ----------------------------

-- ----------------------------
-- Table structure for QRTZ_SCHEDULER_STATE
-- ----------------------------
DROP TABLE IF EXISTS `QRTZ_SCHEDULER_STATE`;
CREATE TABLE `QRTZ_SCHEDULER_STATE`  (
  `SCHED_NAME` varchar(120) CHARACTER SET utf8mb4 COLLATE utf8mb4_general_ci NOT NULL COMMENT '调度名称',
  `INSTANCE_NAME` varchar(200) CHARACTER SET utf8mb4 COLLATE utf8mb4_general_ci NOT NULL COMMENT '实例名称',
  `LAST_CHECKIN_TIME` bigint(0) NOT NULL COMMENT '上次检查时间',
  `CHECKIN_INTERVAL` bigint(0) NOT NULL COMMENT '检查间隔时间',
  PRIMARY KEY (`SCHED_NAME`, `INSTANCE_NAME`) USING BTREE
) ENGINE = InnoDB CHARACTER SET = utf8mb4 COLLATE = utf8mb4_general_ci COMMENT = '调度器状态表' ROW_FORMAT = DYNAMIC;

-- ----------------------------
-- Records of QRTZ_SCHEDULER_STATE
-- ----------------------------
INSERT INTO `QRTZ_SCHEDULER_STATE` VALUES ('SrtScheduler', 'SLPK9A51711449044601', 1711449361332, 15000);

-- ----------------------------
-- Table structure for QRTZ_SIMPLE_TRIGGERS
-- ----------------------------
DROP TABLE IF EXISTS `QRTZ_SIMPLE_TRIGGERS`;
CREATE TABLE `QRTZ_SIMPLE_TRIGGERS`  (
  `SCHED_NAME` varchar(120) CHARACTER SET utf8mb4 COLLATE utf8mb4_general_ci NOT NULL COMMENT '调度名称',
  `TRIGGER_NAME` varchar(200) CHARACTER SET utf8mb4 COLLATE utf8mb4_general_ci NOT NULL COMMENT 'qrtz_triggers表trigger_name的外键',
  `TRIGGER_GROUP` varchar(200) CHARACTER SET utf8mb4 COLLATE utf8mb4_general_ci NOT NULL COMMENT 'qrtz_triggers表trigger_group的外键',
  `REPEAT_COUNT` bigint(0) NOT NULL COMMENT '重复的次数统计',
  `REPEAT_INTERVAL` bigint(0) NOT NULL COMMENT '重复的间隔时间',
  `TIMES_TRIGGERED` bigint(0) NOT NULL COMMENT '已经触发的次数',
  PRIMARY KEY (`SCHED_NAME`, `TRIGGER_NAME`, `TRIGGER_GROUP`) USING BTREE,
  CONSTRAINT `QRTZ_SIMPLE_TRIGGERS_IBFK_1` FOREIGN KEY (`SCHED_NAME`, `TRIGGER_NAME`, `TRIGGER_GROUP`) REFERENCES `QRTZ_TRIGGERS` (`SCHED_NAME`, `TRIGGER_NAME`, `TRIGGER_GROUP`) ON DELETE RESTRICT ON UPDATE RESTRICT
) ENGINE = InnoDB CHARACTER SET = utf8mb4 COLLATE = utf8mb4_general_ci COMMENT = '简单触发器的信息表' ROW_FORMAT = DYNAMIC;

-- ----------------------------
-- Records of QRTZ_SIMPLE_TRIGGERS
-- ----------------------------
INSERT INTO `QRTZ_SIMPLE_TRIGGERS` VALUES ('SrtScheduler', 'TASK_NAME_11', 'data_access', 0, 0, 0);
INSERT INTO `QRTZ_SIMPLE_TRIGGERS` VALUES ('SrtScheduler', 'TASK_NAME_12', 'data_access', 0, 0, 0);
INSERT INTO `QRTZ_SIMPLE_TRIGGERS` VALUES ('SrtScheduler', 'TASK_NAME_13', 'data_master', 0, 0, 0);
INSERT INTO `QRTZ_SIMPLE_TRIGGERS` VALUES ('SrtScheduler', 'TASK_NAME_15', 'data_access', 0, 0, 0);
INSERT INTO `QRTZ_SIMPLE_TRIGGERS` VALUES ('SrtScheduler', 'TASK_NAME_3', 'data_access', 0, 0, 0);
INSERT INTO `QRTZ_SIMPLE_TRIGGERS` VALUES ('SrtScheduler', 'TASK_NAME_5', 'data_governance', 0, 0, 0);
INSERT INTO `QRTZ_SIMPLE_TRIGGERS` VALUES ('SrtScheduler', 'TASK_NAME_6', 'data_governance', 0, 0, 0);
INSERT INTO `QRTZ_SIMPLE_TRIGGERS` VALUES ('SrtScheduler', 'TASK_NAME_7', 'data_governance', 0, 0, 0);
INSERT INTO `QRTZ_SIMPLE_TRIGGERS` VALUES ('SrtScheduler', 'TASK_NAME_9', 'data_quality', 0, 0, 0);

-- ----------------------------
-- Table structure for QRTZ_SIMPROP_TRIGGERS
-- ----------------------------
DROP TABLE IF EXISTS `QRTZ_SIMPROP_TRIGGERS`;
CREATE TABLE `QRTZ_SIMPROP_TRIGGERS`  (
  `SCHED_NAME` varchar(120) CHARACTER SET utf8mb4 COLLATE utf8mb4_general_ci NOT NULL COMMENT '调度名称',
  `TRIGGER_NAME` varchar(200) CHARACTER SET utf8mb4 COLLATE utf8mb4_general_ci NOT NULL COMMENT 'qrtz_triggers表trigger_name的外键',
  `TRIGGER_GROUP` varchar(200) CHARACTER SET utf8mb4 COLLATE utf8mb4_general_ci NOT NULL COMMENT 'qrtz_triggers表trigger_group的外键',
  `STR_PROP_1` varchar(512) CHARACTER SET utf8mb4 COLLATE utf8mb4_general_ci NULL DEFAULT NULL COMMENT 'String类型的trigger的第一个参数',
  `STR_PROP_2` varchar(512) CHARACTER SET utf8mb4 COLLATE utf8mb4_general_ci NULL DEFAULT NULL COMMENT 'String类型的trigger的第二个参数',
  `STR_PROP_3` varchar(512) CHARACTER SET utf8mb4 COLLATE utf8mb4_general_ci NULL DEFAULT NULL COMMENT 'String类型的trigger的第三个参数',
  `INT_PROP_1` int(0) NULL DEFAULT NULL COMMENT 'int类型的trigger的第一个参数',
  `INT_PROP_2` int(0) NULL DEFAULT NULL COMMENT 'int类型的trigger的第二个参数',
  `LONG_PROP_1` bigint(0) NULL DEFAULT NULL COMMENT 'long类型的trigger的第一个参数',
  `LONG_PROP_2` bigint(0) NULL DEFAULT NULL COMMENT 'long类型的trigger的第二个参数',
  `DEC_PROP_1` decimal(13, 4) NULL DEFAULT NULL COMMENT 'decimal类型的trigger的第一个参数',
  `DEC_PROP_2` decimal(13, 4) NULL DEFAULT NULL COMMENT 'decimal类型的trigger的第二个参数',
  `BOOL_PROP_1` varchar(1) CHARACTER SET utf8mb4 COLLATE utf8mb4_general_ci NULL DEFAULT NULL COMMENT 'Boolean类型的trigger的第一个参数',
  `BOOL_PROP_2` varchar(1) CHARACTER SET utf8mb4 COLLATE utf8mb4_general_ci NULL DEFAULT NULL COMMENT 'Boolean类型的trigger的第二个参数',
  PRIMARY KEY (`SCHED_NAME`, `TRIGGER_NAME`, `TRIGGER_GROUP`) USING BTREE,
  CONSTRAINT `QRTZ_SIMPROP_TRIGGERS_IBFK_1` FOREIGN KEY (`SCHED_NAME`, `TRIGGER_NAME`, `TRIGGER_GROUP`) REFERENCES `QRTZ_TRIGGERS` (`SCHED_NAME`, `TRIGGER_NAME`, `TRIGGER_GROUP`) ON DELETE RESTRICT ON UPDATE RESTRICT
) ENGINE = InnoDB CHARACTER SET = utf8mb4 COLLATE = utf8mb4_general_ci COMMENT = '同步机制的行锁表' ROW_FORMAT = DYNAMIC;

-- ----------------------------
-- Records of QRTZ_SIMPROP_TRIGGERS
-- ----------------------------

-- ----------------------------
-- Table structure for QRTZ_TRIGGERS
-- ----------------------------
DROP TABLE IF EXISTS `QRTZ_TRIGGERS`;
CREATE TABLE `QRTZ_TRIGGERS`  (
  `SCHED_NAME` varchar(120) CHARACTER SET utf8mb4 COLLATE utf8mb4_general_ci NOT NULL COMMENT '调度名称',
  `TRIGGER_NAME` varchar(200) CHARACTER SET utf8mb4 COLLATE utf8mb4_general_ci NOT NULL COMMENT '触发器的名字',
  `TRIGGER_GROUP` varchar(200) CHARACTER SET utf8mb4 COLLATE utf8mb4_general_ci NOT NULL COMMENT '触发器所属组的名字',
  `JOB_NAME` varchar(200) CHARACTER SET utf8mb4 COLLATE utf8mb4_general_ci NOT NULL COMMENT 'qrtz_job_details表job_name的外键',
  `JOB_GROUP` varchar(200) CHARACTER SET utf8mb4 COLLATE utf8mb4_general_ci NOT NULL COMMENT 'qrtz_job_details表job_group的外键',
  `DESCRIPTION` varchar(250) CHARACTER SET utf8mb4 COLLATE utf8mb4_general_ci NULL DEFAULT NULL COMMENT '相关介绍',
  `NEXT_FIRE_TIME` bigint(0) NULL DEFAULT NULL COMMENT '上一次触发时间（毫秒）',
  `PREV_FIRE_TIME` bigint(0) NULL DEFAULT NULL COMMENT '下一次触发时间（默认为-1表示不触发）',
  `PRIORITY` int(0) NULL DEFAULT NULL COMMENT '优先级',
  `TRIGGER_STATE` varchar(16) CHARACTER SET utf8mb4 COLLATE utf8mb4_general_ci NOT NULL COMMENT '触发器状态',
  `TRIGGER_TYPE` varchar(8) CHARACTER SET utf8mb4 COLLATE utf8mb4_general_ci NOT NULL COMMENT '触发器的类型',
  `START_TIME` bigint(0) NOT NULL COMMENT '开始时间',
  `END_TIME` bigint(0) NULL DEFAULT NULL COMMENT '结束时间',
  `CALENDAR_NAME` varchar(200) CHARACTER SET utf8mb4 COLLATE utf8mb4_general_ci NULL DEFAULT NULL COMMENT '日程表名称',
  `MISFIRE_INSTR` smallint(0) NULL DEFAULT NULL COMMENT '补偿执行的策略',
  `JOB_DATA` blob NULL COMMENT '存放持久化job对象',
  PRIMARY KEY (`SCHED_NAME`, `TRIGGER_NAME`, `TRIGGER_GROUP`) USING BTREE,
  INDEX `SCHED_NAME`(`SCHED_NAME`, `JOB_NAME`, `JOB_GROUP`) USING BTREE,
  CONSTRAINT `QRTZ_TRIGGERS_IBFK_1` FOREIGN KEY (`SCHED_NAME`, `JOB_NAME`, `JOB_GROUP`) REFERENCES `QRTZ_JOB_DETAILS` (`SCHED_NAME`, `JOB_NAME`, `JOB_GROUP`) ON DELETE RESTRICT ON UPDATE RESTRICT
) ENGINE = InnoDB CHARACTER SET = utf8mb4 COLLATE = utf8mb4_general_ci COMMENT = '触发器详细信息表' ROW_FORMAT = DYNAMIC;

-- ----------------------------
-- Records of QRTZ_TRIGGERS
-- ----------------------------
INSERT INTO `QRTZ_TRIGGERS` VALUES ('SrtScheduler', 'TASK_NAME_1', 'data_access', 'TASK_NAME_1', 'data_access', NULL, 1711448160000, -1, 5, 'PAUSED', 'CRON', 1711448153000, 0, NULL, 2, '');
INSERT INTO `QRTZ_TRIGGERS` VALUES ('SrtScheduler', 'TASK_NAME_10', 'data_quality', 'TASK_NAME_10', 'data_quality', NULL, 1711448160000, -1, 5, 'PAUSED', 'CRON', 1711448154000, 0, NULL, 2, '');
INSERT INTO `QRTZ_TRIGGERS` VALUES ('SrtScheduler', 'TASK_NAME_11', 'data_access', 'TASK_NAME_11', 'data_access', NULL, 1711448154156, -1, 5, 'PAUSED', 'SIMPLE', 1711448154156, 0, NULL, 0, '');
INSERT INTO `QRTZ_TRIGGERS` VALUES ('SrtScheduler', 'TASK_NAME_12', 'data_access', 'TASK_NAME_12', 'data_access', NULL, 1711448154181, -1, 5, 'PAUSED', 'SIMPLE', 1711448154181, 0, NULL, 0, '');
INSERT INTO `QRTZ_TRIGGERS` VALUES ('SrtScheduler', 'TASK_NAME_13', 'data_master', 'TASK_NAME_13', 'data_master', NULL, 1711448154216, -1, 5, 'PAUSED', 'SIMPLE', 1711448154216, 0, NULL, 0, '');
INSERT INTO `QRTZ_TRIGGERS` VALUES ('SrtScheduler', 'TASK_NAME_14', 'data_master', 'TASK_NAME_14', 'data_master', NULL, 1711448160000, -1, 5, 'PAUSED', 'CRON', 1711448154000, 0, NULL, 2, '');
INSERT INTO `QRTZ_TRIGGERS` VALUES ('SrtScheduler', 'TASK_NAME_15', 'data_access', 'TASK_NAME_15', 'data_access', NULL, 1711448154253, -1, 5, 'PAUSED', 'SIMPLE', 1711448154253, 0, NULL, 0, '');
INSERT INTO `QRTZ_TRIGGERS` VALUES ('SrtScheduler', 'TASK_NAME_2', 'data_production', 'TASK_NAME_2', 'data_production', NULL, 1711448160000, -1, 5, 'PAUSED', 'CRON', 1711448153000, 0, NULL, 2, '');
INSERT INTO `QRTZ_TRIGGERS` VALUES ('SrtScheduler', 'TASK_NAME_3', 'data_access', 'TASK_NAME_3', 'data_access', NULL, 1711448153882, -1, 5, 'PAUSED', 'SIMPLE', 1711448153882, 0, NULL, 0, '');
INSERT INTO `QRTZ_TRIGGERS` VALUES ('SrtScheduler', 'TASK_NAME_4', 'data_governance', 'TASK_NAME_4', 'data_governance', NULL, 1711448160000, -1, 5, 'PAUSED', 'CRON', 1711448153000, 0, NULL, 2, '');
INSERT INTO `QRTZ_TRIGGERS` VALUES ('SrtScheduler', 'TASK_NAME_5', 'data_governance', 'TASK_NAME_5', 'data_governance', NULL, 1711448153967, -1, 5, 'PAUSED', 'SIMPLE', 1711448153967, 0, NULL, 0, '');
INSERT INTO `QRTZ_TRIGGERS` VALUES ('SrtScheduler', 'TASK_NAME_6', 'data_governance', 'TASK_NAME_6', 'data_governance', NULL, 1711448154010, -1, 5, 'PAUSED', 'SIMPLE', 1711448154010, 0, NULL, 0, '');
INSERT INTO `QRTZ_TRIGGERS` VALUES ('SrtScheduler', 'TASK_NAME_7', 'data_governance', 'TASK_NAME_7', 'data_governance', NULL, 1711448154039, -1, 5, 'PAUSED', 'SIMPLE', 1711448154039, 0, NULL, 0, '');
INSERT INTO `QRTZ_TRIGGERS` VALUES ('SrtScheduler', 'TASK_NAME_8', 'data_access', 'TASK_NAME_8', 'data_access', NULL, 1711448160000, -1, 5, 'PAUSED', 'CRON', 1711448154000, 0, NULL, 2, '');
INSERT INTO `QRTZ_TRIGGERS` VALUES ('SrtScheduler', 'TASK_NAME_9', 'data_quality', 'TASK_NAME_9', 'data_quality', NULL, 1711448154092, -1, 5, 'PAUSED', 'SIMPLE', 1711448154092, 0, NULL, 0, '');

-- ----------------------------
-- Table structure for schedule_job
-- ----------------------------
DROP TABLE IF EXISTS `schedule_job`;
CREATE TABLE `schedule_job`  (
  `id` bigint(0) NOT NULL AUTO_INCREMENT COMMENT 'id',
  `project_id` bigint(0) NOT NULL COMMENT '项目（租户）id',
  `type_id` bigint(0) NULL DEFAULT NULL COMMENT '类型id',
  `job_type` int(0) NOT NULL DEFAULT 1 COMMENT '任务类型 1-自定义 2-数据接入 3-数据生产',
  `job_name` varchar(200) CHARACTER SET utf8mb4 COLLATE utf8mb4_0900_ai_ci NULL DEFAULT NULL COMMENT '名称',
  `job_group` varchar(100) CHARACTER SET utf8mb4 COLLATE utf8mb4_0900_ai_ci NULL DEFAULT NULL COMMENT '分组',
  `bean_name` varchar(200) CHARACTER SET utf8mb4 COLLATE utf8mb4_0900_ai_ci NULL DEFAULT NULL COMMENT 'spring bean名称',
  `method` varchar(100) CHARACTER SET utf8mb4 COLLATE utf8mb4_0900_ai_ci NULL DEFAULT NULL COMMENT '执行方法',
  `params` varchar(2000) CHARACTER SET utf8mb4 COLLATE utf8mb4_0900_ai_ci NULL DEFAULT NULL COMMENT '参数',
  `once` tinyint(1) NOT NULL DEFAULT 0 COMMENT '只一次',
  `cron_expression` varchar(100) CHARACTER SET utf8mb4 COLLATE utf8mb4_0900_ai_ci NULL DEFAULT NULL COMMENT 'cron表达式',
  `status` tinyint(0) UNSIGNED NULL DEFAULT NULL COMMENT '状态  0：暂停  1：正常',
  `concurrent` tinyint(0) UNSIGNED NULL DEFAULT NULL COMMENT '是否并发  0：禁止  1：允许',
  `remark` varchar(255) CHARACTER SET utf8mb4 COLLATE utf8mb4_0900_ai_ci NULL DEFAULT NULL COMMENT '备注',
  `version` int(0) NULL DEFAULT NULL COMMENT '版本号',
  `deleted` tinyint(0) NULL DEFAULT NULL COMMENT '删除标识  0：正常   1：已删除',
  `creator` bigint(0) NULL DEFAULT NULL COMMENT '创建者',
  `create_time` datetime(0) NULL DEFAULT NULL COMMENT '创建时间',
  `updater` bigint(0) NULL DEFAULT NULL COMMENT '更新者',
  `update_time` datetime(0) NULL DEFAULT NULL COMMENT '更新时间',
  PRIMARY KEY (`id`) USING BTREE
) ENGINE = InnoDB AUTO_INCREMENT = 16 CHARACTER SET = utf8mb4 COLLATE = utf8mb4_0900_ai_ci COMMENT = '定时任务' ROW_FORMAT = DYNAMIC;

-- ----------------------------
-- Records of schedule_job
-- ----------------------------
INSERT INTO `schedule_job` VALUES (1, 10002, 120008, 2, '[120008]人口数据-》中台库', 'data_access', 'dataAccessTask', 'run', '120008', 0, '0/30 * * * * ? *', 0, 0, NULL, NULL, 0, NULL, NULL, NULL, '2023-08-30 19:35:50');
INSERT INTO `schedule_job` VALUES (2, 10002, 1, 3, '[1]测试调度', 'data_production', 'dataProductionScheduleTask', 'run', '1', 0, '0/30 * * * * ? *', 0, 0, NULL, 1, 0, NULL, '2023-01-21 12:58:48', NULL, '2023-01-21 13:00:14');
INSERT INTO `schedule_job` VALUES (3, 10002, 120008, 2, '[120008]人口测试数据-》中台库', 'data_access', 'dataAccessTask', 'syncData', '120008', 1, '', 0, 0, NULL, 1, 0, NULL, '2023-01-21 15:11:38', NULL, '2023-01-21 17:03:47');
INSERT INTO `schedule_job` VALUES (4, 10002, 1, 4, '[1]测试采集', 'data_governance', 'dataGovernanceMetadataCollectTask', 'run', '1', 0, '0/30 * * * * ? *', 0, 0, NULL, 3, 0, NULL, '2023-04-05 12:25:50', NULL, '2023-04-08 12:44:44');
INSERT INTO `schedule_job` VALUES (5, 10002, 1, 4, '[1]测试采集', 'data_governance', 'dataGovernanceMetadataCollectTask', 'run', '1', 1, NULL, 0, 0, NULL, 5, 0, NULL, '2023-04-05 12:57:53', NULL, '2023-04-05 15:46:27');
INSERT INTO `schedule_job` VALUES (6, 10002, 6, 4, '[6]中台库采集测试', 'data_governance', 'dataGovernanceMetadataCollectTask', 'run', '6', 1, NULL, 0, 0, NULL, 2, 0, NULL, '2023-04-05 20:22:01', NULL, '2023-04-06 10:01:57');
INSERT INTO `schedule_job` VALUES (7, 10002, 7, 4, '[7]oracle测试', 'data_governance', 'dataGovernanceMetadataCollectTask', 'run', '7', 1, NULL, 0, 0, NULL, 8, 0, NULL, '2023-04-05 20:29:09', NULL, '2023-04-05 23:14:43');
INSERT INTO `schedule_job` VALUES (8, 10002, 120009, 2, '[120009]oracle整库同步', 'data_access', 'dataAccessTask', 'run', '120009', 0, '0/30 * * * * ?', 0, 0, NULL, 2, 0, NULL, '2023-04-06 15:03:45', NULL, '2023-04-06 15:28:06');
INSERT INTO `schedule_job` VALUES (9, 10002, 1, 5, '[1]测试唯一性', 'data_quality', 'dataQualityTask', 'run', '1', 1, '', 0, 0, NULL, 2, 0, NULL, '2023-06-24 21:15:56', NULL, '2023-06-24 21:16:35');
INSERT INTO `schedule_job` VALUES (10, 10002, 3, 5, '[3]测试手机号', 'data_quality', 'dataQualityTask', 'run', '3', 0, '0/30 * * * * ? *', 0, 0, NULL, 1, 0, NULL, '2023-06-25 16:16:38', NULL, '2023-06-25 16:18:22');
INSERT INTO `schedule_job` VALUES (11, 10002, 120012, 2, '[120012]oracle->doris', 'data_access', 'dataAccessTask', 'run', '120012', 1, '', 0, 0, NULL, 1, 0, NULL, '2023-06-26 22:10:59', NULL, '2023-06-26 22:10:59');
INSERT INTO `schedule_job` VALUES (12, 10002, 120010, 2, '[120010]oracle-》mysql', 'data_access', 'dataAccessTask', 'run', '120010', 1, '', 0, 0, NULL, 1, 0, NULL, '2023-06-26 22:11:03', NULL, '2023-06-26 22:11:03');
INSERT INTO `schedule_job` VALUES (13, 10002, 7, 6, '[7]测试db派发test_table', 'data_master', 'dataMasterDistributeTask', 'run', '7', 1, NULL, 0, 0, NULL, 1, 0, NULL, '2023-10-12 20:23:12', NULL, '2023-10-12 20:23:12');
INSERT INTO `schedule_job` VALUES (14, 10002, 6, 6, '[6]测试api派发', 'data_master', 'dataMasterDistributeTask', 'run', '6', 0, '0/10 * * * * ?', 0, 0, NULL, 2, 0, NULL, '2023-10-12 20:50:20', NULL, '2023-10-12 20:57:32');
INSERT INTO `schedule_job` VALUES (15, 10009, 120020, 2, '[120020]大数据量同步', 'data_access', 'dataAccessTask', 'run', '{\"dataAccessId\":120020,\"runType\":1,\"executeNo\":null}', 1, '', 0, 0, NULL, 4, 0, NULL, '2023-11-16 22:13:33', NULL, '2023-11-17 00:24:43');

-- ----------------------------
-- Table structure for schedule_job_log
-- ----------------------------
DROP TABLE IF EXISTS `schedule_job_log`;
CREATE TABLE `schedule_job_log`  (
  `id` bigint(0) NOT NULL AUTO_INCREMENT COMMENT 'id',
  `project_id` bigint(0) NOT NULL COMMENT '项目（租户）id',
  `type_id` bigint(0) NULL DEFAULT NULL COMMENT '类型id',
  `job_type` int(0) NOT NULL COMMENT '任务类型 1-自定义 2-数据接入 3-数据生产调度',
  `job_id` bigint(0) NOT NULL COMMENT '任务id',
  `job_name` varchar(200) CHARACTER SET utf8mb4 COLLATE utf8mb4_0900_ai_ci NULL DEFAULT NULL COMMENT '任务名称',
  `job_group` varchar(100) CHARACTER SET utf8mb4 COLLATE utf8mb4_0900_ai_ci NULL DEFAULT NULL COMMENT '任务组名',
  `bean_name` varchar(200) CHARACTER SET utf8mb4 COLLATE utf8mb4_0900_ai_ci NULL DEFAULT NULL COMMENT 'spring bean名称',
  `method` varchar(100) CHARACTER SET utf8mb4 COLLATE utf8mb4_0900_ai_ci NULL DEFAULT NULL COMMENT '执行方法',
  `params` varchar(2000) CHARACTER SET utf8mb4 COLLATE utf8mb4_0900_ai_ci NULL DEFAULT NULL COMMENT '参数',
  `status` tinyint(0) UNSIGNED NOT NULL COMMENT '任务状态    0：失败    1：成功',
  `error` text CHARACTER SET utf8mb4 COLLATE utf8mb4_0900_ai_ci NULL COMMENT '异常信息',
  `times` bigint(0) NOT NULL COMMENT '耗时(单位：毫秒)',
  `create_time` datetime(0) NULL DEFAULT NULL COMMENT '创建时间',
  PRIMARY KEY (`id`) USING BTREE,
  INDEX `idx_job_id`(`job_id`) USING BTREE
) ENGINE = InnoDB AUTO_INCREMENT = 64 CHARACTER SET = utf8mb4 COLLATE = utf8mb4_0900_ai_ci COMMENT = '定时任务日志' ROW_FORMAT = DYNAMIC;

-- ----------------------------
-- Records of schedule_job_log
-- ----------------------------
INSERT INTO `schedule_job_log` VALUES (1, 10002, 120008, 2, 1, '[120008]人口测试数据-》中台库', 'data_access', 'dataAccessTask', 'syncData', '120008', 1, NULL, 1806, '2023-01-20 14:10:32');
INSERT INTO `schedule_job_log` VALUES (2, 10002, 120008, 2, 1, '[120008]人口测试数据-》中台库', 'data_access', 'dataAccessTask', 'syncData', '120008', 1, NULL, 354, '2023-01-20 14:11:00');
INSERT INTO `schedule_job_log` VALUES (3, 10002, 120008, 2, 1, '[120008]人口测试数据-》中台库', 'data_access', 'dataAccessTask', 'syncData', '120008', 1, NULL, 1397, '2023-01-20 14:11:31');
INSERT INTO `schedule_job_log` VALUES (4, 10002, 120008, 2, 1, '[120008]人口测试数据-》中台库', 'data_access', 'dataAccessTask', 'syncData', '120008', 1, NULL, 1949, '2023-01-20 16:06:18');
INSERT INTO `schedule_job_log` VALUES (5, 10002, 120008, 2, 1, '[120008]人口测试数据-》中台库', 'data_access', 'dataAccessTask', 'syncData', '120008', 1, NULL, 553, '2023-01-20 16:10:42');
INSERT INTO `schedule_job_log` VALUES (6, 10002, 120008, 2, 1, '[120008]人口测试数据-》中台库', 'data_access', 'dataAccessTask', 'syncData', '120008', 1, NULL, 513, '2023-01-20 16:11:01');
INSERT INTO `schedule_job_log` VALUES (7, 10002, 120008, 2, 1, '[120008]人口测试数据-》中台库', 'data_access', 'dataAccessTask', 'syncData', '120008', 1, NULL, 571, '2023-01-20 16:11:41');
INSERT INTO `schedule_job_log` VALUES (8, 10002, 120008, 2, 1, '[120008]人口测试数据-》中台库', 'data_access', 'dataAccessTask', 'syncData', '120008', 1, NULL, 794, '2023-01-20 16:35:34');
INSERT INTO `schedule_job_log` VALUES (9, 10002, 120008, 2, 1, '[120008]人口测试数据-》中台库', 'data_access', 'dataAccessTask', 'syncData', '120008', 1, NULL, 658, '2023-01-20 16:36:44');
INSERT INTO `schedule_job_log` VALUES (10, 10002, 120008, 2, 1, '[120008]人口测试数据-》中台库', 'data_access', 'dataAccessTask', 'syncData', '120008', 1, NULL, 2172, '2023-01-21 12:26:40');
INSERT INTO `schedule_job_log` VALUES (11, 10002, 120008, 2, 1, '[120008]人口测试数据-》中台库', 'data_access', 'dataAccessTask', 'syncData', '120008', 1, NULL, 1371, '2023-01-21 12:28:02');
INSERT INTO `schedule_job_log` VALUES (12, 10002, 120008, 2, 1, '[120008]人口测试数据-》中台库', 'data_access', 'dataAccessTask', 'syncData', '120008', 1, NULL, 737, '2023-01-21 12:28:31');
INSERT INTO `schedule_job_log` VALUES (13, 10002, 1, 3, 2, '[1]测试调度', 'data_production', 'dataProductionScheduleTask', 'run', '1', 1, NULL, 15125, '2023-01-21 12:59:15');
INSERT INTO `schedule_job_log` VALUES (14, 10002, 1, 3, 2, '[1]测试调度', 'data_production', 'dataProductionScheduleTask', 'run', '1', 1, NULL, 5062, '2023-01-21 12:59:35');
INSERT INTO `schedule_job_log` VALUES (15, 10002, 1, 3, 2, '[1]测试调度', 'data_production', 'dataProductionScheduleTask', 'run', '1', 1, NULL, 5070, '2023-01-21 13:00:05');
INSERT INTO `schedule_job_log` VALUES (16, 10002, 120008, 2, 1, '[120008]人口测试数据-》中台库', 'data_access', 'dataAccessTask', 'syncData', '120008', 1, NULL, 991, '2023-01-21 14:51:01');
INSERT INTO `schedule_job_log` VALUES (17, 10002, 120008, 2, 1, '[120008]人口测试数据-》中台库', 'data_access', 'dataAccessTask', 'syncData', '120008', 1, NULL, 538, '2023-01-21 14:51:31');
INSERT INTO `schedule_job_log` VALUES (18, 10002, 120008, 2, 1, '[120008]人口测试数据-》中台库', 'data_access', 'dataAccessTask', 'syncData', '120008', 1, NULL, 560, '2023-01-21 14:52:01');
INSERT INTO `schedule_job_log` VALUES (19, 10002, 120008, 2, 1, '[120008]人口测试数据-》中台库', 'data_access', 'dataAccessTask', 'syncData', '120008', 1, NULL, 775, '2023-01-21 14:53:01');
INSERT INTO `schedule_job_log` VALUES (20, 10002, 120008, 2, 1, '[120008]人口测试数据-》中台库', 'data_access', 'dataAccessTask', 'syncData', '120008', 1, NULL, 524, '2023-01-21 14:53:31');
INSERT INTO `schedule_job_log` VALUES (21, 10002, 120008, 2, 1, '[120008]人口测试数据-》中台库', 'data_access', 'dataAccessTask', 'syncData', '120008', 1, NULL, 779, '2023-01-21 14:54:01');
INSERT INTO `schedule_job_log` VALUES (22, 10002, 120008, 2, 1, '[120008]人口测试数据-》中台库', 'data_access', 'dataAccessTask', 'syncData', '120008', 1, NULL, 819, '2023-01-21 14:54:31');
INSERT INTO `schedule_job_log` VALUES (23, 10002, 120008, 2, 1, '[120008]人口测试数据-》中台库', 'data_access', 'dataAccessTask', 'syncData', '120008', 1, NULL, 439, '2023-01-21 14:55:00');
INSERT INTO `schedule_job_log` VALUES (24, 10002, 120008, 2, 1, '[120008]人口测试数据-》中台库', 'data_access', 'dataAccessTask', 'syncData', '120008', 1, NULL, 479, '2023-01-21 14:56:31');
INSERT INTO `schedule_job_log` VALUES (25, 10002, 120008, 2, 3, '[120008]人口测试数据-》中台库', 'data_access', 'dataAccessTask', 'syncData', '120008', 1, NULL, 682, '2023-01-21 15:11:39');
INSERT INTO `schedule_job_log` VALUES (26, 10002, 120008, 2, 3, '[120008]人口测试数据-》中台库', 'data_access', 'dataAccessTask', 'syncData', '120008', 1, NULL, 542, '2023-01-21 17:03:00');
INSERT INTO `schedule_job_log` VALUES (27, 10002, 120008, 2, 1, '[120008]人口测试数据-》中台库', 'data_access', 'dataAccessTask', 'syncData', '120008', 1, NULL, 537, '2023-01-21 17:04:31');
INSERT INTO `schedule_job_log` VALUES (28, 10002, 120008, 2, 1, '[120008]人口测试数据-》中台库', 'data_access', 'dataAccessTask', 'syncData', '120008', 1, NULL, 1721, '2023-01-22 20:47:02');
INSERT INTO `schedule_job_log` VALUES (29, 10002, 120008, 2, 1, '[120008]人口测试数据-》中台库', 'data_access', 'dataAccessTask', 'syncData', '120008', 1, NULL, 1023, '2023-01-22 20:47:31');
INSERT INTO `schedule_job_log` VALUES (30, 10002, 120008, 2, 1, '[120008]人口测试数据-》中台库', 'data_access', 'dataAccessTask', 'syncData', '120008', 1, NULL, 848, '2023-01-22 20:48:01');
INSERT INTO `schedule_job_log` VALUES (31, 10002, 1, 4, 5, '[1]测试采集', 'data_governance', 'dataGovernanceMetadataCollectTask', 'run', '1', 1, NULL, 4069, '2023-04-05 12:57:57');
INSERT INTO `schedule_job_log` VALUES (32, 10002, 1, 4, 5, '[1]测试采集', 'data_governance', 'dataGovernanceMetadataCollectTask', 'run', '1', 1, NULL, 4221, '2023-04-05 13:11:34');
INSERT INTO `schedule_job_log` VALUES (33, 10002, 1, 4, 5, '[1]测试采集', 'data_governance', 'dataGovernanceMetadataCollectTask', 'run', '1', 1, NULL, 3640, '2023-04-05 13:16:59');
INSERT INTO `schedule_job_log` VALUES (34, 10002, 1, 4, 5, '[1]测试采集', 'data_governance', 'dataGovernanceMetadataCollectTask', 'run', '1', 1, NULL, 3214, '2023-04-05 13:18:20');
INSERT INTO `schedule_job_log` VALUES (35, 10002, 1, 4, 5, '[1]测试采集', 'data_governance', 'dataGovernanceMetadataCollectTask', 'run', '1', 1, NULL, 4004, '2023-04-05 15:45:26');
INSERT INTO `schedule_job_log` VALUES (36, 10002, 6, 4, 6, '[6]中台库采集测试', 'data_governance', 'dataGovernanceMetadataCollectTask', 'run', '6', 1, NULL, 2554, '2023-04-05 20:22:03');
INSERT INTO `schedule_job_log` VALUES (37, 10002, 7, 4, 7, '[7]oracle测试', 'data_governance', 'dataGovernanceMetadataCollectTask', 'run', '7', 1, NULL, 4613576, '2023-04-05 21:46:02');
INSERT INTO `schedule_job_log` VALUES (38, 10002, 6, 4, 6, '[6]中台库采集测试', 'data_governance', 'dataGovernanceMetadataCollectTask', 'run', '6', 1, NULL, 2357, '2023-04-06 10:01:48');
INSERT INTO `schedule_job_log` VALUES (39, 10002, 120008, 2, 1, '[120008]人口测试数据-》中台库', 'data_access', 'dataAccessTask', 'run', '120008', 1, NULL, 668, '2023-04-06 14:48:01');
INSERT INTO `schedule_job_log` VALUES (40, 10002, 120008, 2, 1, '[120008]人口测试数据-》中台库', 'data_access', 'dataAccessTask', 'run', '120008', 1, NULL, 242, '2023-04-06 14:48:30');
INSERT INTO `schedule_job_log` VALUES (41, 10002, 120009, 2, 8, '[120009]oracle整库同步', 'data_access', 'dataAccessTask', 'run', '120009', 1, NULL, 756177, '2023-04-06 15:16:36');
INSERT INTO `schedule_job_log` VALUES (42, 10002, 1, 4, 4, '[1]测试采集', 'data_governance', 'dataGovernanceMetadataCollectTask', 'run', '1', 1, NULL, 4127, '2023-04-06 16:30:04');
INSERT INTO `schedule_job_log` VALUES (43, 10002, 1, 4, 4, '[1]测试采集', 'data_governance', 'dataGovernanceMetadataCollectTask', 'run', '1', 1, NULL, 3934, '2023-04-06 16:30:34');
INSERT INTO `schedule_job_log` VALUES (44, 10002, 1, 4, 4, '[1]测试采集', 'data_governance', 'dataGovernanceMetadataCollectTask', 'run', '1', 1, NULL, 4633, '2023-04-08 12:44:05');
INSERT INTO `schedule_job_log` VALUES (45, 10002, 1, 4, 4, '[1]测试采集', 'data_governance', 'dataGovernanceMetadataCollectTask', 'run', '1', 1, NULL, 4590, '2023-04-08 12:44:35');
INSERT INTO `schedule_job_log` VALUES (46, 10002, 1, 5, 9, '[1]测试唯一性', 'data_quality', 'dataQualityTask', 'run', '1', 1, NULL, 429, '2023-06-24 21:15:56');
INSERT INTO `schedule_job_log` VALUES (47, 10002, 1, 5, 9, '[1]测试唯一性', 'data_quality', 'dataQualityTask', 'run', '1', 1, NULL, 361, '2023-06-24 21:16:31');
INSERT INTO `schedule_job_log` VALUES (48, 10002, 3, 5, 10, '[3]测试手机号', 'data_quality', 'dataQualityTask', 'run', '3', 1, NULL, 174, '2023-06-25 16:17:00');
INSERT INTO `schedule_job_log` VALUES (49, 10002, 3, 5, 10, '[3]测试手机号', 'data_quality', 'dataQualityTask', 'run', '3', 1, NULL, 136, '2023-06-25 16:17:30');
INSERT INTO `schedule_job_log` VALUES (50, 10002, 3, 5, 10, '[3]测试手机号', 'data_quality', 'dataQualityTask', 'run', '3', 1, NULL, 159, '2023-06-25 16:18:00');
INSERT INTO `schedule_job_log` VALUES (51, 10002, 120010, 2, 12, '[120010]oracle-》mysql', 'data_access', 'dataAccessTask', 'run', '120010', 0, 'java.lang.reflect.InvocationTargetException\r\n	at sun.reflect.NativeMethodAccessorImpl.invoke0(Native Method)\r\n	at sun.reflect.NativeMethodAccessorImpl.invoke(NativeMethodAccessorImpl.java:62)\r\n	at sun.reflect.DelegatingMethodAccessorImpl.invoke(DelegatingMethodAccessorImpl.java:43)\r\n	at java.lang.reflect.Method.invoke(Method.java:498)\r\n	at net.srt.quartz.utils.AbstractScheduleJob.doExecute(AbstractScheduleJob.java:65)\r\n	at net.srt.quartz.utils.AbstractScheduleJob.execute(AbstractScheduleJob.java:45)\r\n	at org.quartz.core.JobRunShell.run(JobRunShell.java:202)\r\n	at org.quartz.simpl.SimpleThreadPool$WorkerThread.run(SimpleThreadPool.java:573)\r\nCaused by: java.lang.NullPointerException\r\n	at net.srt.quartz.task.DataAccessTask.run(DataAccessTask.java:82)\r\n	... 8 more\r\n', 406, '2023-07-21 10:02:02');
INSERT INTO `schedule_job_log` VALUES (52, 10002, 120008, 2, 1, '[120008]人口数据-》中台库', 'data_access', 'dataAccessTask', 'run', '120008', 1, NULL, 16582, '2023-08-02 15:03:17');
INSERT INTO `schedule_job_log` VALUES (53, 10002, 120008, 2, 1, '[120008]人口数据-》中台库', 'data_access', 'dataAccessTask', 'run', '120008', 1, NULL, 2297, '2023-08-02 15:03:32');
INSERT INTO `schedule_job_log` VALUES (54, 10002, 120008, 2, 1, '[120008]人口数据-》中台库', 'data_access', 'dataAccessTask', 'run', '120008', 1, NULL, 10406, '2023-08-30 19:35:40');
INSERT INTO `schedule_job_log` VALUES (55, 10002, 6, 6, 14, '[6]测试api派发', 'data_master', 'dataMasterDistributeTask', 'run', '6', 1, NULL, 103, '2023-10-12 20:50:20');
INSERT INTO `schedule_job_log` VALUES (56, 10002, 6, 6, 14, '[6]测试api派发', 'data_master', 'dataMasterDistributeTask', 'run', '6', 1, NULL, 78, '2023-10-12 20:50:30');
INSERT INTO `schedule_job_log` VALUES (57, 10002, 6, 6, 14, '[6]测试api派发', 'data_master', 'dataMasterDistributeTask', 'run', '6', 1, NULL, 70, '2023-10-12 20:50:40');
INSERT INTO `schedule_job_log` VALUES (58, 10002, 6, 6, 14, '[6]测试api派发', 'data_master', 'dataMasterDistributeTask', 'run', '6', 1, NULL, 69, '2023-10-12 20:50:50');
INSERT INTO `schedule_job_log` VALUES (59, 10002, 6, 6, 14, '[6]测试api派发', 'data_master', 'dataMasterDistributeTask', 'run', '6', 1, NULL, 72, '2023-10-12 20:51:00');
INSERT INTO `schedule_job_log` VALUES (60, 10002, 6, 6, 14, '[6]测试api派发', 'data_master', 'dataMasterDistributeTask', 'run', '6', 1, NULL, 69, '2023-10-12 20:51:10');
INSERT INTO `schedule_job_log` VALUES (61, 10002, 6, 6, 14, '[6]测试api派发', 'data_master', 'dataMasterDistributeTask', 'run', '6', 1, NULL, 74, '2023-10-12 20:57:30');
INSERT INTO `schedule_job_log` VALUES (62, 10009, 120020, 2, 15, '[120020]大数据量同步', 'data_access', 'dataAccessTask', 'run', '{\"dataAccessId\":120020,\"runType\":1,\"executeNo\":null}', 1, NULL, 3706, '2023-11-17 00:06:56');
INSERT INTO `schedule_job_log` VALUES (63, 10009, 120020, 2, 15, '[120020]大数据量同步', 'data_access', 'dataAccessTask', 'run', '{\"dataAccessId\":120020,\"runType\":1,\"executeNo\":null}', 1, NULL, 28914, '2023-11-17 00:07:52');

-- ----------------------------
-- Table structure for sms_log
-- ----------------------------
DROP TABLE IF EXISTS `sms_log`;
CREATE TABLE `sms_log`  (
  `id` bigint(0) NOT NULL AUTO_INCREMENT COMMENT 'id',
  `platform_id` bigint(0) NULL DEFAULT NULL COMMENT '平台ID',
  `platform` tinyint(0) NULL DEFAULT NULL COMMENT '平台类型',
  `mobile` varchar(20) CHARACTER SET utf8mb4 COLLATE utf8mb4_0900_ai_ci NOT NULL COMMENT '手机号',
  `params` varchar(200) CHARACTER SET utf8mb4 COLLATE utf8mb4_0900_ai_ci NULL DEFAULT NULL COMMENT '参数',
  `status` tinyint(0) NULL DEFAULT NULL COMMENT '状态  0：失败   1：成功',
  `error` varchar(2000) CHARACTER SET utf8mb4 COLLATE utf8mb4_0900_ai_ci NULL DEFAULT NULL COMMENT '异常信息',
  `create_time` datetime(0) NULL DEFAULT NULL COMMENT '创建时间',
  PRIMARY KEY (`id`) USING BTREE
) ENGINE = InnoDB CHARACTER SET = utf8mb4 COLLATE = utf8mb4_0900_ai_ci COMMENT = '短信日志' ROW_FORMAT = DYNAMIC;

-- ----------------------------
-- Records of sms_log
-- ----------------------------

-- ----------------------------
-- Table structure for sms_platform
-- ----------------------------
DROP TABLE IF EXISTS `sms_platform`;
CREATE TABLE `sms_platform`  (
  `id` bigint(0) NOT NULL AUTO_INCREMENT COMMENT 'id',
  `platform` tinyint(0) NULL DEFAULT NULL COMMENT '平台类型  0：阿里云   1：腾讯云   2：七牛云   3：华为云',
  `sign_name` varchar(100) CHARACTER SET utf8mb4 COLLATE utf8mb4_0900_ai_ci NOT NULL COMMENT '短信签名',
  `template_id` varchar(100) CHARACTER SET utf8mb4 COLLATE utf8mb4_0900_ai_ci NOT NULL COMMENT '短信模板',
  `app_id` varchar(100) CHARACTER SET utf8mb4 COLLATE utf8mb4_0900_ai_ci NOT NULL COMMENT '短信应用ID，如：腾讯云等',
  `sender_id` varchar(100) CHARACTER SET utf8mb4 COLLATE utf8mb4_0900_ai_ci NOT NULL COMMENT '腾讯云国际短信、华为云等需要',
  `url` varchar(200) CHARACTER SET utf8mb4 COLLATE utf8mb4_0900_ai_ci NOT NULL COMMENT '接入地址，如：华为云',
  `access_key` varchar(100) CHARACTER SET utf8mb4 COLLATE utf8mb4_0900_ai_ci NULL DEFAULT NULL COMMENT 'AccessKey',
  `secret_key` varchar(100) CHARACTER SET utf8mb4 COLLATE utf8mb4_0900_ai_ci NULL DEFAULT NULL COMMENT 'SecretKey',
  `status` tinyint(0) NULL DEFAULT NULL COMMENT '状态  0：禁用   1：启用',
  `version` int(0) NULL DEFAULT NULL COMMENT '版本号',
  `deleted` tinyint(0) NULL DEFAULT NULL COMMENT '删除标识  0：正常   1：已删除',
  `creator` bigint(0) NULL DEFAULT NULL COMMENT '创建者',
  `create_time` datetime(0) NULL DEFAULT NULL COMMENT '创建时间',
  `updater` bigint(0) NULL DEFAULT NULL COMMENT '更新者',
  `update_time` datetime(0) NULL DEFAULT NULL COMMENT '更新时间',
  PRIMARY KEY (`id`) USING BTREE
) ENGINE = InnoDB CHARACTER SET = utf8mb4 COLLATE = utf8mb4_0900_ai_ci COMMENT = '短信平台' ROW_FORMAT = DYNAMIC;

-- ----------------------------
-- Records of sms_platform
-- ----------------------------

-- ----------------------------
-- Table structure for sys_attachment
-- ----------------------------
DROP TABLE IF EXISTS `sys_attachment`;
CREATE TABLE `sys_attachment`  (
  `id` bigint(0) NOT NULL AUTO_INCREMENT COMMENT 'id',
  `name` varchar(255) CHARACTER SET utf8mb4 COLLATE utf8mb4_0900_ai_ci NOT NULL COMMENT '附件名称',
  `url` varchar(255) CHARACTER SET utf8mb4 COLLATE utf8mb4_0900_ai_ci NOT NULL COMMENT '附件地址',
  `size` bigint(0) NULL DEFAULT NULL COMMENT '附件大小',
  `platform` varchar(50) CHARACTER SET utf8mb4 COLLATE utf8mb4_0900_ai_ci NULL DEFAULT NULL COMMENT '存储平台',
  `version` int(0) NULL DEFAULT NULL COMMENT '版本号',
  `deleted` tinyint(0) NULL DEFAULT NULL COMMENT '删除标识  0：正常   1：已删除',
  `creator` bigint(0) NULL DEFAULT NULL COMMENT '创建者',
  `create_time` datetime(0) NULL DEFAULT NULL COMMENT '创建时间',
  `updater` bigint(0) NULL DEFAULT NULL COMMENT '更新者',
  `update_time` datetime(0) NULL DEFAULT NULL COMMENT '更新时间',
  PRIMARY KEY (`id`) USING BTREE
) ENGINE = InnoDB AUTO_INCREMENT = 2 CHARACTER SET = utf8mb4 COLLATE = utf8mb4_0900_ai_ci COMMENT = '附件管理' ROW_FORMAT = DYNAMIC;

-- ----------------------------
-- Records of sys_attachment
-- ----------------------------
INSERT INTO `sys_attachment` VALUES (1, '调度配置.png', 'http://localhost:8080/sys/upload/20221028/调度配置_59019.png', 68077, 'LOCAL', 0, 1, 10000, '2022-10-28 16:23:40', 10000, '2022-10-28 16:29:22');

-- ----------------------------
-- Table structure for sys_dict_data
-- ----------------------------
DROP TABLE IF EXISTS `sys_dict_data`;
CREATE TABLE `sys_dict_data`  (
  `id` bigint(0) NOT NULL AUTO_INCREMENT COMMENT 'id',
  `dict_type_id` bigint(0) NOT NULL COMMENT '字典类型ID',
  `dict_label` varchar(255) CHARACTER SET utf8mb4 COLLATE utf8mb4_0900_ai_ci NOT NULL COMMENT '字典标签',
  `dict_value` varchar(255) CHARACTER SET utf8mb4 COLLATE utf8mb4_0900_ai_ci NULL DEFAULT NULL COMMENT '字典值',
  `remark` varchar(255) CHARACTER SET utf8mb4 COLLATE utf8mb4_0900_ai_ci NULL DEFAULT NULL COMMENT '备注',
  `sort` int(0) NULL DEFAULT NULL COMMENT '排序',
  `version` int(0) NULL DEFAULT NULL COMMENT '版本号',
  `deleted` tinyint(0) NULL DEFAULT NULL COMMENT '删除标识  0：正常   1：已删除',
  `creator` bigint(0) NULL DEFAULT NULL COMMENT '创建者',
  `create_time` datetime(0) NULL DEFAULT NULL COMMENT '创建时间',
  `updater` bigint(0) NULL DEFAULT NULL COMMENT '更新者',
  `update_time` datetime(0) NULL DEFAULT NULL COMMENT '更新时间',
  PRIMARY KEY (`id`) USING BTREE
) ENGINE = InnoDB AUTO_INCREMENT = 207 CHARACTER SET = utf8mb4 COLLATE = utf8mb4_0900_ai_ci COMMENT = '字典数据' ROW_FORMAT = DYNAMIC;

-- ----------------------------
-- Records of sys_dict_data
-- ----------------------------
INSERT INTO `sys_dict_data` VALUES (1, 1, '停用', '0', '', 1, 0, 0, 10000, '2022-09-27 11:01:26', 10000, '2022-09-27 11:01:26');
INSERT INTO `sys_dict_data` VALUES (2, 1, '正常', '1', '', 0, 0, 0, 10000, '2022-09-27 11:01:26', 10000, '2022-09-27 11:01:26');
INSERT INTO `sys_dict_data` VALUES (3, 2, '男', '0', '', 0, 0, 0, 10000, '2022-09-27 11:01:26', 10000, '2022-09-27 11:01:26');
INSERT INTO `sys_dict_data` VALUES (4, 2, '女', '1', '', 1, 0, 0, 10000, '2022-09-27 11:01:26', 10000, '2022-09-27 11:01:26');
INSERT INTO `sys_dict_data` VALUES (5, 2, '未知', '2', '', 2, 0, 0, 10000, '2022-09-27 11:01:26', 10000, '2022-09-27 11:01:26');
INSERT INTO `sys_dict_data` VALUES (6, 3, '正常', '1', '', 0, 0, 0, 10000, '2022-09-27 11:01:26', 10000, '2022-09-27 11:01:26');
INSERT INTO `sys_dict_data` VALUES (7, 3, '停用', '0', '', 1, 0, 0, 10000, '2022-09-27 11:01:26', 10000, '2022-09-27 11:01:26');
INSERT INTO `sys_dict_data` VALUES (8, 4, '全部数据', '0', '', 0, 0, 0, 10000, '2022-09-27 11:01:26', 10000, '2022-09-27 11:01:26');
INSERT INTO `sys_dict_data` VALUES (9, 4, '本部门及子部门数据', '1', '', 0, 0, 0, 10000, '2022-09-27 11:01:26', 10000, '2022-09-27 11:01:26');
INSERT INTO `sys_dict_data` VALUES (10, 4, '本部门数据', '2', '', 0, 0, 0, 10000, '2022-09-27 11:01:26', 10000, '2022-09-27 11:01:26');
INSERT INTO `sys_dict_data` VALUES (11, 4, '本人数据', '3', '', 0, 0, 0, 10000, '2022-09-27 11:01:26', 10000, '2022-09-27 11:01:26');
INSERT INTO `sys_dict_data` VALUES (12, 4, '自定义数据', '4', '', 0, 0, 0, 10000, '2022-09-27 11:01:26', 10000, '2022-09-27 11:01:26');
INSERT INTO `sys_dict_data` VALUES (13, 5, '禁用', '0', '', 1, 0, 0, 10000, '2022-09-27 11:01:26', 10000, '2022-09-27 11:01:26');
INSERT INTO `sys_dict_data` VALUES (14, 5, '启用', '1', '', 0, 0, 0, 10000, '2022-09-27 11:01:26', 10000, '2022-09-27 11:01:26');
INSERT INTO `sys_dict_data` VALUES (15, 6, '失败', '0', '', 1, 0, 0, 10000, '2022-09-27 11:01:26', 10000, '2022-09-27 11:01:26');
INSERT INTO `sys_dict_data` VALUES (16, 6, '成功', '1', '', 0, 0, 0, 10000, '2022-09-27 11:01:26', 10000, '2022-09-27 11:01:26');
INSERT INTO `sys_dict_data` VALUES (17, 7, '登录成功', '0', '', 0, 0, 0, 10000, '2022-09-27 11:01:26', 10000, '2022-09-27 11:01:26');
INSERT INTO `sys_dict_data` VALUES (18, 7, '退出成功', '1', '', 1, 0, 0, 10000, '2022-09-27 11:01:26', 10000, '2022-09-27 11:01:26');
INSERT INTO `sys_dict_data` VALUES (19, 7, '验证码错误', '2', '', 2, 0, 0, 10000, '2022-09-27 11:01:26', 10000, '2022-09-27 11:01:26');
INSERT INTO `sys_dict_data` VALUES (20, 7, '账号密码错误', '3', '', 3, 0, 0, 10000, '2022-09-27 11:01:26', 10000, '2022-09-27 11:01:26');
INSERT INTO `sys_dict_data` VALUES (21, 8, '阿里云', '0', '', 0, 0, 0, 10000, '2022-09-27 11:01:47', 10000, '2022-09-27 11:01:47');
INSERT INTO `sys_dict_data` VALUES (22, 8, '腾讯云', '1', '', 1, 0, 0, 10000, '2022-09-27 11:01:47', 10000, '2022-09-27 11:01:47');
INSERT INTO `sys_dict_data` VALUES (23, 8, '七牛云', '2', '', 2, 0, 0, 10000, '2022-09-27 11:01:47', 10000, '2022-09-27 11:01:47');
INSERT INTO `sys_dict_data` VALUES (24, 8, '华为云', '3', '', 3, 0, 0, 10000, '2022-09-27 11:01:47', 10000, '2022-09-27 11:01:47');
INSERT INTO `sys_dict_data` VALUES (25, 9, '默认', 'default', '', 0, 0, 0, 10000, '2022-09-27 11:02:02', 10000, '2022-09-27 11:02:02');
INSERT INTO `sys_dict_data` VALUES (26, 9, '数据生产', 'data_production', '', 2, 0, 0, 10000, '2022-09-27 11:02:02', 10000, '2023-01-19 16:51:31');
INSERT INTO `sys_dict_data` VALUES (27, 10, '暂停', '0', '', 0, 0, 0, 10000, '2022-09-27 11:02:02', 10000, '2022-09-27 11:02:02');
INSERT INTO `sys_dict_data` VALUES (28, 10, '正常', '1', '', 1, 0, 0, 10000, '2022-09-27 11:02:02', 10000, '2022-09-27 11:02:02');
INSERT INTO `sys_dict_data` VALUES (29, 11, '停用', '0', '', 0, 0, 0, 10000, '2022-09-27 12:00:10', 10000, '2022-09-27 12:00:10');
INSERT INTO `sys_dict_data` VALUES (30, 11, '启用', '1', '', 0, 0, 0, 10000, '2022-09-27 12:00:17', 10000, '2022-09-27 12:00:17');
INSERT INTO `sys_dict_data` VALUES (31, 12, 'MYSQL', '1', '', 1, 0, 0, 10000, '2022-10-09 17:17:20', 10000, '2022-10-09 17:17:20');
INSERT INTO `sys_dict_data` VALUES (32, 12, 'ORACLE', '2', '', 2, 0, 0, 10000, '2022-10-09 17:17:30', 10000, '2022-10-09 17:17:30');
INSERT INTO `sys_dict_data` VALUES (33, 12, 'SQLSERVER2000', '3', '', 5, 0, 0, 10000, '2022-10-09 17:17:46', 10000, '2022-10-09 17:17:46');
INSERT INTO `sys_dict_data` VALUES (34, 12, 'SQLSERVER', '4', '', 4, 0, 0, 10000, '2022-10-09 17:17:55', 10000, '2022-10-09 17:17:55');
INSERT INTO `sys_dict_data` VALUES (35, 12, 'POSTGRESQL', '5', '', 3, 0, 0, 10000, '2022-10-09 17:18:06', 10000, '2022-10-09 17:18:06');
INSERT INTO `sys_dict_data` VALUES (36, 12, 'GREENPLUM', '6', '', 12, 0, 0, 10000, '2022-10-09 17:18:20', 10000, '2022-10-09 17:18:20');
INSERT INTO `sys_dict_data` VALUES (37, 12, 'MARIADB', '7', '', 7, 0, 0, 10000, '2022-10-09 17:18:31', 10000, '2022-10-09 17:18:31');
INSERT INTO `sys_dict_data` VALUES (38, 12, 'DB2', '8', '', 6, 0, 0, 10000, '2022-10-09 17:18:40', 10000, '2022-10-09 17:18:40');
INSERT INTO `sys_dict_data` VALUES (39, 12, 'DM', '9', '', 8, 0, 0, 10000, '2022-10-09 17:19:00', 10000, '2022-10-09 17:19:00');
INSERT INTO `sys_dict_data` VALUES (40, 12, 'KINGBASE', '10', '', 11, 0, 0, 10000, '2022-10-09 17:19:16', 10000, '2022-10-09 17:19:16');
INSERT INTO `sys_dict_data` VALUES (41, 12, 'OSCAR', '11', '', 15, 0, 0, 10000, '2022-10-09 17:19:25', 10000, '2022-10-09 17:19:25');
INSERT INTO `sys_dict_data` VALUES (42, 12, 'GBASE8A', '12', '', 13, 0, 0, 10000, '2022-10-09 17:19:37', 10000, '2022-10-09 17:19:37');
INSERT INTO `sys_dict_data` VALUES (43, 12, 'HIVE', '13', '', 9, 0, 0, 10000, '2022-10-09 17:19:57', 10000, '2022-10-09 17:19:57');
INSERT INTO `sys_dict_data` VALUES (44, 12, 'SQLITE3', '14', '', 10, 0, 0, 10000, '2022-10-09 17:20:09', 10000, '2022-10-09 17:20:09');
INSERT INTO `sys_dict_data` VALUES (45, 12, 'SYBASE', '15', '', 14, 0, 0, 10000, '2022-10-09 17:20:19', 10000, '2022-10-09 17:20:19');
INSERT INTO `sys_dict_data` VALUES (47, 13, '断开', '0', '', 0, 0, 0, 10000, '2022-10-09 17:24:31', 10000, '2022-10-09 17:24:31');
INSERT INTO `sys_dict_data` VALUES (48, 13, '正常', '1', '', 0, 0, 0, 10000, '2022-10-09 17:24:37', 10000, '2022-10-09 17:24:37');
INSERT INTO `sys_dict_data` VALUES (49, 14, '否', '0', '', 0, 0, 0, 10000, '2022-10-09 17:25:13', 10000, '2022-10-09 17:25:13');
INSERT INTO `sys_dict_data` VALUES (50, 14, '是', '1', '', 0, 0, 0, 10000, '2022-10-09 17:25:18', 10000, '2022-10-09 17:25:18');
INSERT INTO `sys_dict_data` VALUES (52, 15, '一次性', '2', '', 2, 0, 0, 10000, '2022-10-24 17:47:26', 10000, '2023-11-08 21:16:14');
INSERT INTO `sys_dict_data` VALUES (53, 15, '周期性', '3', '', 3, 0, 0, 10000, '2022-10-24 17:47:41', 10000, '2023-11-08 21:16:00');
INSERT INTO `sys_dict_data` VALUES (54, 16, '等待中', '1', '', 1, 0, 0, 10000, '2022-10-24 17:49:04', 10000, '2022-10-24 17:49:04');
INSERT INTO `sys_dict_data` VALUES (55, 16, '运行中', '2', '', 2, 0, 0, 10000, '2022-10-24 17:49:13', 10000, '2022-10-24 17:49:13');
INSERT INTO `sys_dict_data` VALUES (56, 16, '正常结束', '3', '', 3, 0, 0, 10000, '2022-10-24 17:49:23', 10000, '2022-10-24 17:49:23');
INSERT INTO `sys_dict_data` VALUES (57, 16, '异常结束', '4', '', 4, 0, 0, 10000, '2022-10-24 17:49:33', 10000, '2022-10-24 17:49:33');
INSERT INTO `sys_dict_data` VALUES (58, 17, '未发布', '0', '', 0, 0, 0, 10000, '2022-10-24 17:50:23', 10000, '2022-10-24 17:50:23');
INSERT INTO `sys_dict_data` VALUES (59, 17, '已发布', '1', '', 1, 0, 0, 10000, '2022-10-24 17:50:31', 10000, '2022-10-24 17:50:31');
INSERT INTO `sys_dict_data` VALUES (60, 18, 'Sql', '1', '', 1, 0, 0, 10000, '2022-11-26 20:29:36', 10000, '2023-01-10 17:09:02');
INSERT INTO `sys_dict_data` VALUES (61, 18, 'FlinkSql', '2', '', 2, 0, 0, 10000, '2022-11-26 20:29:49', 10000, '2023-01-10 17:09:08');
INSERT INTO `sys_dict_data` VALUES (62, 19, 'Standalone', '1', NULL, 1, 0, 0, 10000, '2022-12-03 10:41:18', 10000, '2022-12-03 10:41:23');
INSERT INTO `sys_dict_data` VALUES (63, 19, 'Yarn Session', '2', NULL, 2, 0, 0, 10000, '2022-12-03 10:41:55', 10000, '2022-12-03 10:42:00');
INSERT INTO `sys_dict_data` VALUES (64, 19, 'Yarn Per-Job', '3', NULL, 3, 0, 0, 10000, '2022-12-03 10:42:29', 10000, '2022-12-03 10:42:35');
INSERT INTO `sys_dict_data` VALUES (65, 19, 'Yarn Application', '4', NULL, 4, 0, 0, 10000, '2022-12-03 10:43:02', 10000, '2022-12-03 10:43:08');
INSERT INTO `sys_dict_data` VALUES (66, 19, 'K8s Session', '5', NULL, 5, 0, 1, 10000, '2022-12-03 10:43:41', 10000, '2023-01-03 21:37:16');
INSERT INTO `sys_dict_data` VALUES (67, 19, 'K8s Application', '6', NULL, 6, 0, 1, 10000, '2022-12-03 10:44:24', 10000, '2023-01-03 21:37:19');
INSERT INTO `sys_dict_data` VALUES (68, 19, 'Local', '0', '', 0, 0, 0, 10000, '2022-12-21 11:35:54', 10000, '2022-12-21 11:35:54');
INSERT INTO `sys_dict_data` VALUES (69, 20, 'Flink On Yarn', 'Yarn', '', 0, 0, 0, 10000, '2022-12-22 09:31:02', 10000, '2022-12-22 09:31:02');
INSERT INTO `sys_dict_data` VALUES (70, 21, 'INITIALIZE', '0', '', 0, 0, 0, 10000, '2023-01-03 20:47:20', 10000, '2023-01-03 20:47:20');
INSERT INTO `sys_dict_data` VALUES (71, 21, 'RUNNING', '1', '', 1, 0, 0, 10000, '2023-01-03 20:47:27', 10000, '2023-01-03 20:47:27');
INSERT INTO `sys_dict_data` VALUES (72, 21, 'SUCCESS', '2', '', 2, 0, 0, 10000, '2023-01-03 20:47:36', 10000, '2023-01-03 20:47:36');
INSERT INTO `sys_dict_data` VALUES (73, 21, 'FAILED', '3', '', 3, 0, 0, 10000, '2023-01-03 20:47:43', 10000, '2023-01-03 20:47:43');
INSERT INTO `sys_dict_data` VALUES (74, 22, 'INITIALIZING', 'INITIALIZING', '', 0, 0, 0, 10000, '2023-01-03 20:50:05', 10000, '2023-01-03 20:50:05');
INSERT INTO `sys_dict_data` VALUES (75, 22, 'CREATED', 'CREATED', '', 1, 0, 0, 10000, '2023-01-03 20:50:15', 10000, '2023-01-03 20:50:15');
INSERT INTO `sys_dict_data` VALUES (76, 22, 'RUNNING', 'RUNNING', '', 2, 0, 0, 10000, '2023-01-03 20:50:22', 10000, '2023-01-03 20:50:22');
INSERT INTO `sys_dict_data` VALUES (77, 22, 'FAILING', 'FAILING', '', 3, 0, 0, 10000, '2023-01-03 20:50:29', 10000, '2023-01-03 20:50:29');
INSERT INTO `sys_dict_data` VALUES (78, 22, 'FAILED', 'FAILED', '', 4, 0, 0, 10000, '2023-01-03 20:50:36', 10000, '2023-01-03 20:50:36');
INSERT INTO `sys_dict_data` VALUES (79, 22, 'CANCELLING', 'CANCELLING', '', 5, 0, 0, 10000, '2023-01-03 20:50:44', 10000, '2023-01-03 20:50:44');
INSERT INTO `sys_dict_data` VALUES (80, 22, 'CANCELED', 'CANCELED', '', 6, 0, 0, 10000, '2023-01-03 20:50:51', 10000, '2023-01-03 20:50:51');
INSERT INTO `sys_dict_data` VALUES (81, 22, 'FINISHED', 'FINISHED', '', 7, 0, 0, 10000, '2023-01-03 20:50:58', 10000, '2023-01-03 20:50:58');
INSERT INTO `sys_dict_data` VALUES (82, 22, 'RESTARTING', 'RESTARTING', '', 8, 0, 0, 10000, '2023-01-03 20:51:05', 10000, '2023-01-03 20:51:05');
INSERT INTO `sys_dict_data` VALUES (83, 22, 'SUSPENDED', 'SUSPENDED', '', 9, 0, 0, 10000, '2023-01-03 20:51:11', 10000, '2023-01-03 20:51:11');
INSERT INTO `sys_dict_data` VALUES (84, 22, 'RECONCILING', 'RECONCILING', '', 10, 0, 0, 10000, '2023-01-03 20:51:18', 10000, '2023-01-03 20:51:18');
INSERT INTO `sys_dict_data` VALUES (85, 22, 'UNKNOWN', 'UNKNOWN', '', 11, 0, 0, 10000, '2023-01-03 20:51:25', 10000, '2023-01-03 20:51:25');
INSERT INTO `sys_dict_data` VALUES (86, 23, '禁用', '0', '', 0, 0, 0, 10000, '2023-01-09 21:23:38', 10000, '2023-01-09 21:23:38');
INSERT INTO `sys_dict_data` VALUES (87, 23, '最近一次', '1', '', 1, 0, 0, 10000, '2023-01-09 21:23:49', 10000, '2023-01-09 21:23:53');
INSERT INTO `sys_dict_data` VALUES (88, 23, '最早一次', '2', '', 2, 0, 0, 10000, '2023-01-09 21:24:02', 10000, '2023-01-09 21:24:02');
INSERT INTO `sys_dict_data` VALUES (89, 23, '指定一次', '3', '', 3, 0, 0, 10000, '2023-01-09 21:24:12', 10000, '2023-01-09 21:24:17');
INSERT INTO `sys_dict_data` VALUES (90, 18, 'FlinkSqlCommon', '4', 'FlinkSql的公共代码块，例如一些初始化的ddl等', 4, 0, 0, 10000, '2023-01-10 17:07:45', 10000, '2023-01-10 17:09:12');
INSERT INTO `sys_dict_data` VALUES (91, 24, '手动', '1', '', 0, 0, 0, 10000, '2023-01-18 15:13:22', 10000, '2023-01-18 15:13:22');
INSERT INTO `sys_dict_data` VALUES (92, 24, '调度', '2', '', 1, 0, 0, 10000, '2023-01-18 15:13:30', 10000, '2023-01-18 15:13:30');
INSERT INTO `sys_dict_data` VALUES (93, 9, '数据接入', 'data_access', '', 1, 0, 0, 10000, '2023-01-19 16:51:55', 10000, '2023-01-19 16:51:55');
INSERT INTO `sys_dict_data` VALUES (94, 25, '文件夹', '1', '', 0, 0, 0, 10000, '2023-01-30 11:34:40', 10000, '2023-01-30 11:34:40');
INSERT INTO `sys_dict_data` VALUES (95, 25, 'API 目录', '2', '', 0, 0, 0, 10000, '2023-01-30 11:34:46', 10000, '2023-01-30 11:34:55');
INSERT INTO `sys_dict_data` VALUES (96, 26, 'GET', 'GET', '', 0, 0, 0, 10000, '2023-02-12 11:26:50', 10000, '2023-02-12 11:26:50');
INSERT INTO `sys_dict_data` VALUES (97, 26, 'POST', 'POST', '', 1, 0, 0, 10000, '2023-02-12 11:26:58', 10000, '2023-02-12 11:26:58');
INSERT INTO `sys_dict_data` VALUES (98, 26, 'PUT', 'PUT', '', 2, 0, 0, 10000, '2023-02-12 11:27:05', 10000, '2023-02-12 11:27:05');
INSERT INTO `sys_dict_data` VALUES (99, 26, 'DELETE', 'DELETE', '', 3, 0, 0, 10000, '2023-02-12 11:27:15', 10000, '2023-02-12 11:27:15');
INSERT INTO `sys_dict_data` VALUES (100, 27, 'application/json', 'application/json', '', 0, 0, 0, 10000, '2023-02-12 11:33:16', 10000, '2023-02-12 11:33:16');
INSERT INTO `sys_dict_data` VALUES (101, 28, '10分钟', '10min', '', 0, 0, 0, 10000, '2023-02-16 14:44:06', 10000, '2023-02-16 14:44:22');
INSERT INTO `sys_dict_data` VALUES (102, 28, '1小时', '1hour', '', 1, 0, 0, 10000, '2023-02-16 14:44:36', 10000, '2023-02-16 14:44:36');
INSERT INTO `sys_dict_data` VALUES (103, 28, '1天', '1day', '', 2, 0, 0, 10000, '2023-02-16 14:44:52', 10000, '2023-02-16 14:44:57');
INSERT INTO `sys_dict_data` VALUES (104, 28, '30天', '30day', '', 3, 0, 0, 10000, '2023-02-16 14:45:59', 10000, '2023-02-16 14:46:03');
INSERT INTO `sys_dict_data` VALUES (105, 28, '仅一次', 'once', '', 4, 0, 0, 10000, '2023-02-16 14:46:19', 10000, '2023-02-16 14:46:25');
INSERT INTO `sys_dict_data` VALUES (106, 28, '永不失效', 'forever', '', 5, 0, 0, 10000, '2023-02-16 14:46:40', 10000, '2023-02-16 14:46:40');
INSERT INTO `sys_dict_data` VALUES (107, 29, '数字', '1', '', 0, 0, 0, 10000, '2023-03-28 16:02:20', 10000, '2023-03-28 16:02:20');
INSERT INTO `sys_dict_data` VALUES (108, 29, '字符串', '2', '', 1, 0, 0, 10000, '2023-03-28 16:02:27', 10000, '2023-03-28 16:02:31');
INSERT INTO `sys_dict_data` VALUES (109, 30, '文本框', '1', '', 0, 0, 0, 10000, '2023-03-28 16:03:10', 10000, '2023-03-28 16:03:10');
INSERT INTO `sys_dict_data` VALUES (110, 31, '全量', '0', '', 0, 0, 0, 10000, '2023-04-01 09:53:29', 10000, '2023-04-01 09:53:29');
INSERT INTO `sys_dict_data` VALUES (111, 31, '增量', '1', '', 1, 0, 0, 10000, '2023-04-01 09:53:35', 10000, '2023-04-01 09:53:35');
INSERT INTO `sys_dict_data` VALUES (112, 32, '一次性', '1', '', 1, 0, 0, 10000, '2023-04-01 09:54:05', 10000, '2023-04-01 12:26:03');
INSERT INTO `sys_dict_data` VALUES (113, 32, '周期性', '2', '', 2, 0, 0, 10000, '2023-04-01 09:54:11', 10000, '2023-04-01 09:54:14');
INSERT INTO `sys_dict_data` VALUES (114, 33, '数据库', '1', '', 1, 0, 0, 10000, '2023-04-01 09:54:45', 10000, '2023-04-01 09:54:48');
INSERT INTO `sys_dict_data` VALUES (115, 33, '中台库', '2', '', 2, 0, 0, 10000, '2023-04-01 09:54:55', 10000, '2023-04-01 09:54:55');
INSERT INTO `sys_dict_data` VALUES (116, 9, '数据治理', 'data_governance', '', 3, 0, 0, 10000, '2023-04-03 17:12:43', 10000, '2023-04-03 17:12:58');
INSERT INTO `sys_dict_data` VALUES (117, 34, '运行中', '2', '', 0, 0, 0, 10000, '2023-04-05 16:20:05', 10000, '2023-04-05 16:20:05');
INSERT INTO `sys_dict_data` VALUES (118, 34, '成功', '1', '', 1, 0, 0, 10000, '2023-04-05 16:20:11', 10000, '2023-04-05 16:20:11');
INSERT INTO `sys_dict_data` VALUES (119, 34, '失败', '0', '', 2, 0, 0, 10000, '2023-04-05 16:20:23', 10000, '2023-04-05 16:20:23');
INSERT INTO `sys_dict_data` VALUES (120, 35, '标准字段', '1', '', 1, 0, 0, 10000, '2023-05-08 15:52:49', 10000, '2023-05-08 15:52:49');
INSERT INTO `sys_dict_data` VALUES (121, 35, '标准码表', '2', '', 2, 0, 0, 10000, '2023-05-08 15:52:57', 10000, '2023-05-08 15:52:57');
INSERT INTO `sys_dict_data` VALUES (122, 36, '数字', '1', '', 1, 0, 0, 10000, '2023-05-18 16:24:32', 10000, '2023-05-18 16:24:32');
INSERT INTO `sys_dict_data` VALUES (123, 36, '字符串', '2', '', 2, 0, 0, 10000, '2023-05-18 16:24:39', 10000, '2023-05-18 16:24:39');
INSERT INTO `sys_dict_data` VALUES (124, 36, '日期', '3', '', 3, 0, 0, 10000, '2023-05-18 16:24:47', 10000, '2023-05-18 16:24:47');
INSERT INTO `sys_dict_data` VALUES (125, 36, '小数', '4', '', 4, 0, 0, 10000, '2023-05-18 16:24:56', 10000, '2023-05-18 16:24:56');
INSERT INTO `sys_dict_data` VALUES (126, 37, '唯一性', '1', '', 1, 0, 0, 10000, '2023-05-28 09:49:18', 10000, '2023-05-28 09:49:18');
INSERT INTO `sys_dict_data` VALUES (127, 37, '规范性', '2', '', 2, 0, 0, 10000, '2023-05-28 09:49:24', 10000, '2023-05-28 09:49:24');
INSERT INTO `sys_dict_data` VALUES (128, 37, '有效性', '3', '', 3, 0, 0, 10000, '2023-05-28 09:49:32', 10000, '2023-05-28 09:49:32');
INSERT INTO `sys_dict_data` VALUES (129, 37, '完整性', '4', '', 4, 0, 0, 10000, '2023-05-28 09:49:40', 10000, '2023-05-28 09:49:40');
INSERT INTO `sys_dict_data` VALUES (130, 37, '一致性', '5', '', 5, 0, 0, 10000, '2023-05-28 09:49:47', 10000, '2023-05-28 09:49:47');
INSERT INTO `sys_dict_data` VALUES (131, 37, '及时性', '6', '', 6, 0, 0, 10000, '2023-05-28 09:49:57', 10000, '2023-05-28 09:49:57');
INSERT INTO `sys_dict_data` VALUES (132, 37, '准确性', '7', '', 7, 0, 0, 10000, '2023-05-28 09:50:08', 10000, '2023-05-28 09:50:08');
INSERT INTO `sys_dict_data` VALUES (133, 38, '一次性', '1', '', 1, 0, 0, 10000, '2023-05-29 11:52:19', 10000, '2023-05-29 11:52:51');
INSERT INTO `sys_dict_data` VALUES (134, 38, '周期性', '2', '', 2, 0, 0, 10000, '2023-05-29 11:52:27', 10000, '2023-05-29 11:52:57');
INSERT INTO `sys_dict_data` VALUES (135, 39, '单字段唯一', '1', '', 1, 0, 0, 10000, '2023-05-30 12:43:31', 10000, '2023-05-30 12:43:31');
INSERT INTO `sys_dict_data` VALUES (136, 39, '组合字段唯一', '2', '', 2, 0, 0, 10000, '2023-05-30 12:43:40', 10000, '2023-05-30 12:43:40');
INSERT INTO `sys_dict_data` VALUES (137, 40, 'TiDB(MySql)', '1', '', 1, 0, 0, 10000, '2023-06-03 11:07:47', 10000, '2023-06-03 11:07:47');
INSERT INTO `sys_dict_data` VALUES (138, 40, 'ORACLE', '2', '', 2, 0, 0, 10000, '2023-06-13 16:57:00', 10000, '2023-06-13 16:57:00');
INSERT INTO `sys_dict_data` VALUES (139, 40, 'POSTGRESQL', '5', '', 5, 0, 0, 10000, '2023-06-13 17:12:18', 10000, '2023-09-24 17:07:36');
INSERT INTO `sys_dict_data` VALUES (140, 12, 'DORIS', '16', '', 16, 0, 0, 10000, '2023-06-19 17:46:51', 10000, '2023-06-19 17:46:51');
INSERT INTO `sys_dict_data` VALUES (141, 40, 'DORIS', '16', '', 16, 0, 0, 10000, '2023-06-23 10:24:52', 10000, '2023-06-23 10:24:52');
INSERT INTO `sys_dict_data` VALUES (142, 40, 'GREENPLUM', '6', '', 6, 0, 0, 10000, '2023-06-23 10:25:53', 10000, '2023-06-23 10:25:53');
INSERT INTO `sys_dict_data` VALUES (143, 41, '未上架', '0', '', 0, 0, 0, 10000, '2023-07-07 10:51:35', 10000, '2023-07-07 10:51:35');
INSERT INTO `sys_dict_data` VALUES (144, 41, '已上架', '1', '', 1, 0, 0, 10000, '2023-07-07 10:51:42', 10000, '2023-07-07 10:51:42');
INSERT INTO `sys_dict_data` VALUES (145, 42, '未挂载', '0', '', 0, 0, 0, 10000, '2023-07-07 10:52:09', 10000, '2023-07-07 10:52:09');
INSERT INTO `sys_dict_data` VALUES (146, 42, '已挂载', '1', '', 1, 0, 0, 10000, '2023-07-07 10:52:17', 10000, '2023-07-07 10:52:24');
INSERT INTO `sys_dict_data` VALUES (147, 43, '全部', '1', '', 1, 0, 0, 10000, '2023-07-07 15:09:02', 10000, '2023-07-07 15:09:02');
INSERT INTO `sys_dict_data` VALUES (148, 43, '角色', '2', '', 2, 0, 0, 10000, '2023-07-07 15:09:10', 10000, '2023-07-07 15:09:10');
INSERT INTO `sys_dict_data` VALUES (149, 43, '用户', '3', '', 3, 0, 0, 10000, '2023-07-07 15:09:16', 10000, '2023-07-07 15:09:16');
INSERT INTO `sys_dict_data` VALUES (150, 44, '数据库表', '1', '', 1, 0, 0, 10000, '2023-07-14 14:00:48', 10000, '2023-07-14 14:00:48');
INSERT INTO `sys_dict_data` VALUES (151, 44, 'API', '2', '', 2, 0, 0, 10000, '2023-07-14 14:00:52', 10000, '2023-07-14 14:00:57');
INSERT INTO `sys_dict_data` VALUES (152, 44, '文件', '3', '', 3, 0, 0, 10000, '2023-07-14 14:01:05', 10000, '2023-07-14 14:01:05');
INSERT INTO `sys_dict_data` VALUES (153, 9, '数据质量', 'data_quality', '', 4, 0, 0, 10000, '2023-07-21 10:03:30', 10000, '2023-07-21 10:03:38');
INSERT INTO `sys_dict_data` VALUES (154, 45, '待审核', '0', '', 0, 0, 0, 10000, '2023-08-17 14:29:51', 10000, '2023-08-17 14:29:51');
INSERT INTO `sys_dict_data` VALUES (155, 45, '已通过', '1', '', 1, 0, 0, 10000, '2023-08-17 14:29:58', 10000, '2023-08-17 14:29:58');
INSERT INTO `sys_dict_data` VALUES (156, 45, '未通过', '2', '', 2, 0, 0, 10000, '2023-08-17 14:30:09', 10000, '2023-08-17 14:30:09');
INSERT INTO `sys_dict_data` VALUES (157, 46, '极差', '1', '', 1, 0, 0, 10000, '2023-08-27 10:25:31', 10000, '2023-08-27 10:25:31');
INSERT INTO `sys_dict_data` VALUES (158, 46, '失望', '2', '', 2, 0, 0, 10000, '2023-08-27 10:25:37', 10000, '2023-08-27 10:25:37');
INSERT INTO `sys_dict_data` VALUES (159, 46, '一般', '3', '', 3, 0, 0, 10000, '2023-08-27 10:25:46', 10000, '2023-08-27 10:25:46');
INSERT INTO `sys_dict_data` VALUES (160, 46, '满意', '4', '', 4, 0, 0, 10000, '2023-08-27 10:25:56', 10000, '2023-08-27 10:25:56');
INSERT INTO `sys_dict_data` VALUES (161, 46, '惊喜', '5', '', 5, 0, 0, 10000, '2023-08-27 10:26:03', 10000, '2023-08-27 10:26:03');
INSERT INTO `sys_dict_data` VALUES (162, 40, 'SQLSERVER2000', '3', '', 3, 0, 0, 10000, '2023-09-24 17:08:02', 10000, '2023-09-24 17:08:02');
INSERT INTO `sys_dict_data` VALUES (163, 40, 'SQLSERVER', '4', '', 4, 0, 0, 10000, '2023-09-24 17:08:11', 10000, '2023-09-24 17:08:11');
INSERT INTO `sys_dict_data` VALUES (164, 47, '数字（Number）', '1', '', 1, 0, 0, 10000, '2023-09-28 14:09:45', 10000, '2023-10-01 13:29:30');
INSERT INTO `sys_dict_data` VALUES (165, 47, '字符串', '2', '', 2, 0, 0, 10000, '2023-09-28 14:09:54', 10000, '2023-09-28 14:09:54');
INSERT INTO `sys_dict_data` VALUES (166, 47, '日期（Date）', '3', '', 3, 0, 0, 10000, '2023-09-28 14:10:12', 10000, '2023-09-28 14:12:42');
INSERT INTO `sys_dict_data` VALUES (167, 47, '布尔', '4', '', 4, 0, 0, 10000, '2023-09-28 14:10:35', 10000, '2023-09-28 14:10:35');
INSERT INTO `sys_dict_data` VALUES (168, 47, '数字（BigNumber）', '6', '', 6, 0, 0, 10000, '2023-09-28 14:12:11', 10000, '2023-10-01 13:31:40');
INSERT INTO `sys_dict_data` VALUES (169, 47, '日期（TIMESTAMP）', '9', '', 9, 0, 0, 10000, '2023-09-28 14:12:57', 10000, '2023-09-28 14:13:04');
INSERT INTO `sys_dict_data` VALUES (170, 47, '日期（TIME）', '10', '', 10, 0, 0, 10000, '2023-09-28 14:13:22', 10000, '2023-09-28 14:13:22');
INSERT INTO `sys_dict_data` VALUES (171, 47, '默认', '0', '', 11, 0, 0, 10000, '2023-09-28 14:14:25', 10000, '2023-10-01 13:35:05');
INSERT INTO `sys_dict_data` VALUES (172, 47, '整型（Integer）', '5', '', 5, 0, 0, 10000, '2023-10-01 13:29:55', 10000, '2023-10-01 13:31:58');
INSERT INTO `sys_dict_data` VALUES (173, 47, '序列（Serializable）', '7', '', 7, 0, 0, 10000, '2023-10-01 13:32:38', 10000, '2023-10-01 13:32:42');
INSERT INTO `sys_dict_data` VALUES (174, 47, '大字段（Binary）', '8', '', 8, 0, 0, 10000, '2023-10-01 13:33:16', 10000, '2023-10-01 13:34:50');
INSERT INTO `sys_dict_data` VALUES (175, 48, '数据库', '1', '', 1, 0, 0, 10000, '2023-10-08 11:42:08', 10000, '2023-10-08 11:42:08');
INSERT INTO `sys_dict_data` VALUES (176, 48, '接口', '2', '', 2, 0, 0, 10000, '2023-10-08 11:42:14', 10000, '2023-10-08 11:42:14');
INSERT INTO `sys_dict_data` VALUES (177, 48, '消息队列', '3', '', 3, 0, 0, 10000, '2023-10-08 11:42:23', 10000, '2023-10-08 11:42:23');
INSERT INTO `sys_dict_data` VALUES (178, 49, 'kafka', 'kafka', '', 1, 0, 0, 10000, '2023-10-08 11:42:53', 10000, '2023-10-08 11:42:53');
INSERT INTO `sys_dict_data` VALUES (179, 49, 'rabbitMq', 'rabbitMq', '', 2, 0, 0, 10000, '2023-10-08 11:43:01', 10000, '2023-10-08 11:43:01');
INSERT INTO `sys_dict_data` VALUES (180, 9, '主数据', 'data_master', '', 5, 0, 0, 10000, '2023-10-09 14:32:40', 10000, '2023-10-09 14:32:40');
INSERT INTO `sys_dict_data` VALUES (181, 50, '一次性', '2', '', 2, 0, 0, 10000, '2023-10-12 09:33:43', 10000, '2023-10-12 09:33:43');
INSERT INTO `sys_dict_data` VALUES (182, 50, '周期性', '3', '', 3, 0, 0, 10000, '2023-10-12 09:33:54', 10000, '2023-10-12 09:34:36');
INSERT INTO `sys_dict_data` VALUES (183, 51, '指定表', '1', '', 1, 0, 0, 10000, '2023-11-08 15:41:52', 10000, '2023-11-08 15:42:02');
INSERT INTO `sys_dict_data` VALUES (184, 51, '自定义SQL', '2', '', 2, 0, 0, 10000, '2023-11-08 15:42:12', 10000, '2023-11-08 15:42:12');
INSERT INTO `sys_dict_data` VALUES (185, 52, '空值', '1', '', 1, 0, 0, 10000, '2023-11-09 12:36:11', 10000, '2023-11-09 12:36:11');
INSERT INTO `sys_dict_data` VALUES (186, 52, '类型不匹配', '2', '', 2, 0, 0, 10000, '2023-11-09 12:36:20', 10000, '2023-11-09 12:36:20');
INSERT INTO `sys_dict_data` VALUES (187, 52, '长度有误', '3', '', 3, 0, 0, 10000, '2023-11-09 12:36:29', 10000, '2023-11-09 12:36:29');
INSERT INTO `sys_dict_data` VALUES (188, 52, '格式错误', '4', '', 4, 0, 0, 10000, '2023-11-09 12:36:38', 10000, '2023-11-09 12:36:38');
INSERT INTO `sys_dict_data` VALUES (189, 52, '不唯一', '5', '', 5, 0, 0, 10000, '2023-11-09 12:36:48', 10000, '2023-11-09 12:36:48');
INSERT INTO `sys_dict_data` VALUES (190, 53, 'Standalone', '1', '', 1, 0, 0, 10000, '2023-11-13 10:56:15', 10000, '2023-11-13 10:57:28');
INSERT INTO `sys_dict_data` VALUES (191, 53, 'Yarn Application', '4', '', 4, 0, 0, 10000, '2023-11-13 10:56:29', 10000, '2023-11-13 10:57:49');
INSERT INTO `sys_dict_data` VALUES (192, 18, 'FlinkJar', '3', '', 3, 0, 0, 10000, '2023-11-13 11:57:12', 10000, '2023-11-13 11:57:12');
INSERT INTO `sys_dict_data` VALUES (194, 54, 'Standalone', '1', '', 1, 0, 0, 10000, '2023-11-14 13:51:41', 10000, '2023-11-14 13:51:59');
INSERT INTO `sys_dict_data` VALUES (195, 54, 'Yarn Application', '4', '', 4, 0, 0, 10000, '2023-11-14 13:51:55', 10000, '2023-11-14 13:51:55');
INSERT INTO `sys_dict_data` VALUES (196, 12, 'MongoDB', '18', '', 18, 0, 0, 10000, '2023-11-16 14:57:27', 10000, '2023-11-16 14:57:27');
INSERT INTO `sys_dict_data` VALUES (197, 55, '自动调度', '1', '', 1, 0, 0, 10000, '2023-11-16 23:10:54', 10000, '2023-11-16 23:10:54');
INSERT INTO `sys_dict_data` VALUES (198, 55, '手动触发', '2', '', 2, 0, 0, 10000, '2023-11-16 23:11:08', 10000, '2023-11-16 23:11:23');
INSERT INTO `sys_dict_data` VALUES (199, 56, 'flink1.14', '1.14', '', 1, 0, 0, 10000, '2023-12-06 17:39:17', 10000, '2023-12-06 17:39:31');
INSERT INTO `sys_dict_data` VALUES (200, 56, 'flink1.16', '1.16', '', 2, 0, 0, 10000, '2023-12-06 17:39:25', 10000, '2023-12-06 17:39:35');
INSERT INTO `sys_dict_data` VALUES (201, 57, '数据表', '1', '', 1, 0, 0, 10000, '2023-12-26 18:06:13', 10000, '2023-12-26 18:06:13');
INSERT INTO `sys_dict_data` VALUES (202, 57, '自定义 SQL', '2', '', 2, 0, 0, 10000, '2023-12-26 18:06:25', 10000, '2023-12-26 18:06:25');
INSERT INTO `sys_dict_data` VALUES (203, 58, '统一映射', 'ALL', '', 1, 0, 0, 10000, '2024-01-16 09:45:47', 10000, '2024-01-16 09:45:47');
INSERT INTO `sys_dict_data` VALUES (204, 58, '单独映射', 'SINGLE', '', 2, 0, 0, 10000, '2024-01-16 09:46:29', 10000, '2024-01-16 09:46:33');
INSERT INTO `sys_dict_data` VALUES (205, 59, '主键排序比对', 'PK_ORDER_COMPARE', '', 1, 0, 0, 10000, '2024-01-16 16:09:17', 10000, '2024-01-16 16:09:17');
INSERT INTO `sys_dict_data` VALUES (206, 59, '增量字段', 'INCREASE_COLUMN', '', 2, 0, 0, 10000, '2024-01-16 16:09:30', 10000, '2024-01-16 16:09:30');

-- ----------------------------
-- Table structure for sys_dict_type
-- ----------------------------
DROP TABLE IF EXISTS `sys_dict_type`;
CREATE TABLE `sys_dict_type`  (
  `id` bigint(0) NOT NULL AUTO_INCREMENT COMMENT 'id',
  `dict_type` varchar(100) CHARACTER SET utf8mb4 COLLATE utf8mb4_0900_ai_ci NOT NULL COMMENT '字典类型',
  `dict_name` varchar(255) CHARACTER SET utf8mb4 COLLATE utf8mb4_0900_ai_ci NOT NULL COMMENT '字典名称',
  `remark` varchar(255) CHARACTER SET utf8mb4 COLLATE utf8mb4_0900_ai_ci NULL DEFAULT NULL COMMENT '备注',
  `sort` int(0) NULL DEFAULT NULL COMMENT '排序',
  `version` int(0) NULL DEFAULT NULL COMMENT '版本号',
  `deleted` tinyint(0) NULL DEFAULT NULL COMMENT '删除标识  0：正常   1：已删除',
  `creator` bigint(0) NULL DEFAULT NULL COMMENT '创建者',
  `create_time` datetime(0) NULL DEFAULT NULL COMMENT '创建时间',
  `updater` bigint(0) NULL DEFAULT NULL COMMENT '更新者',
  `update_time` datetime(0) NULL DEFAULT NULL COMMENT '更新时间',
  PRIMARY KEY (`id`) USING BTREE
) ENGINE = InnoDB AUTO_INCREMENT = 60 CHARACTER SET = utf8mb4 COLLATE = utf8mb4_0900_ai_ci COMMENT = '字典类型' ROW_FORMAT = DYNAMIC;

-- ----------------------------
-- Records of sys_dict_type
-- ----------------------------
INSERT INTO `sys_dict_type` VALUES (1, 'post_status', '状态', '岗位管理', 0, 0, 0, 10000, '2022-09-27 11:01:26', 10000, '2022-09-27 11:01:26');
INSERT INTO `sys_dict_type` VALUES (2, 'user_gender', '性别', '用户管理', 0, 0, 0, 10000, '2022-09-27 11:01:26', 10000, '2022-09-27 11:01:26');
INSERT INTO `sys_dict_type` VALUES (3, 'user_status', '状态', '用户管理', 0, 0, 0, 10000, '2022-09-27 11:01:26', 10000, '2022-09-27 11:01:26');
INSERT INTO `sys_dict_type` VALUES (4, 'role_data_scope', '数据范围', '角色管理', 0, 0, 0, 10000, '2022-09-27 11:01:26', 10000, '2022-09-27 11:01:26');
INSERT INTO `sys_dict_type` VALUES (5, 'enable_disable', '状态', '功能状态：启用 | 禁用 ', 0, 0, 0, 10000, '2022-09-27 11:01:26', 10000, '2022-09-27 11:01:26');
INSERT INTO `sys_dict_type` VALUES (6, 'success_fail', '状态', '操作状态：成功 | 失败', 0, 0, 0, 10000, '2022-09-27 11:01:26', 10000, '2022-09-27 11:01:26');
INSERT INTO `sys_dict_type` VALUES (7, 'login_operation', '操作信息', '登录管理', 0, 0, 0, 10000, '2022-09-27 11:01:26', 10000, '2022-09-27 11:01:26');
INSERT INTO `sys_dict_type` VALUES (8, 'sms_platform', '平台类型', '短信管理', 0, 0, 0, 10000, '2022-09-27 11:01:47', 10000, '2022-09-27 11:01:47');
INSERT INTO `sys_dict_type` VALUES (9, 'schedule_group', '任务组名', '定时任务', 0, 0, 0, 10000, '2022-09-27 11:02:02', 10000, '2022-09-27 11:02:02');
INSERT INTO `sys_dict_type` VALUES (10, 'schedule_status', '状态', '定时任务', 0, 0, 0, 10000, '2022-09-27 11:02:02', 10000, '2022-09-27 11:02:02');
INSERT INTO `sys_dict_type` VALUES (11, 'project_status', '项目状态', '', 0, 0, 0, 10000, '2022-09-27 11:01:26', 10000, '2022-09-27 11:01:26');
INSERT INTO `sys_dict_type` VALUES (12, 'database_type', '数据库类型', '', 0, 0, 0, 10000, '2022-10-09 16:07:56', 10000, '2022-10-09 16:07:56');
INSERT INTO `sys_dict_type` VALUES (13, 'database_status', '数据库状态', '', 0, 0, 0, 10000, '2022-10-09 17:24:20', 10000, '2022-10-09 17:24:20');
INSERT INTO `sys_dict_type` VALUES (14, 'yes_or_no', '是否', '', 0, 0, 0, 10000, '2022-10-09 17:25:01', 10000, '2022-10-09 17:25:01');
INSERT INTO `sys_dict_type` VALUES (15, 'task_type', '任务类型', '', 0, 0, 0, 10000, '2022-10-24 17:46:19', 10000, '2022-10-24 17:46:19');
INSERT INTO `sys_dict_type` VALUES (16, 'run_status', '运行状态', '', 0, 0, 0, 10000, '2022-10-24 17:48:48', 10000, '2022-10-24 17:48:48');
INSERT INTO `sys_dict_type` VALUES (17, 'release_status', '发布状态', '', 0, 0, 0, 10000, '2022-10-24 17:50:07', 10000, '2022-10-24 17:50:07');
INSERT INTO `sys_dict_type` VALUES (18, 'production_task_type', '数据生产作业类型', '数据生产作业类型', 0, 0, 0, 10000, '2022-11-26 20:28:20', 10000, '2022-11-26 20:28:20');
INSERT INTO `sys_dict_type` VALUES (19, 'production_cluster_type', '数据生产集群实例类型', '数据生产集群实例类型', 0, 0, 0, 10000, '2022-12-03 10:40:37', 10000, '2022-12-03 10:40:43');
INSERT INTO `sys_dict_type` VALUES (20, 'production_cluster_configuration_type', '集群配置类型', '', 0, 0, 0, 10000, '2022-12-22 09:30:02', 10000, '2022-12-22 09:30:02');
INSERT INTO `sys_dict_type` VALUES (21, 'task_status', '作业状态', '', 0, 0, 0, 10000, '2023-01-03 20:46:59', 10000, '2023-01-03 20:46:59');
INSERT INTO `sys_dict_type` VALUES (22, 'instance_status', '作业实例状态', '', 0, 0, 0, 10000, '2023-01-03 20:49:16', 10000, '2023-01-03 20:49:16');
INSERT INTO `sys_dict_type` VALUES (23, 'savepoint_strategy', 'flink的savepoint策略', '', 0, 0, 0, 10000, '2023-01-09 21:22:38', 10000, '2023-01-09 21:22:38');
INSERT INTO `sys_dict_type` VALUES (24, 'execute_type', '执行类型', '', 0, 0, 0, 10000, '2023-01-18 15:13:05', 10000, '2023-01-18 15:13:05');
INSERT INTO `sys_dict_type` VALUES (25, 'api_group_type', 'api分组类型', '', 0, 0, 0, 10000, '2023-01-30 11:34:24', 10000, '2023-01-30 11:34:24');
INSERT INTO `sys_dict_type` VALUES (26, 'api_type', 'api请求方式', '', 0, 0, 0, 10000, '2023-02-12 11:26:37', 10000, '2023-02-12 11:26:37');
INSERT INTO `sys_dict_type` VALUES (27, 'content_type', '请求参数类型', '', 0, 0, 0, 10000, '2023-02-12 11:32:28', 10000, '2023-02-12 11:32:28');
INSERT INTO `sys_dict_type` VALUES (28, 'api_expire_desc', 'api有效期', '', 0, 0, 0, 10000, '2023-02-16 14:43:43', 10000, '2023-02-16 14:43:43');
INSERT INTO `sys_dict_type` VALUES (29, 'model_property_data_type', '元模型属性数据类型', '', 0, 0, 0, 10000, '2023-03-28 16:02:07', 10000, '2023-03-28 16:02:07');
INSERT INTO `sys_dict_type` VALUES (30, 'model_property_input_type', '元模型属性输入类型', '', 0, 0, 0, 10000, '2023-03-28 16:02:59', 10000, '2023-03-28 16:02:59');
INSERT INTO `sys_dict_type` VALUES (31, 'metadata_collect_strategy', '元数据采集策略', '', 0, 0, 0, 10000, '2023-04-01 09:53:13', 10000, '2023-04-01 09:53:13');
INSERT INTO `sys_dict_type` VALUES (32, 'metadata_collect_type', '元数据采集类型', '', 0, 0, 0, 10000, '2023-04-01 09:53:55', 10000, '2023-04-01 09:53:55');
INSERT INTO `sys_dict_type` VALUES (33, 'db_type', '数据源类型', '', 0, 0, 0, 10000, '2023-04-01 09:54:35', 10000, '2023-04-01 09:54:35');
INSERT INTO `sys_dict_type` VALUES (34, 'metadata_collect_status', '元数据采集运行状态', '', 0, 0, 0, 10000, '2023-04-05 16:19:14', 10000, '2023-04-05 16:19:14');
INSERT INTO `sys_dict_type` VALUES (35, 'standard_type', '标准类型', '', 0, 0, 0, 10000, '2023-05-08 15:52:35', 10000, '2023-05-08 15:52:35');
INSERT INTO `sys_dict_type` VALUES (36, 'standard_data_type', '标准字段-数据类型', '', 0, 0, 0, 10000, '2023-05-18 16:23:44', 10000, '2023-05-18 16:23:44');
INSERT INTO `sys_dict_type` VALUES (37, 'quality_rule_type', '质量规则类型', '', 0, 0, 0, 10000, '2023-05-28 09:49:04', 10000, '2023-05-28 09:49:04');
INSERT INTO `sys_dict_type` VALUES (38, 'quality_config_task_type', '质量规则任务类型', '', 0, 0, 0, 10000, '2023-05-29 11:52:07', 10000, '2023-05-29 11:52:07');
INSERT INTO `sys_dict_type` VALUES (39, 'quality_unique_type', '质量唯一类型', '', 0, 0, 0, 10000, '2023-05-30 12:43:05', 10000, '2023-05-30 12:43:05');
INSERT INTO `sys_dict_type` VALUES (40, 'data_house_type', '数仓类型', '', 0, 0, 0, 10000, '2023-06-03 11:07:31', 10000, '2023-06-03 11:07:31');
INSERT INTO `sys_dict_type` VALUES (41, 'ground_status', '上架状态', '', 0, 0, 0, 10000, '2023-07-07 10:51:19', 10000, '2023-07-07 10:51:19');
INSERT INTO `sys_dict_type` VALUES (42, 'mount_status', '挂载状态', '', 0, 0, 0, 10000, '2023-07-07 10:51:56', 10000, '2023-07-07 10:51:56');
INSERT INTO `sys_dict_type` VALUES (43, 'open_type', '开放类型', '', 0, 0, 0, 10000, '2023-07-07 15:08:42', 10000, '2023-07-07 15:08:42');
INSERT INTO `sys_dict_type` VALUES (44, 'mount_type', '挂载资源类型', '', 0, 0, 0, 10000, '2023-07-14 14:00:25', 10000, '2023-07-14 14:00:25');
INSERT INTO `sys_dict_type` VALUES (45, 'check_status', '审核状态', '', 0, 0, 0, 10000, '2023-08-17 14:29:38', 10000, '2023-08-17 14:29:38');
INSERT INTO `sys_dict_type` VALUES (46, 'comment_level', '评价等级', '', 0, 0, 0, 10000, '2023-08-27 10:24:56', 10000, '2023-08-27 10:24:56');
INSERT INTO `sys_dict_type` VALUES (47, 'field_type', '字段类型', '', 0, 0, 0, 10000, '2023-09-28 14:08:38', 10000, '2023-09-28 14:08:38');
INSERT INTO `sys_dict_type` VALUES (48, 'distribute_type', '派发类型', '', 0, 0, 0, 10000, '2023-10-08 11:41:57', 10000, '2023-10-08 11:41:57');
INSERT INTO `sys_dict_type` VALUES (49, 'mq_type', '消息队列类型', '', 0, 0, 0, 10000, '2023-10-08 11:42:38', 10000, '2023-10-08 11:43:33');
INSERT INTO `sys_dict_type` VALUES (50, 'distribute_task_type', '派发任务类型', '', 0, 0, 0, 10000, '2023-10-12 09:33:26', 10000, '2023-10-12 09:33:26');
INSERT INTO `sys_dict_type` VALUES (51, 'source_type', '接入源端类型', '', 0, 0, 0, 10000, '2023-11-08 15:41:14', 10000, '2023-11-08 15:41:14');
INSERT INTO `sys_dict_type` VALUES (52, 'not_pass_reason', '未通过原因', '', 0, 0, 0, 10000, '2023-11-09 12:00:27', 10000, '2023-11-09 12:00:27');
INSERT INTO `sys_dict_type` VALUES (53, 'submit_type', 'jar提交类型', '', 0, 0, 0, 10000, '2023-11-13 10:55:55', 10000, '2023-11-13 10:55:55');
INSERT INTO `sys_dict_type` VALUES (54, 'jar_run_type', 'jar执行模式', '', 0, 0, 0, 10000, '2023-11-14 13:51:14', 10000, '2023-11-14 13:51:14');
INSERT INTO `sys_dict_type` VALUES (55, 'access_run_type', '接入任务类型', '', 0, 0, 0, 10000, '2023-11-16 23:10:42', 10000, '2023-11-16 23:10:42');
INSERT INTO `sys_dict_type` VALUES (56, 'flink_version', 'flink版本', '', 0, 0, 0, 10000, '2023-12-06 17:39:02', 10000, '2023-12-06 17:39:02');
INSERT INTO `sys_dict_type` VALUES (57, 'label_model_type', '标签实体类型', '', 0, 0, 0, 10000, '2023-12-26 18:05:57', 10000, '2023-12-26 18:08:26');
INSERT INTO `sys_dict_type` VALUES (58, 'mapper_type', '映射类型', '', 0, 0, 0, 10000, '2024-01-16 09:45:24', 10000, '2024-01-16 09:45:24');
INSERT INTO `sys_dict_type` VALUES (59, 'change_data_sync_type', '增量变更同步类型', '', 0, 0, 0, 10000, '2024-01-16 16:08:41', 10000, '2024-01-16 16:08:41');

-- ----------------------------
-- Table structure for sys_log_login
-- ----------------------------
DROP TABLE IF EXISTS `sys_log_login`;
CREATE TABLE `sys_log_login`  (
  `id` bigint(0) NOT NULL AUTO_INCREMENT COMMENT 'id',
  `username` varchar(50) CHARACTER SET utf8mb4 COLLATE utf8mb4_0900_ai_ci NULL DEFAULT NULL COMMENT '用户名',
  `ip` varchar(32) CHARACTER SET utf8mb4 COLLATE utf8mb4_0900_ai_ci NULL DEFAULT NULL COMMENT '登录IP',
  `address` varchar(32) CHARACTER SET utf8mb4 COLLATE utf8mb4_0900_ai_ci NULL DEFAULT NULL COMMENT '登录地点',
  `user_agent` varchar(500) CHARACTER SET utf8mb4 COLLATE utf8mb4_0900_ai_ci NULL DEFAULT NULL COMMENT 'User Agent',
  `status` tinyint(0) NULL DEFAULT NULL COMMENT '登录状态  0：失败   1：成功',
  `operation` tinyint(0) UNSIGNED NULL DEFAULT NULL COMMENT '操作信息   0：登录成功   1：退出成功  2：验证码错误  3：账号密码错误',
  `create_time` datetime(0) NULL DEFAULT NULL COMMENT '创建时间',
  PRIMARY KEY (`id`) USING BTREE
) ENGINE = InnoDB AUTO_INCREMENT = 711 CHARACTER SET = utf8mb4 COLLATE = utf8mb4_0900_ai_ci COMMENT = '登录日志' ROW_FORMAT = DYNAMIC;

-- ----------------------------
-- Records of sys_log_login
-- ----------------------------
INSERT INTO `sys_log_login` VALUES (1, 'admin', '127.0.0.1', '内网IP', 'Mozilla/5.0 (Windows NT 10.0; Win64; x64) AppleWebKit/537.36 (KHTML, like Gecko) Chrome/97.0.4692.99 Safari/537.36', 0, 2, '2022-09-27 17:11:24');
INSERT INTO `sys_log_login` VALUES (2, 'admin', '127.0.0.1', '内网IP', 'Mozilla/5.0 (Windows NT 10.0; Win64; x64) AppleWebKit/537.36 (KHTML, like Gecko) Chrome/97.0.4692.99 Safari/537.36', 1, 0, '2022-09-27 17:11:36');
INSERT INTO `sys_log_login` VALUES (3, 'admin', '127.0.0.1', '内网IP', 'Mozilla/5.0 (Windows NT 10.0; Win64; x64) AppleWebKit/537.36 (KHTML, like Gecko) Chrome/97.0.4692.99 Safari/537.36', 1, 1, '2022-09-27 20:48:32');
INSERT INTO `sys_log_login` VALUES (4, 'admin', '127.0.0.1', '内网IP', 'Mozilla/5.0 (Windows NT 10.0; Win64; x64) AppleWebKit/537.36 (KHTML, like Gecko) Chrome/97.0.4692.99 Safari/537.36', 1, 0, '2022-09-27 20:48:42');
INSERT INTO `sys_log_login` VALUES (5, 'admin', '127.0.0.1', '内网IP', 'Mozilla/5.0 (Windows NT 10.0; Win64; x64) AppleWebKit/537.36 (KHTML, like Gecko) Chrome/97.0.4692.99 Safari/537.36', 1, 0, '2022-10-04 14:09:31');
INSERT INTO `sys_log_login` VALUES (6, 'admin', '127.0.0.1', '内网IP', 'Mozilla/5.0 (Windows NT 10.0; Win64; x64) AppleWebKit/537.36 (KHTML, like Gecko) Chrome/97.0.4692.99 Safari/537.36', 1, 0, '2022-10-07 11:23:48');
INSERT INTO `sys_log_login` VALUES (7, 'admin', '127.0.0.1', '内网IP', 'Mozilla/5.0 (Windows NT 10.0; Win64; x64) AppleWebKit/537.36 (KHTML, like Gecko) Chrome/97.0.4692.99 Safari/537.36', 1, 1, '2022-10-07 12:00:53');
INSERT INTO `sys_log_login` VALUES (8, 'admin', '127.0.0.1', '内网IP', 'Mozilla/5.0 (Windows NT 10.0; Win64; x64) AppleWebKit/537.36 (KHTML, like Gecko) Chrome/97.0.4692.99 Safari/537.36', 1, 0, '2022-10-07 12:01:05');
INSERT INTO `sys_log_login` VALUES (9, 'admin', '127.0.0.1', '内网IP', 'Mozilla/5.0 (Windows NT 10.0; Win64; x64) AppleWebKit/537.36 (KHTML, like Gecko) Chrome/97.0.4692.99 Safari/537.36', 1, 0, '2022-10-08 12:42:10');
INSERT INTO `sys_log_login` VALUES (10, 'admin', '127.0.0.1', '内网IP', 'Mozilla/5.0 (Windows NT 10.0; Win64; x64) AppleWebKit/537.36 (KHTML, like Gecko) Chrome/97.0.4692.99 Safari/537.36', 1, 1, '2022-10-08 16:57:53');
INSERT INTO `sys_log_login` VALUES (11, 'admin', '127.0.0.1', '内网IP', 'Mozilla/5.0 (Windows NT 10.0; Win64; x64) AppleWebKit/537.36 (KHTML, like Gecko) Chrome/97.0.4692.99 Safari/537.36', 1, 0, '2022-10-08 16:58:11');
INSERT INTO `sys_log_login` VALUES (12, 'admin', '127.0.0.1', '内网IP', 'Mozilla/5.0 (Windows NT 10.0; Win64; x64) AppleWebKit/537.36 (KHTML, like Gecko) Chrome/97.0.4692.99 Safari/537.36', 1, 1, '2022-10-08 17:30:44');
INSERT INTO `sys_log_login` VALUES (13, 'admin', '127.0.0.1', '内网IP', 'Mozilla/5.0 (Windows NT 10.0; Win64; x64) AppleWebKit/537.36 (KHTML, like Gecko) Chrome/97.0.4692.99 Safari/537.36', 1, 0, '2022-10-08 17:30:52');
INSERT INTO `sys_log_login` VALUES (14, 'admin', '127.0.0.1', '内网IP', 'Mozilla/5.0 (Windows NT 10.0; Win64; x64) AppleWebKit/537.36 (KHTML, like Gecko) Chrome/97.0.4692.99 Safari/537.36', 1, 1, '2022-10-09 12:40:22');
INSERT INTO `sys_log_login` VALUES (15, 'admin', '127.0.0.1', '内网IP', 'Mozilla/5.0 (Windows NT 10.0; Win64; x64) AppleWebKit/537.36 (KHTML, like Gecko) Chrome/97.0.4692.99 Safari/537.36', 1, 0, '2022-10-09 12:40:31');
INSERT INTO `sys_log_login` VALUES (16, 'admin', '127.0.0.1', '内网IP', 'Mozilla/5.0 (Windows NT 10.0; Win64; x64) AppleWebKit/537.36 (KHTML, like Gecko) Chrome/97.0.4692.99 Safari/537.36', 0, 2, '2022-10-11 17:47:52');
INSERT INTO `sys_log_login` VALUES (17, 'admin', '127.0.0.1', '内网IP', 'Mozilla/5.0 (Windows NT 10.0; Win64; x64) AppleWebKit/537.36 (KHTML, like Gecko) Chrome/97.0.4692.99 Safari/537.36', 1, 0, '2022-10-11 17:48:06');
INSERT INTO `sys_log_login` VALUES (18, 'admin', '127.0.0.1', '内网IP', 'Mozilla/5.0 (Windows NT 10.0; Win64; x64) AppleWebKit/537.36 (KHTML, like Gecko) Chrome/97.0.4692.99 Safari/537.36', 1, 0, '2022-10-17 11:03:13');
INSERT INTO `sys_log_login` VALUES (19, 'admin', '127.0.0.1', '内网IP', 'Mozilla/5.0 (Windows NT 10.0; Win64; x64) AppleWebKit/537.36 (KHTML, like Gecko) Chrome/97.0.4692.99 Safari/537.36', 1, 1, '2022-10-17 13:48:23');
INSERT INTO `sys_log_login` VALUES (20, 'admin', '127.0.0.1', '内网IP', 'Mozilla/5.0 (Windows NT 10.0; Win64; x64) AppleWebKit/537.36 (KHTML, like Gecko) Chrome/97.0.4692.99 Safari/537.36', 1, 0, '2022-10-17 13:48:37');
INSERT INTO `sys_log_login` VALUES (21, 'admin', '127.0.0.1', '内网IP', 'Mozilla/5.0 (Windows NT 10.0; Win64; x64) AppleWebKit/537.36 (KHTML, like Gecko) Chrome/97.0.4692.99 Safari/537.36', 1, 1, '2022-10-17 13:49:08');
INSERT INTO `sys_log_login` VALUES (22, '测试用户', '127.0.0.1', '内网IP', 'Mozilla/5.0 (Windows NT 10.0; Win64; x64) AppleWebKit/537.36 (KHTML, like Gecko) Chrome/97.0.4692.99 Safari/537.36', 0, 3, '2022-10-17 13:49:21');
INSERT INTO `sys_log_login` VALUES (23, '测试用户', '127.0.0.1', '内网IP', 'Mozilla/5.0 (Windows NT 10.0; Win64; x64) AppleWebKit/537.36 (KHTML, like Gecko) Chrome/97.0.4692.99 Safari/537.36', 0, 2, '2022-10-17 13:49:32');
INSERT INTO `sys_log_login` VALUES (24, '测试用户', '127.0.0.1', '内网IP', 'Mozilla/5.0 (Windows NT 10.0; Win64; x64) AppleWebKit/537.36 (KHTML, like Gecko) Chrome/97.0.4692.99 Safari/537.36', 1, 0, '2022-10-17 13:49:44');
INSERT INTO `sys_log_login` VALUES (25, '测试用户', '127.0.0.1', '内网IP', 'Mozilla/5.0 (Windows NT 10.0; Win64; x64) AppleWebKit/537.36 (KHTML, like Gecko) Chrome/97.0.4692.99 Safari/537.36', 1, 1, '2022-10-17 13:51:26');
INSERT INTO `sys_log_login` VALUES (26, 'admin', '127.0.0.1', '内网IP', 'Mozilla/5.0 (Windows NT 10.0; Win64; x64) AppleWebKit/537.36 (KHTML, like Gecko) Chrome/97.0.4692.99 Safari/537.36', 0, 2, '2022-10-17 13:51:42');
INSERT INTO `sys_log_login` VALUES (27, 'admin', '127.0.0.1', '内网IP', 'Mozilla/5.0 (Windows NT 10.0; Win64; x64) AppleWebKit/537.36 (KHTML, like Gecko) Chrome/97.0.4692.99 Safari/537.36', 1, 0, '2022-10-17 13:51:49');
INSERT INTO `sys_log_login` VALUES (28, 'admin', '127.0.0.1', '内网IP', 'Mozilla/5.0 (Windows NT 10.0; Win64; x64) AppleWebKit/537.36 (KHTML, like Gecko) Chrome/97.0.4692.99 Safari/537.36', 1, 1, '2022-10-17 13:59:53');
INSERT INTO `sys_log_login` VALUES (29, '测试用户', '127.0.0.1', '内网IP', 'Mozilla/5.0 (Windows NT 10.0; Win64; x64) AppleWebKit/537.36 (KHTML, like Gecko) Chrome/97.0.4692.99 Safari/537.36', 0, 2, '2022-10-17 14:00:05');
INSERT INTO `sys_log_login` VALUES (30, '测试用户', '127.0.0.1', '内网IP', 'Mozilla/5.0 (Windows NT 10.0; Win64; x64) AppleWebKit/537.36 (KHTML, like Gecko) Chrome/97.0.4692.99 Safari/537.36', 1, 0, '2022-10-17 14:00:11');
INSERT INTO `sys_log_login` VALUES (31, 'admin', '127.0.0.1', '内网IP', 'Mozilla/5.0 (Windows NT 10.0; Win64; x64) AppleWebKit/537.36 (KHTML, like Gecko) Chrome/97.0.4692.99 Safari/537.36', 1, 0, '2022-10-19 10:10:25');
INSERT INTO `sys_log_login` VALUES (32, 'admin', '127.0.0.1', '内网IP', 'Mozilla/5.0 (Windows NT 10.0; Win64; x64) AppleWebKit/537.36 (KHTML, like Gecko) Chrome/97.0.4692.99 Safari/537.36', 1, 0, '2022-10-20 10:48:03');
INSERT INTO `sys_log_login` VALUES (33, 'admin', '127.0.0.1', '内网IP', 'Mozilla/5.0 (Windows NT 10.0; Win64; x64) AppleWebKit/537.36 (KHTML, like Gecko) Chrome/97.0.4692.99 Safari/537.36', 1, 1, '2022-10-20 12:01:44');
INSERT INTO `sys_log_login` VALUES (34, '测试用户', '127.0.0.1', '内网IP', 'Mozilla/5.0 (Windows NT 10.0; Win64; x64) AppleWebKit/537.36 (KHTML, like Gecko) Chrome/97.0.4692.99 Safari/537.36', 1, 0, '2022-10-20 12:01:51');
INSERT INTO `sys_log_login` VALUES (35, '测试用户', '127.0.0.1', '内网IP', 'Mozilla/5.0 (Windows NT 10.0; Win64; x64) AppleWebKit/537.36 (KHTML, like Gecko) Chrome/97.0.4692.99 Safari/537.36', 1, 1, '2022-10-20 12:55:48');
INSERT INTO `sys_log_login` VALUES (36, '测试用户', '127.0.0.1', '内网IP', 'Mozilla/5.0 (Windows NT 10.0; Win64; x64) AppleWebKit/537.36 (KHTML, like Gecko) Chrome/97.0.4692.99 Safari/537.36', 1, 1, '2022-10-20 12:55:48');
INSERT INTO `sys_log_login` VALUES (37, 'admin', '127.0.0.1', '内网IP', 'Mozilla/5.0 (Windows NT 10.0; Win64; x64) AppleWebKit/537.36 (KHTML, like Gecko) Chrome/97.0.4692.99 Safari/537.36', 1, 0, '2022-10-20 12:56:10');
INSERT INTO `sys_log_login` VALUES (38, 'admin', '127.0.0.1', '内网IP', 'Mozilla/5.0 (Windows NT 10.0; Win64; x64) AppleWebKit/537.36 (KHTML, like Gecko) Chrome/97.0.4692.99 Safari/537.36', 1, 0, '2022-10-22 11:46:48');
INSERT INTO `sys_log_login` VALUES (39, 'admin', '127.0.0.1', '内网IP', 'Mozilla/5.0 (Windows NT 10.0; Win64; x64) AppleWebKit/537.36 (KHTML, like Gecko) Chrome/97.0.4692.99 Safari/537.36', 1, 1, '2022-10-22 13:15:51');
INSERT INTO `sys_log_login` VALUES (40, 'admin', '127.0.0.1', '内网IP', 'Mozilla/5.0 (Windows NT 10.0; Win64; x64) AppleWebKit/537.36 (KHTML, like Gecko) Chrome/97.0.4692.99 Safari/537.36', 1, 0, '2022-10-22 13:16:05');
INSERT INTO `sys_log_login` VALUES (41, 'admin', '127.0.0.1', '内网IP', 'Mozilla/5.0 (Windows NT 10.0; Win64; x64) AppleWebKit/537.36 (KHTML, like Gecko) Chrome/97.0.4692.99 Safari/537.36', 1, 1, '2022-10-22 13:34:19');
INSERT INTO `sys_log_login` VALUES (42, 'admin', '127.0.0.1', '内网IP', 'Mozilla/5.0 (Windows NT 10.0; Win64; x64) AppleWebKit/537.36 (KHTML, like Gecko) Chrome/97.0.4692.99 Safari/537.36', 0, 2, '2022-10-22 13:34:27');
INSERT INTO `sys_log_login` VALUES (43, 'admin', '127.0.0.1', '内网IP', 'Mozilla/5.0 (Windows NT 10.0; Win64; x64) AppleWebKit/537.36 (KHTML, like Gecko) Chrome/97.0.4692.99 Safari/537.36', 1, 0, '2022-10-22 13:34:33');
INSERT INTO `sys_log_login` VALUES (44, 'admin', '127.0.0.1', '内网IP', 'Mozilla/5.0 (Windows NT 10.0; Win64; x64) AppleWebKit/537.36 (KHTML, like Gecko) Chrome/97.0.4692.99 Safari/537.36', 1, 1, '2022-10-22 16:39:23');
INSERT INTO `sys_log_login` VALUES (45, 'admin', '127.0.0.1', '内网IP', 'Mozilla/5.0 (Windows NT 10.0; Win64; x64) AppleWebKit/537.36 (KHTML, like Gecko) Chrome/97.0.4692.99 Safari/537.36', 1, 0, '2022-10-22 16:39:30');
INSERT INTO `sys_log_login` VALUES (46, 'admin', '127.0.0.1', '内网IP', 'Mozilla/5.0 (Windows NT 10.0; Win64; x64) AppleWebKit/537.36 (KHTML, like Gecko) Chrome/97.0.4692.99 Safari/537.36', 1, 1, '2022-10-22 17:00:00');
INSERT INTO `sys_log_login` VALUES (47, 'admin', '127.0.0.1', '内网IP', 'Mozilla/5.0 (Windows NT 10.0; Win64; x64) AppleWebKit/537.36 (KHTML, like Gecko) Chrome/97.0.4692.99 Safari/537.36', 1, 0, '2022-10-22 17:00:09');
INSERT INTO `sys_log_login` VALUES (48, 'admin', '127.0.0.1', '内网IP', 'Mozilla/5.0 (Windows NT 10.0; Win64; x64) AppleWebKit/537.36 (KHTML, like Gecko) Chrome/97.0.4692.99 Safari/537.36', 1, 1, '2022-10-22 17:17:08');
INSERT INTO `sys_log_login` VALUES (49, 'admin', '127.0.0.1', '内网IP', 'Mozilla/5.0 (Windows NT 10.0; Win64; x64) AppleWebKit/537.36 (KHTML, like Gecko) Chrome/97.0.4692.99 Safari/537.36', 1, 0, '2022-10-22 17:17:24');
INSERT INTO `sys_log_login` VALUES (50, 'admin', '127.0.0.1', '内网IP', 'Mozilla/5.0 (Windows NT 10.0; Win64; x64) AppleWebKit/537.36 (KHTML, like Gecko) Chrome/97.0.4692.99 Safari/537.36', 1, 1, '2022-10-22 20:04:14');
INSERT INTO `sys_log_login` VALUES (51, 'admin', '127.0.0.1', '内网IP', 'Mozilla/5.0 (Windows NT 10.0; Win64; x64) AppleWebKit/537.36 (KHTML, like Gecko) Chrome/97.0.4692.99 Safari/537.36', 1, 0, '2022-10-22 20:04:23');
INSERT INTO `sys_log_login` VALUES (52, 'admin', '127.0.0.1', '内网IP', 'Mozilla/5.0 (Windows NT 10.0; Win64; x64) AppleWebKit/537.36 (KHTML, like Gecko) Chrome/97.0.4692.99 Safari/537.36', 1, 0, '2022-10-23 20:10:49');
INSERT INTO `sys_log_login` VALUES (53, 'admin', '127.0.0.1', '内网IP', 'Mozilla/5.0 (Windows NT 10.0; Win64; x64) AppleWebKit/537.36 (KHTML, like Gecko) Chrome/97.0.4692.99 Safari/537.36', 1, 0, '2022-10-24 21:45:07');
INSERT INTO `sys_log_login` VALUES (54, 'admin', '127.0.0.1', '内网IP', 'Mozilla/5.0 (Windows NT 10.0; Win64; x64) AppleWebKit/537.36 (KHTML, like Gecko) Chrome/97.0.4692.99 Safari/537.36', 1, 1, '2022-10-25 15:27:30');
INSERT INTO `sys_log_login` VALUES (55, 'admin', '127.0.0.1', '内网IP', 'Mozilla/5.0 (Windows NT 10.0; Win64; x64) AppleWebKit/537.36 (KHTML, like Gecko) Chrome/97.0.4692.99 Safari/537.36', 1, 0, '2022-10-25 15:27:39');
INSERT INTO `sys_log_login` VALUES (56, 'admin', '127.0.0.1', '内网IP', 'Mozilla/5.0 (Windows NT 10.0; Win64; x64) AppleWebKit/537.36 (KHTML, like Gecko) Chrome/97.0.4692.99 Safari/537.36', 1, 0, '2022-10-26 22:37:16');
INSERT INTO `sys_log_login` VALUES (57, 'admin', '127.0.0.1', '内网IP', 'Mozilla/5.0 (Windows NT 10.0; Win64; x64) AppleWebKit/537.36 (KHTML, like Gecko) Chrome/97.0.4692.99 Safari/537.36', 1, 1, '2022-10-27 14:59:36');
INSERT INTO `sys_log_login` VALUES (58, 'admin', '127.0.0.1', '内网IP', 'Mozilla/5.0 (Windows NT 10.0; Win64; x64) AppleWebKit/537.36 (KHTML, like Gecko) Chrome/97.0.4692.99 Safari/537.36', 1, 0, '2022-10-27 14:59:50');
INSERT INTO `sys_log_login` VALUES (59, 'admin', '127.0.0.1', '内网IP', 'Mozilla/5.0 (Windows NT 10.0; Win64; x64) AppleWebKit/537.36 (KHTML, like Gecko) Chrome/97.0.4692.99 Safari/537.36', 1, 1, '2022-10-27 15:35:46');
INSERT INTO `sys_log_login` VALUES (60, 'admin', '127.0.0.1', '内网IP', 'Mozilla/5.0 (Windows NT 10.0; Win64; x64) AppleWebKit/537.36 (KHTML, like Gecko) Chrome/97.0.4692.99 Safari/537.36', 1, 0, '2022-10-27 16:14:35');
INSERT INTO `sys_log_login` VALUES (61, 'admin', '127.0.0.1', '内网IP', 'Mozilla/5.0 (Windows NT 10.0; Win64; x64) AppleWebKit/537.36 (KHTML, like Gecko) Chrome/97.0.4692.99 Safari/537.36', 1, 1, '2022-10-27 22:19:45');
INSERT INTO `sys_log_login` VALUES (62, 'admin', '127.0.0.1', '内网IP', 'Mozilla/5.0 (Windows NT 10.0; Win64; x64) AppleWebKit/537.36 (KHTML, like Gecko) Chrome/97.0.4692.99 Safari/537.36', 1, 0, '2022-10-27 22:19:56');
INSERT INTO `sys_log_login` VALUES (63, 'admin', '127.0.0.1', '内网IP', 'Mozilla/5.0 (Windows NT 10.0; Win64; x64) AppleWebKit/537.36 (KHTML, like Gecko) Chrome/97.0.4692.99 Safari/537.36', 1, 1, '2022-10-28 17:00:33');
INSERT INTO `sys_log_login` VALUES (64, 'admin', '127.0.0.1', '内网IP', 'Mozilla/5.0 (Windows NT 10.0; Win64; x64) AppleWebKit/537.36 (KHTML, like Gecko) Chrome/97.0.4692.99 Safari/537.36', 1, 0, '2022-10-28 17:00:41');
INSERT INTO `sys_log_login` VALUES (65, 'admin', '127.0.0.1', '内网IP', 'Mozilla/5.0 (Windows NT 10.0; Win64; x64) AppleWebKit/537.36 (KHTML, like Gecko) Chrome/97.0.4692.99 Safari/537.36', 1, 1, '2022-10-29 12:49:32');
INSERT INTO `sys_log_login` VALUES (66, 'admin', '127.0.0.1', '内网IP', 'Mozilla/5.0 (Windows NT 10.0; Win64; x64) AppleWebKit/537.36 (KHTML, like Gecko) Chrome/97.0.4692.99 Safari/537.36', 1, 0, '2022-10-29 12:55:40');
INSERT INTO `sys_log_login` VALUES (67, 'admin', '127.0.0.1', '内网IP', 'Mozilla/5.0 (Windows NT 10.0; Win64; x64) AppleWebKit/537.36 (KHTML, like Gecko) Chrome/97.0.4692.99 Safari/537.36', 1, 1, '2022-10-29 12:57:00');
INSERT INTO `sys_log_login` VALUES (68, 'admin', '127.0.0.1', '内网IP', 'Mozilla/5.0 (Windows NT 10.0; Win64; x64) AppleWebKit/537.36 (KHTML, like Gecko) Chrome/97.0.4692.99 Safari/537.36', 1, 0, '2022-10-29 12:57:10');
INSERT INTO `sys_log_login` VALUES (69, 'admin', '127.0.0.1', '内网IP', 'Mozilla/5.0 (Windows NT 10.0; Win64; x64) AppleWebKit/537.36 (KHTML, like Gecko) Chrome/97.0.4692.99 Safari/537.36', 1, 1, '2022-10-29 14:30:10');
INSERT INTO `sys_log_login` VALUES (70, 'admin', '127.0.0.1', '内网IP', 'Mozilla/5.0 (Windows NT 10.0; Win64; x64) AppleWebKit/537.36 (KHTML, like Gecko) Chrome/97.0.4692.99 Safari/537.36', 1, 0, '2022-10-29 14:30:18');
INSERT INTO `sys_log_login` VALUES (71, 'admin', '127.0.0.1', '内网IP', 'Mozilla/5.0 (Windows NT 10.0; Win64; x64) AppleWebKit/537.36 (KHTML, like Gecko) Chrome/97.0.4692.99 Safari/537.36', 0, 2, '2022-11-01 23:14:43');
INSERT INTO `sys_log_login` VALUES (72, 'admin', '127.0.0.1', '内网IP', 'Mozilla/5.0 (Windows NT 10.0; Win64; x64) AppleWebKit/537.36 (KHTML, like Gecko) Chrome/97.0.4692.99 Safari/537.36', 1, 0, '2022-11-01 23:15:01');
INSERT INTO `sys_log_login` VALUES (73, 'admin', '127.0.0.1', '内网IP', 'Mozilla/5.0 (Windows NT 10.0; Win64; x64) AppleWebKit/537.36 (KHTML, like Gecko) Chrome/97.0.4692.99 Safari/537.36', 1, 0, '2022-11-10 16:51:17');
INSERT INTO `sys_log_login` VALUES (74, 'admin', '127.0.0.1', '内网IP', 'Mozilla/5.0 (Windows NT 10.0; Win64; x64) AppleWebKit/537.36 (KHTML, like Gecko) Chrome/97.0.4692.99 Safari/537.36', 0, 2, '2022-11-11 17:38:02');
INSERT INTO `sys_log_login` VALUES (75, 'admin', '127.0.0.1', '内网IP', 'Mozilla/5.0 (Windows NT 10.0; Win64; x64) AppleWebKit/537.36 (KHTML, like Gecko) Chrome/97.0.4692.99 Safari/537.36', 1, 0, '2022-11-11 17:38:10');
INSERT INTO `sys_log_login` VALUES (76, 'admin', '127.0.0.1', '内网IP', 'Mozilla/5.0 (Windows NT 10.0; Win64; x64) AppleWebKit/537.36 (KHTML, like Gecko) Chrome/97.0.4692.99 Safari/537.36', 1, 0, '2022-11-12 21:23:47');
INSERT INTO `sys_log_login` VALUES (77, 'admin', '127.0.0.1', '内网IP', 'Mozilla/5.0 (Windows NT 10.0; Win64; x64) AppleWebKit/537.36 (KHTML, like Gecko) Chrome/97.0.4692.99 Safari/537.36', 1, 0, '2022-11-14 15:04:59');
INSERT INTO `sys_log_login` VALUES (78, 'admin', '127.0.0.1', '内网IP', 'Mozilla/5.0 (Windows NT 10.0; Win64; x64) AppleWebKit/537.36 (KHTML, like Gecko) Chrome/97.0.4692.99 Safari/537.36', 1, 0, '2022-11-16 11:15:56');
INSERT INTO `sys_log_login` VALUES (79, 'admin', '127.0.0.1', '内网IP', 'Mozilla/5.0 (Windows NT 10.0; Win64; x64) AppleWebKit/537.36 (KHTML, like Gecko) Chrome/97.0.4692.99 Safari/537.36', 1, 1, '2022-11-16 11:53:52');
INSERT INTO `sys_log_login` VALUES (80, 'admin', '127.0.0.1', '内网IP', 'Mozilla/5.0 (Windows NT 10.0; Win64; x64) AppleWebKit/537.36 (KHTML, like Gecko) Chrome/97.0.4692.99 Safari/537.36', 0, 2, '2022-11-16 11:54:04');
INSERT INTO `sys_log_login` VALUES (81, 'admin', '127.0.0.1', '内网IP', 'Mozilla/5.0 (Windows NT 10.0; Win64; x64) AppleWebKit/537.36 (KHTML, like Gecko) Chrome/97.0.4692.99 Safari/537.36', 1, 0, '2022-11-16 11:54:12');
INSERT INTO `sys_log_login` VALUES (82, 'admin', '127.0.0.1', '内网IP', 'Mozilla/5.0 (Windows NT 10.0; Win64; x64) AppleWebKit/537.36 (KHTML, like Gecko) Chrome/97.0.4692.99 Safari/537.36', 1, 0, '2022-11-18 12:59:49');
INSERT INTO `sys_log_login` VALUES (83, 'admin', '127.0.0.1', '内网IP', 'Mozilla/5.0 (Windows NT 10.0; Win64; x64) AppleWebKit/537.36 (KHTML, like Gecko) Chrome/97.0.4692.99 Safari/537.36', 1, 1, '2022-11-18 14:27:20');
INSERT INTO `sys_log_login` VALUES (84, 'admin', '127.0.0.1', '内网IP', 'Mozilla/5.0 (Windows NT 10.0; Win64; x64) AppleWebKit/537.36 (KHTML, like Gecko) Chrome/97.0.4692.99 Safari/537.36', 1, 0, '2022-11-18 14:27:31');
INSERT INTO `sys_log_login` VALUES (85, 'admin', '127.0.0.1', '内网IP', 'Mozilla/5.0 (Windows NT 10.0; Win64; x64) AppleWebKit/537.36 (KHTML, like Gecko) Chrome/97.0.4692.99 Safari/537.36', 1, 0, '2022-11-21 09:21:12');
INSERT INTO `sys_log_login` VALUES (86, 'admin', '127.0.0.1', '内网IP', 'Mozilla/5.0 (Windows NT 10.0; Win64; x64) AppleWebKit/537.36 (KHTML, like Gecko) Chrome/97.0.4692.99 Safari/537.36', 0, 2, '2022-11-22 10:36:54');
INSERT INTO `sys_log_login` VALUES (87, 'admin', '127.0.0.1', '内网IP', 'Mozilla/5.0 (Windows NT 10.0; Win64; x64) AppleWebKit/537.36 (KHTML, like Gecko) Chrome/97.0.4692.99 Safari/537.36', 0, 2, '2022-11-22 10:36:50');
INSERT INTO `sys_log_login` VALUES (88, 'admin', '127.0.0.1', '内网IP', 'Mozilla/5.0 (Windows NT 10.0; Win64; x64) AppleWebKit/537.36 (KHTML, like Gecko) Chrome/97.0.4692.99 Safari/537.36', 1, 0, '2022-11-22 10:37:04');
INSERT INTO `sys_log_login` VALUES (89, 'admin', '127.0.0.1', '内网IP', 'Mozilla/5.0 (Windows NT 10.0; Win64; x64) AppleWebKit/537.36 (KHTML, like Gecko) Chrome/97.0.4692.99 Safari/537.36', 0, 2, '2022-11-23 10:40:40');
INSERT INTO `sys_log_login` VALUES (90, 'admin', '127.0.0.1', '内网IP', 'Mozilla/5.0 (Windows NT 10.0; Win64; x64) AppleWebKit/537.36 (KHTML, like Gecko) Chrome/97.0.4692.99 Safari/537.36', 1, 0, '2022-11-23 10:40:49');
INSERT INTO `sys_log_login` VALUES (91, 'admin', '127.0.0.1', '内网IP', 'Mozilla/5.0 (Windows NT 10.0; Win64; x64) AppleWebKit/537.36 (KHTML, like Gecko) Chrome/97.0.4692.99 Safari/537.36', 1, 0, '2022-11-24 10:43:19');
INSERT INTO `sys_log_login` VALUES (92, 'admin', '127.0.0.1', '内网IP', 'Mozilla/5.0 (Windows NT 10.0; Win64; x64) AppleWebKit/537.36 (KHTML, like Gecko) Chrome/97.0.4692.99 Safari/537.36', 1, 0, '2022-11-25 11:40:20');
INSERT INTO `sys_log_login` VALUES (93, 'admin', '127.0.0.1', '内网IP', 'Mozilla/5.0 (Windows NT 10.0; Win64; x64) AppleWebKit/537.36 (KHTML, like Gecko) Chrome/97.0.4692.99 Safari/537.36', 1, 1, '2022-11-25 21:46:41');
INSERT INTO `sys_log_login` VALUES (94, '测试用户', '127.0.0.1', '内网IP', 'Mozilla/5.0 (Windows NT 10.0; Win64; x64) AppleWebKit/537.36 (KHTML, like Gecko) Chrome/97.0.4692.99 Safari/537.36', 1, 0, '2022-11-25 21:47:14');
INSERT INTO `sys_log_login` VALUES (95, '测试用户', '127.0.0.1', '内网IP', 'Mozilla/5.0 (Windows NT 10.0; Win64; x64) AppleWebKit/537.36 (KHTML, like Gecko) Chrome/97.0.4692.99 Safari/537.36', 1, 1, '2022-11-25 22:03:34');
INSERT INTO `sys_log_login` VALUES (96, '测试用户', '127.0.0.1', '内网IP', 'Mozilla/5.0 (Windows NT 10.0; Win64; x64) AppleWebKit/537.36 (KHTML, like Gecko) Chrome/97.0.4692.99 Safari/537.36', 1, 0, '2022-11-25 22:03:44');
INSERT INTO `sys_log_login` VALUES (97, '测试用户', '127.0.0.1', '内网IP', 'Mozilla/5.0 (Windows NT 10.0; Win64; x64) AppleWebKit/537.36 (KHTML, like Gecko) Chrome/97.0.4692.99 Safari/537.36', 1, 1, '2022-11-25 23:20:46');
INSERT INTO `sys_log_login` VALUES (98, 'admin', '127.0.0.1', '内网IP', 'Mozilla/5.0 (Windows NT 10.0; Win64; x64) AppleWebKit/537.36 (KHTML, like Gecko) Chrome/97.0.4692.99 Safari/537.36', 1, 0, '2022-11-25 23:20:53');
INSERT INTO `sys_log_login` VALUES (99, 'admin', '127.0.0.1', '内网IP', 'Mozilla/5.0 (Windows NT 10.0; Win64; x64) AppleWebKit/537.36 (KHTML, like Gecko) Chrome/97.0.4692.99 Safari/537.36', 0, 2, '2022-11-25 23:25:09');
INSERT INTO `sys_log_login` VALUES (100, 'admin', '127.0.0.1', '内网IP', 'Mozilla/5.0 (Windows NT 10.0; Win64; x64) AppleWebKit/537.36 (KHTML, like Gecko) Chrome/97.0.4692.99 Safari/537.36', 1, 0, '2022-11-25 23:25:16');
INSERT INTO `sys_log_login` VALUES (101, 'admin', '127.0.0.1', '内网IP', 'Mozilla/5.0 (Windows NT 10.0; Win64; x64) AppleWebKit/537.36 (KHTML, like Gecko) Chrome/97.0.4692.99 Safari/537.36', 1, 0, '2022-11-25 23:35:55');
INSERT INTO `sys_log_login` VALUES (102, 'admin', '127.0.0.1', '内网IP', 'Mozilla/5.0 (Windows NT 10.0; Win64; x64) AppleWebKit/537.36 (KHTML, like Gecko) Chrome/97.0.4692.99 Safari/537.36', 1, 1, '2022-11-25 23:37:24');
INSERT INTO `sys_log_login` VALUES (103, '测试用户', '127.0.0.1', '内网IP', 'Mozilla/5.0 (Windows NT 10.0; Win64; x64) AppleWebKit/537.36 (KHTML, like Gecko) Chrome/97.0.4692.99 Safari/537.36', 1, 0, '2022-11-25 23:37:33');
INSERT INTO `sys_log_login` VALUES (104, '测试用户', '127.0.0.1', '内网IP', 'Mozilla/5.0 (Windows NT 10.0; Win64; x64) AppleWebKit/537.36 (KHTML, like Gecko) Chrome/97.0.4692.99 Safari/537.36', 1, 1, '2022-11-25 23:38:27');
INSERT INTO `sys_log_login` VALUES (105, 'admin', '127.0.0.1', '内网IP', 'Mozilla/5.0 (Windows NT 10.0; Win64; x64) AppleWebKit/537.36 (KHTML, like Gecko) Chrome/97.0.4692.99 Safari/537.36', 1, 0, '2022-11-25 23:43:47');
INSERT INTO `sys_log_login` VALUES (106, 'admin', '127.0.0.1', '内网IP', 'Mozilla/5.0 (Windows NT 10.0; Win64; x64) AppleWebKit/537.36 (KHTML, like Gecko) Chrome/97.0.4692.99 Safari/537.36', 1, 1, '2022-11-26 00:03:39');
INSERT INTO `sys_log_login` VALUES (107, 'admin', '127.0.0.1', '内网IP', 'Mozilla/5.0 (Windows NT 10.0; Win64; x64) AppleWebKit/537.36 (KHTML, like Gecko) Chrome/97.0.4692.99 Safari/537.36', 1, 0, '2022-11-26 00:03:51');
INSERT INTO `sys_log_login` VALUES (108, 'admin', '127.0.0.1', '内网IP', 'Mozilla/5.0 (Windows NT 10.0; Win64; x64) AppleWebKit/537.36 (KHTML, like Gecko) Chrome/97.0.4692.99 Safari/537.36', 1, 1, '2022-11-26 12:03:03');
INSERT INTO `sys_log_login` VALUES (109, '测试用户', '127.0.0.1', '内网IP', 'Mozilla/5.0 (Windows NT 10.0; Win64; x64) AppleWebKit/537.36 (KHTML, like Gecko) Chrome/97.0.4692.99 Safari/537.36', 1, 0, '2022-11-26 12:03:17');
INSERT INTO `sys_log_login` VALUES (110, '测试用户', '127.0.0.1', '内网IP', 'Mozilla/5.0 (Windows NT 10.0; Win64; x64) AppleWebKit/537.36 (KHTML, like Gecko) Chrome/97.0.4692.99 Safari/537.36', 1, 1, '2022-11-26 12:05:30');
INSERT INTO `sys_log_login` VALUES (111, 'admin', '127.0.0.1', '内网IP', 'Mozilla/5.0 (Windows NT 10.0; Win64; x64) AppleWebKit/537.36 (KHTML, like Gecko) Chrome/97.0.4692.99 Safari/537.36', 1, 0, '2022-11-26 12:05:47');
INSERT INTO `sys_log_login` VALUES (112, 'admin', '127.0.0.1', '内网IP', 'Mozilla/5.0 (Windows NT 10.0; Win64; x64) AppleWebKit/537.36 (KHTML, like Gecko) Chrome/97.0.4692.99 Safari/537.36', 1, 1, '2022-11-26 12:10:04');
INSERT INTO `sys_log_login` VALUES (113, '测试用户', '127.0.0.1', '内网IP', 'Mozilla/5.0 (Windows NT 10.0; Win64; x64) AppleWebKit/537.36 (KHTML, like Gecko) Chrome/97.0.4692.99 Safari/537.36', 1, 0, '2022-11-26 12:10:15');
INSERT INTO `sys_log_login` VALUES (114, '测试用户', '127.0.0.1', '内网IP', 'Mozilla/5.0 (Windows NT 10.0; Win64; x64) AppleWebKit/537.36 (KHTML, like Gecko) Chrome/97.0.4692.99 Safari/537.36', 1, 1, '2022-11-26 16:35:40');
INSERT INTO `sys_log_login` VALUES (115, 'admin', '127.0.0.1', '内网IP', 'Mozilla/5.0 (Windows NT 10.0; Win64; x64) AppleWebKit/537.36 (KHTML, like Gecko) Chrome/97.0.4692.99 Safari/537.36', 1, 0, '2022-11-26 16:35:50');
INSERT INTO `sys_log_login` VALUES (116, 'admin', '127.0.0.1', '内网IP', 'Mozilla/5.0 (Windows NT 10.0; Win64; x64) AppleWebKit/537.36 (KHTML, like Gecko) Chrome/97.0.4692.99 Safari/537.36', 0, 2, '2022-11-27 18:38:34');
INSERT INTO `sys_log_login` VALUES (117, 'admin', '127.0.0.1', '内网IP', 'Mozilla/5.0 (Windows NT 10.0; Win64; x64) AppleWebKit/537.36 (KHTML, like Gecko) Chrome/97.0.4692.99 Safari/537.36', 0, 2, '2022-11-27 18:38:49');
INSERT INTO `sys_log_login` VALUES (118, 'admin', '127.0.0.1', '内网IP', 'Mozilla/5.0 (Windows NT 10.0; Win64; x64) AppleWebKit/537.36 (KHTML, like Gecko) Chrome/97.0.4692.99 Safari/537.36', 1, 0, '2022-11-27 18:38:55');
INSERT INTO `sys_log_login` VALUES (119, 'admin', '127.0.0.1', '内网IP', 'Mozilla/5.0 (Windows NT 10.0; Win64; x64) AppleWebKit/537.36 (KHTML, like Gecko) Chrome/97.0.4692.99 Safari/537.36', 1, 1, '2022-11-28 15:34:17');
INSERT INTO `sys_log_login` VALUES (120, 'admin', '127.0.0.1', '内网IP', 'Mozilla/5.0 (Windows NT 10.0; Win64; x64) AppleWebKit/537.36 (KHTML, like Gecko) Chrome/97.0.4692.99 Safari/537.36', 1, 0, '2022-11-28 15:34:39');
INSERT INTO `sys_log_login` VALUES (121, 'admin', '127.0.0.1', '内网IP', 'Mozilla/5.0 (Windows NT 10.0; Win64; x64) AppleWebKit/537.36 (KHTML, like Gecko) Chrome/97.0.4692.99 Safari/537.36', 1, 0, '2022-11-29 15:40:57');
INSERT INTO `sys_log_login` VALUES (122, 'admin', '127.0.0.1', '内网IP', 'Mozilla/5.0 (Windows NT 10.0; Win64; x64) AppleWebKit/537.36 (KHTML, like Gecko) Chrome/97.0.4692.99 Safari/537.36', 0, 2, '2022-11-30 16:10:59');
INSERT INTO `sys_log_login` VALUES (123, 'admin', '127.0.0.1', '内网IP', 'Mozilla/5.0 (Windows NT 10.0; Win64; x64) AppleWebKit/537.36 (KHTML, like Gecko) Chrome/97.0.4692.99 Safari/537.36', 0, 2, '2022-11-30 16:11:15');
INSERT INTO `sys_log_login` VALUES (124, 'admin', '127.0.0.1', '内网IP', 'Mozilla/5.0 (Windows NT 10.0; Win64; x64) AppleWebKit/537.36 (KHTML, like Gecko) Chrome/97.0.4692.99 Safari/537.36', 0, 2, '2022-11-30 16:11:19');
INSERT INTO `sys_log_login` VALUES (125, 'admin', '127.0.0.1', '内网IP', 'Mozilla/5.0 (Windows NT 10.0; Win64; x64) AppleWebKit/537.36 (KHTML, like Gecko) Chrome/97.0.4692.99 Safari/537.36', 1, 0, '2022-11-30 16:11:26');
INSERT INTO `sys_log_login` VALUES (126, 'admin', '127.0.0.1', '内网IP', 'Mozilla/5.0 (Windows NT 10.0; Win64; x64) AppleWebKit/537.36 (KHTML, like Gecko) Chrome/97.0.4692.99 Safari/537.36', 1, 0, '2022-12-01 16:15:28');
INSERT INTO `sys_log_login` VALUES (127, 'admin', '127.0.0.1', '内网IP', 'Mozilla/5.0 (Windows NT 10.0; Win64; x64) AppleWebKit/537.36 (KHTML, like Gecko) Chrome/97.0.4692.99 Safari/537.36', 1, 0, '2022-12-03 11:13:35');
INSERT INTO `sys_log_login` VALUES (128, 'admin', '127.0.0.1', '内网IP', 'Mozilla/5.0 (Windows NT 10.0; Win64; x64) AppleWebKit/537.36 (KHTML, like Gecko) Chrome/97.0.4692.99 Safari/537.36', 1, 1, '2022-12-03 11:25:18');
INSERT INTO `sys_log_login` VALUES (129, 'admin', '127.0.0.1', '内网IP', 'Mozilla/5.0 (Windows NT 10.0; Win64; x64) AppleWebKit/537.36 (KHTML, like Gecko) Chrome/97.0.4692.99 Safari/537.36', 1, 0, '2022-12-03 11:25:28');
INSERT INTO `sys_log_login` VALUES (130, 'admin', '127.0.0.1', '内网IP', 'Mozilla/5.0 (Windows NT 10.0; Win64; x64) AppleWebKit/537.36 (KHTML, like Gecko) Chrome/97.0.4692.99 Safari/537.36', 1, 0, '2022-12-04 11:25:38');
INSERT INTO `sys_log_login` VALUES (131, 'admin', '127.0.0.1', '内网IP', 'Mozilla/5.0 (Windows NT 10.0; Win64; x64) AppleWebKit/537.36 (KHTML, like Gecko) Chrome/97.0.4692.99 Safari/537.36', 1, 0, '2022-12-05 16:40:26');
INSERT INTO `sys_log_login` VALUES (132, 'admin', '127.0.0.1', '内网IP', 'Mozilla/5.0 (Windows NT 10.0; Win64; x64) AppleWebKit/537.36 (KHTML, like Gecko) Chrome/97.0.4692.99 Safari/537.36', 1, 0, '2022-12-06 17:23:45');
INSERT INTO `sys_log_login` VALUES (133, 'admin', '127.0.0.1', '内网IP', 'Mozilla/5.0 (Windows NT 10.0; Win64; x64) AppleWebKit/537.36 (KHTML, like Gecko) Chrome/97.0.4692.99 Safari/537.36', 1, 1, '2022-12-07 09:26:16');
INSERT INTO `sys_log_login` VALUES (134, 'admin', '127.0.0.1', '内网IP', 'Mozilla/5.0 (Windows NT 10.0; Win64; x64) AppleWebKit/537.36 (KHTML, like Gecko) Chrome/97.0.4692.99 Safari/537.36', 1, 0, '2022-12-07 09:26:26');
INSERT INTO `sys_log_login` VALUES (135, 'admin', '127.0.0.1', '内网IP', 'Mozilla/5.0 (Windows NT 10.0; Win64; x64) AppleWebKit/537.36 (KHTML, like Gecko) Chrome/97.0.4692.99 Safari/537.36', 1, 0, '2022-12-08 13:01:55');
INSERT INTO `sys_log_login` VALUES (136, 'admin', '127.0.0.1', '内网IP', 'Mozilla/5.0 (Windows NT 10.0; Win64; x64) AppleWebKit/537.36 (KHTML, like Gecko) Chrome/97.0.4692.99 Safari/537.36', 0, 2, '2022-12-09 15:45:04');
INSERT INTO `sys_log_login` VALUES (137, 'admin', '127.0.0.1', '内网IP', 'Mozilla/5.0 (Windows NT 10.0; Win64; x64) AppleWebKit/537.36 (KHTML, like Gecko) Chrome/97.0.4692.99 Safari/537.36', 0, 2, '2022-12-09 15:45:11');
INSERT INTO `sys_log_login` VALUES (138, 'admin', '127.0.0.1', '内网IP', 'Mozilla/5.0 (Windows NT 10.0; Win64; x64) AppleWebKit/537.36 (KHTML, like Gecko) Chrome/97.0.4692.99 Safari/537.36', 1, 0, '2022-12-09 15:45:12');
INSERT INTO `sys_log_login` VALUES (139, 'admin', '127.0.0.1', '内网IP', 'Mozilla/5.0 (Windows NT 10.0; Win64; x64) AppleWebKit/537.36 (KHTML, like Gecko) Chrome/97.0.4692.99 Safari/537.36', 1, 0, '2022-12-10 18:19:41');
INSERT INTO `sys_log_login` VALUES (140, 'admin', '127.0.0.1', '内网IP', 'Mozilla/5.0 (Windows NT 10.0; Win64; x64) AppleWebKit/537.36 (KHTML, like Gecko) Chrome/97.0.4692.99 Safari/537.36', 1, 0, '2022-12-14 12:13:21');
INSERT INTO `sys_log_login` VALUES (141, 'admin', '127.0.0.1', '内网IP', 'Mozilla/5.0 (Windows NT 10.0; Win64; x64) AppleWebKit/537.36 (KHTML, like Gecko) Chrome/97.0.4692.99 Safari/537.36', 1, 0, '2022-12-15 16:15:03');
INSERT INTO `sys_log_login` VALUES (142, 'admin', '127.0.0.1', '内网IP', 'Mozilla/5.0 (Windows NT 10.0; Win64; x64) AppleWebKit/537.36 (KHTML, like Gecko) Chrome/97.0.4692.99 Safari/537.36', 1, 0, '2022-12-19 10:29:52');
INSERT INTO `sys_log_login` VALUES (143, 'admin', '127.0.0.1', '内网IP', 'Mozilla/5.0 (Windows NT 10.0; Win64; x64) AppleWebKit/537.36 (KHTML, like Gecko) Chrome/97.0.4692.99 Safari/537.36', 1, 0, '2022-12-20 16:14:50');
INSERT INTO `sys_log_login` VALUES (144, 'admin', '127.0.0.1', '内网IP', 'Mozilla/5.0 (Windows NT 10.0; Win64; x64) AppleWebKit/537.36 (KHTML, like Gecko) Chrome/97.0.4692.99 Safari/537.36', 1, 0, '2022-12-21 16:15:22');
INSERT INTO `sys_log_login` VALUES (145, 'admin', '127.0.0.1', '内网IP', 'Mozilla/5.0 (Windows NT 10.0; Win64; x64) AppleWebKit/537.36 (KHTML, like Gecko) Chrome/97.0.4692.99 Safari/537.36', 1, 1, '2022-12-21 20:44:20');
INSERT INTO `sys_log_login` VALUES (146, 'admin', '127.0.0.1', '内网IP', 'Mozilla/5.0 (Windows NT 10.0; Win64; x64) AppleWebKit/537.36 (KHTML, like Gecko) Chrome/97.0.4692.99 Safari/537.36', 0, 2, '2022-12-22 09:29:02');
INSERT INTO `sys_log_login` VALUES (147, 'admin', '127.0.0.1', '内网IP', 'Mozilla/5.0 (Windows NT 10.0; Win64; x64) AppleWebKit/537.36 (KHTML, like Gecko) Chrome/97.0.4692.99 Safari/537.36', 1, 0, '2022-12-22 09:29:10');
INSERT INTO `sys_log_login` VALUES (148, 'admin', '127.0.0.1', '内网IP', 'Mozilla/5.0 (Windows NT 10.0; Win64; x64) AppleWebKit/537.36 (KHTML, like Gecko) Chrome/97.0.4692.99 Safari/537.36', 1, 0, '2022-12-23 11:11:15');
INSERT INTO `sys_log_login` VALUES (149, 'admin', '127.0.0.1', '内网IP', 'Mozilla/5.0 (Windows NT 10.0; Win64; x64) AppleWebKit/537.36 (KHTML, like Gecko) Chrome/97.0.4692.99 Safari/537.36', 1, 0, '2022-12-24 16:18:17');
INSERT INTO `sys_log_login` VALUES (150, 'admin', '192.168.40.1', '内网IP', 'Mozilla/5.0 (Windows NT 10.0; Win64; x64) AppleWebKit/537.36 (KHTML, like Gecko) Chrome/97.0.4692.99 Safari/537.36', 0, 2, '2022-12-25 04:02:09');
INSERT INTO `sys_log_login` VALUES (151, 'admin', '192.168.40.1', '内网IP', 'Mozilla/5.0 (Windows NT 10.0; Win64; x64) AppleWebKit/537.36 (KHTML, like Gecko) Chrome/97.0.4692.99 Safari/537.36', 1, 0, '2022-12-25 04:02:29');
INSERT INTO `sys_log_login` VALUES (152, 'admin', '127.0.0.1', '内网IP', 'Mozilla/5.0 (Windows NT 10.0; Win64; x64) AppleWebKit/537.36 (KHTML, like Gecko) Chrome/97.0.4692.99 Safari/537.36', 1, 1, '2022-12-25 16:53:04');
INSERT INTO `sys_log_login` VALUES (153, 'admin', '127.0.0.1', '内网IP', 'Mozilla/5.0 (Windows NT 10.0; Win64; x64) AppleWebKit/537.36 (KHTML, like Gecko) Chrome/97.0.4692.99 Safari/537.36', 1, 0, '2022-12-25 16:53:14');
INSERT INTO `sys_log_login` VALUES (154, 'admin', '127.0.0.1', '内网IP', 'Mozilla/5.0 (Windows NT 10.0; Win64; x64) AppleWebKit/537.36 (KHTML, like Gecko) Chrome/97.0.4692.99 Safari/537.36', 1, 0, '2022-12-27 12:46:14');
INSERT INTO `sys_log_login` VALUES (155, 'admin', '127.0.0.1', '内网IP', 'Mozilla/5.0 (Windows NT 10.0; Win64; x64) AppleWebKit/537.36 (KHTML, like Gecko) Chrome/97.0.4692.99 Safari/537.36', 1, 0, '2022-12-28 17:01:30');
INSERT INTO `sys_log_login` VALUES (156, 'admin', '127.0.0.1', '内网IP', 'Mozilla/5.0 (Windows NT 10.0; Win64; x64) AppleWebKit/537.36 (KHTML, like Gecko) Chrome/97.0.4692.99 Safari/537.36', 0, 2, '2022-12-28 17:01:49');
INSERT INTO `sys_log_login` VALUES (157, 'admin', '127.0.0.1', '内网IP', 'Mozilla/5.0 (Windows NT 10.0; Win64; x64) AppleWebKit/537.36 (KHTML, like Gecko) Chrome/97.0.4692.99 Safari/537.36', 1, 0, '2022-12-28 17:01:55');
INSERT INTO `sys_log_login` VALUES (158, 'admin', '127.0.0.1', '内网IP', 'Mozilla/5.0 (Windows NT 10.0; Win64; x64) AppleWebKit/537.36 (KHTML, like Gecko) Chrome/97.0.4692.99 Safari/537.36', 0, 2, '2022-12-28 17:02:05');
INSERT INTO `sys_log_login` VALUES (159, 'admin', '127.0.0.1', '内网IP', 'Mozilla/5.0 (Windows NT 10.0; Win64; x64) AppleWebKit/537.36 (KHTML, like Gecko) Chrome/97.0.4692.99 Safari/537.36', 1, 0, '2022-12-28 17:02:11');
INSERT INTO `sys_log_login` VALUES (160, 'admin', '127.0.0.1', '内网IP', 'Mozilla/5.0 (Windows NT 10.0; Win64; x64) AppleWebKit/537.36 (KHTML, like Gecko) Chrome/97.0.4692.99 Safari/537.36', 1, 0, '2022-12-28 17:02:27');
INSERT INTO `sys_log_login` VALUES (161, 'admin', '127.0.0.1', '内网IP', 'Mozilla/5.0 (Windows NT 10.0; Win64; x64) AppleWebKit/537.36 (KHTML, like Gecko) Chrome/97.0.4692.99 Safari/537.36', 0, 2, '2022-12-28 17:03:28');
INSERT INTO `sys_log_login` VALUES (162, 'admin', '127.0.0.1', '内网IP', 'Mozilla/5.0 (Windows NT 10.0; Win64; x64) AppleWebKit/537.36 (KHTML, like Gecko) Chrome/97.0.4692.99 Safari/537.36', 0, 2, '2022-12-28 17:03:35');
INSERT INTO `sys_log_login` VALUES (163, 'admin', '127.0.0.1', '内网IP', 'Mozilla/5.0 (Windows NT 10.0; Win64; x64) AppleWebKit/537.36 (KHTML, like Gecko) Chrome/97.0.4692.99 Safari/537.36', 1, 0, '2022-12-28 17:03:42');
INSERT INTO `sys_log_login` VALUES (164, 'admin', '127.0.0.1', '内网IP', 'Mozilla/5.0 (Windows NT 10.0; Win64; x64) AppleWebKit/537.36 (KHTML, like Gecko) Chrome/97.0.4692.99 Safari/537.36', 1, 0, '2022-12-28 17:07:12');
INSERT INTO `sys_log_login` VALUES (165, 'admin', '127.0.0.1', '内网IP', 'Mozilla/5.0 (Windows NT 10.0; Win64; x64) AppleWebKit/537.36 (KHTML, like Gecko) Chrome/97.0.4692.99 Safari/537.36', 1, 0, '2022-12-28 17:07:40');
INSERT INTO `sys_log_login` VALUES (166, 'admin', '127.0.0.1', '内网IP', 'Mozilla/5.0 (Windows NT 10.0; Win64; x64) AppleWebKit/537.36 (KHTML, like Gecko) Chrome/97.0.4692.99 Safari/537.36', 1, 0, '2022-12-28 17:08:30');
INSERT INTO `sys_log_login` VALUES (167, 'admin', '127.0.0.1', '内网IP', 'Mozilla/5.0 (Windows NT 10.0; Win64; x64) AppleWebKit/537.36 (KHTML, like Gecko) Chrome/97.0.4692.99 Safari/537.36', 1, 0, '2022-12-28 17:08:42');
INSERT INTO `sys_log_login` VALUES (168, 'admin', '127.0.0.1', '内网IP', 'Mozilla/5.0 (Windows NT 10.0; Win64; x64) AppleWebKit/537.36 (KHTML, like Gecko) Chrome/97.0.4692.99 Safari/537.36', 1, 0, '2022-12-28 17:12:53');
INSERT INTO `sys_log_login` VALUES (169, 'admin', '127.0.0.1', '内网IP', 'Mozilla/5.0 (Windows NT 10.0; Win64; x64) AppleWebKit/537.36 (KHTML, like Gecko) Chrome/97.0.4692.99 Safari/537.36', 0, 2, '2022-12-28 17:44:39');
INSERT INTO `sys_log_login` VALUES (170, 'admin', '127.0.0.1', '内网IP', 'Mozilla/5.0 (Windows NT 10.0; Win64; x64) AppleWebKit/537.36 (KHTML, like Gecko) Chrome/97.0.4692.99 Safari/537.36', 1, 0, '2022-12-28 17:44:49');
INSERT INTO `sys_log_login` VALUES (171, 'admin', '127.0.0.1', '内网IP', 'Mozilla/5.0 (Windows NT 10.0; Win64; x64) AppleWebKit/537.36 (KHTML, like Gecko) Chrome/97.0.4692.99 Safari/537.36', 0, 2, '2022-12-30 09:53:45');
INSERT INTO `sys_log_login` VALUES (172, 'admin', '127.0.0.1', '内网IP', 'Mozilla/5.0 (Windows NT 10.0; Win64; x64) AppleWebKit/537.36 (KHTML, like Gecko) Chrome/97.0.4692.99 Safari/537.36', 0, 2, '2022-12-30 09:53:45');
INSERT INTO `sys_log_login` VALUES (173, 'admin', '127.0.0.1', '内网IP', 'Mozilla/5.0 (Windows NT 10.0; Win64; x64) AppleWebKit/537.36 (KHTML, like Gecko) Chrome/97.0.4692.99 Safari/537.36', 1, 0, '2022-12-30 09:53:52');
INSERT INTO `sys_log_login` VALUES (174, 'admin', '127.0.0.1', '内网IP', 'Mozilla/5.0 (Windows NT 10.0; Win64; x64) AppleWebKit/537.36 (KHTML, like Gecko) Chrome/97.0.4692.99 Safari/537.36', 1, 0, '2022-12-31 11:56:53');
INSERT INTO `sys_log_login` VALUES (175, 'admin', '127.0.0.1', '内网IP', 'Mozilla/5.0 (Windows NT 10.0; Win64; x64) AppleWebKit/537.36 (KHTML, like Gecko) Chrome/97.0.4692.99 Safari/537.36', 1, 0, '2023-01-01 12:18:29');
INSERT INTO `sys_log_login` VALUES (176, 'admin', '127.0.0.1', '内网IP', 'Mozilla/5.0 (Windows NT 10.0; Win64; x64) AppleWebKit/537.36 (KHTML, like Gecko) Chrome/97.0.4692.99 Safari/537.36', 1, 0, '2023-01-02 13:08:57');
INSERT INTO `sys_log_login` VALUES (177, 'admin', '127.0.0.1', '内网IP', 'Mozilla/5.0 (Windows NT 10.0; Win64; x64) AppleWebKit/537.36 (KHTML, like Gecko) Chrome/97.0.4692.99 Safari/537.36', 1, 0, '2023-01-03 20:45:34');
INSERT INTO `sys_log_login` VALUES (178, 'admin', '127.0.0.1', '内网IP', 'Mozilla/5.0 (Windows NT 10.0; Win64; x64) AppleWebKit/537.36 (KHTML, like Gecko) Chrome/97.0.4692.99 Safari/537.36', 0, 2, '2023-01-04 21:08:34');
INSERT INTO `sys_log_login` VALUES (179, 'admin', '127.0.0.1', '内网IP', 'Mozilla/5.0 (Windows NT 10.0; Win64; x64) AppleWebKit/537.36 (KHTML, like Gecko) Chrome/97.0.4692.99 Safari/537.36', 0, 2, '2023-01-04 21:08:42');
INSERT INTO `sys_log_login` VALUES (180, 'admin', '127.0.0.1', '内网IP', 'Mozilla/5.0 (Windows NT 10.0; Win64; x64) AppleWebKit/537.36 (KHTML, like Gecko) Chrome/97.0.4692.99 Safari/537.36', 1, 0, '2023-01-04 21:08:48');
INSERT INTO `sys_log_login` VALUES (181, 'admin', '127.0.0.1', '内网IP', 'Mozilla/5.0 (Windows NT 10.0; Win64; x64) AppleWebKit/537.36 (KHTML, like Gecko) Chrome/97.0.4692.99 Safari/537.36', 0, 2, '2023-01-05 21:13:59');
INSERT INTO `sys_log_login` VALUES (182, 'admin', '127.0.0.1', '内网IP', 'Mozilla/5.0 (Windows NT 10.0; Win64; x64) AppleWebKit/537.36 (KHTML, like Gecko) Chrome/97.0.4692.99 Safari/537.36', 1, 0, '2023-01-05 21:14:07');
INSERT INTO `sys_log_login` VALUES (183, 'admin', '127.0.0.1', '内网IP', 'Mozilla/5.0 (Windows NT 10.0; Win64; x64) AppleWebKit/537.36 (KHTML, like Gecko) Chrome/97.0.4692.99 Safari/537.36', 1, 0, '2023-01-07 15:55:06');
INSERT INTO `sys_log_login` VALUES (184, 'admin', '127.0.0.1', '内网IP', 'Mozilla/5.0 (Windows NT 10.0; Win64; x64) AppleWebKit/537.36 (KHTML, like Gecko) Chrome/97.0.4692.99 Safari/537.36', 0, 2, '2023-01-08 17:28:55');
INSERT INTO `sys_log_login` VALUES (185, 'admin', '127.0.0.1', '内网IP', 'Mozilla/5.0 (Windows NT 10.0; Win64; x64) AppleWebKit/537.36 (KHTML, like Gecko) Chrome/97.0.4692.99 Safari/537.36', 1, 0, '2023-01-08 17:29:22');
INSERT INTO `sys_log_login` VALUES (186, 'admin', '127.0.0.1', '内网IP', 'Mozilla/5.0 (Windows NT 10.0; Win64; x64) AppleWebKit/537.36 (KHTML, like Gecko) Chrome/97.0.4692.99 Safari/537.36', 1, 0, '2023-01-09 20:02:14');
INSERT INTO `sys_log_login` VALUES (187, 'admin', '127.0.0.1', '内网IP', 'Mozilla/5.0 (Windows NT 10.0; Win64; x64) AppleWebKit/537.36 (KHTML, like Gecko) Chrome/97.0.4692.99 Safari/537.36', 1, 0, '2023-01-10 22:21:51');
INSERT INTO `sys_log_login` VALUES (188, 'admin', '127.0.0.1', '内网IP', 'Mozilla/5.0 (Windows NT 10.0; Win64; x64) AppleWebKit/537.36 (KHTML, like Gecko) Chrome/97.0.4692.99 Safari/537.36', 0, 2, '2023-01-12 10:26:37');
INSERT INTO `sys_log_login` VALUES (189, 'admin', '127.0.0.1', '内网IP', 'Mozilla/5.0 (Windows NT 10.0; Win64; x64) AppleWebKit/537.36 (KHTML, like Gecko) Chrome/97.0.4692.99 Safari/537.36', 0, 2, '2023-01-12 10:26:47');
INSERT INTO `sys_log_login` VALUES (190, 'admin', '127.0.0.1', '内网IP', 'Mozilla/5.0 (Windows NT 10.0; Win64; x64) AppleWebKit/537.36 (KHTML, like Gecko) Chrome/97.0.4692.99 Safari/537.36', 1, 0, '2023-01-12 10:26:53');
INSERT INTO `sys_log_login` VALUES (191, 'admin', '127.0.0.1', '内网IP', 'Mozilla/5.0 (Windows NT 10.0; Win64; x64) AppleWebKit/537.36 (KHTML, like Gecko) Chrome/97.0.4692.99 Safari/537.36', 1, 0, '2023-01-13 10:28:17');
INSERT INTO `sys_log_login` VALUES (192, 'admin', '127.0.0.1', '内网IP', 'Mozilla/5.0 (Windows NT 10.0; Win64; x64) AppleWebKit/537.36 (KHTML, like Gecko) Chrome/97.0.4692.99 Safari/537.36', 1, 0, '2023-01-14 11:41:45');
INSERT INTO `sys_log_login` VALUES (193, 'admin', '127.0.0.1', '内网IP', 'Mozilla/5.0 (Windows NT 10.0; Win64; x64) AppleWebKit/537.36 (KHTML, like Gecko) Chrome/97.0.4692.99 Safari/537.36', 1, 1, '2023-01-14 19:22:05');
INSERT INTO `sys_log_login` VALUES (194, 'admin', '127.0.0.1', '内网IP', 'Mozilla/5.0 (Windows NT 10.0; Win64; x64) AppleWebKit/537.36 (KHTML, like Gecko) Chrome/97.0.4692.99 Safari/537.36', 1, 0, '2023-01-14 19:22:14');
INSERT INTO `sys_log_login` VALUES (195, 'admin', '127.0.0.1', '内网IP', 'Mozilla/5.0 (Windows NT 10.0; Win64; x64) AppleWebKit/537.36 (KHTML, like Gecko) Chrome/97.0.4692.99 Safari/537.36', 1, 0, '2023-01-15 20:52:51');
INSERT INTO `sys_log_login` VALUES (196, 'admin', '127.0.0.1', '内网IP', 'Mozilla/5.0 (Windows NT 10.0; Win64; x64) AppleWebKit/537.36 (KHTML, like Gecko) Chrome/97.0.4692.99 Safari/537.36', 1, 0, '2023-01-17 16:29:17');
INSERT INTO `sys_log_login` VALUES (197, 'admin', '127.0.0.1', '内网IP', 'Mozilla/5.0 (Windows NT 10.0; Win64; x64) AppleWebKit/537.36 (KHTML, like Gecko) Chrome/97.0.4692.99 Safari/537.36', 1, 1, '2023-01-17 17:06:30');
INSERT INTO `sys_log_login` VALUES (198, 'admin', '127.0.0.1', '内网IP', 'Mozilla/5.0 (Windows NT 10.0; Win64; x64) AppleWebKit/537.36 (KHTML, like Gecko) Chrome/97.0.4692.99 Safari/537.36', 1, 0, '2023-01-17 17:06:41');
INSERT INTO `sys_log_login` VALUES (199, 'admin', '127.0.0.1', '内网IP', 'Mozilla/5.0 (Windows NT 10.0; Win64; x64) AppleWebKit/537.36 (KHTML, like Gecko) Chrome/97.0.4692.99 Safari/537.36', 1, 1, '2023-01-18 16:00:40');
INSERT INTO `sys_log_login` VALUES (200, 'admin', '127.0.0.1', '内网IP', 'Mozilla/5.0 (Windows NT 10.0; Win64; x64) AppleWebKit/537.36 (KHTML, like Gecko) Chrome/97.0.4692.99 Safari/537.36', 0, 2, '2023-01-18 16:04:57');
INSERT INTO `sys_log_login` VALUES (201, 'admin', '127.0.0.1', '内网IP', 'Mozilla/5.0 (Windows NT 10.0; Win64; x64) AppleWebKit/537.36 (KHTML, like Gecko) Chrome/97.0.4692.99 Safari/537.36', 1, 0, '2023-01-18 16:05:04');
INSERT INTO `sys_log_login` VALUES (202, 'admin', '127.0.0.1', '内网IP', 'Mozilla/5.0 (Windows NT 10.0; Win64; x64) AppleWebKit/537.36 (KHTML, like Gecko) Chrome/97.0.4692.99 Safari/537.36', 1, 0, '2023-01-19 16:50:06');
INSERT INTO `sys_log_login` VALUES (203, 'admin', '127.0.0.1', '内网IP', 'Mozilla/5.0 (Windows NT 10.0; Win64; x64) AppleWebKit/537.36 (KHTML, like Gecko) Chrome/97.0.4692.99 Safari/537.36', 1, 1, '2023-01-19 21:47:25');
INSERT INTO `sys_log_login` VALUES (204, 'admin', '127.0.0.1', '内网IP', 'Mozilla/5.0 (Windows NT 10.0; Win64; x64) AppleWebKit/537.36 (KHTML, like Gecko) Chrome/97.0.4692.99 Safari/537.36', 1, 0, '2023-01-19 21:47:36');
INSERT INTO `sys_log_login` VALUES (205, 'admin', '127.0.0.1', '内网IP', 'Mozilla/5.0 (Windows NT 10.0; Win64; x64) AppleWebKit/537.36 (KHTML, like Gecko) Chrome/97.0.4692.99 Safari/537.36', 1, 0, '2023-01-20 22:07:37');
INSERT INTO `sys_log_login` VALUES (206, 'admin', '127.0.0.1', '内网IP', 'Mozilla/5.0 (Windows NT 10.0; Win64; x64) AppleWebKit/537.36 (KHTML, like Gecko) Chrome/97.0.4692.99 Safari/537.36', 1, 0, '2023-01-21 14:19:09');
INSERT INTO `sys_log_login` VALUES (207, 'admin', '127.0.0.1', '内网IP', 'Mozilla/5.0 (Windows NT 10.0; Win64; x64) AppleWebKit/537.36 (KHTML, like Gecko) Chrome/97.0.4692.99 Safari/537.36', 0, 2, '2023-01-22 15:47:10');
INSERT INTO `sys_log_login` VALUES (208, 'admin', '127.0.0.1', '内网IP', 'Mozilla/5.0 (Windows NT 10.0; Win64; x64) AppleWebKit/537.36 (KHTML, like Gecko) Chrome/97.0.4692.99 Safari/537.36', 0, 2, '2023-01-22 15:47:15');
INSERT INTO `sys_log_login` VALUES (209, 'admin', '127.0.0.1', '内网IP', 'Mozilla/5.0 (Windows NT 10.0; Win64; x64) AppleWebKit/537.36 (KHTML, like Gecko) Chrome/97.0.4692.99 Safari/537.36', 1, 0, '2023-01-22 15:47:20');
INSERT INTO `sys_log_login` VALUES (210, 'admin', '127.0.0.1', '内网IP', 'Mozilla/5.0 (Windows NT 10.0; Win64; x64) AppleWebKit/537.36 (KHTML, like Gecko) Chrome/97.0.4692.99 Safari/537.36', 0, 2, '2023-01-22 16:01:06');
INSERT INTO `sys_log_login` VALUES (211, 'admin', '127.0.0.1', '内网IP', 'Mozilla/5.0 (Windows NT 10.0; Win64; x64) AppleWebKit/537.36 (KHTML, like Gecko) Chrome/97.0.4692.99 Safari/537.36', 1, 0, '2023-01-22 16:01:13');
INSERT INTO `sys_log_login` VALUES (212, 'admin', '127.0.0.1', '内网IP', 'Mozilla/5.0 (Windows NT 10.0; Win64; x64) AppleWebKit/537.36 (KHTML, like Gecko) Chrome/97.0.4692.99 Safari/537.36', 1, 1, '2023-01-22 20:35:22');
INSERT INTO `sys_log_login` VALUES (213, 'admin', '127.0.0.1', '内网IP', 'Mozilla/5.0 (Windows NT 10.0; Win64; x64) AppleWebKit/537.36 (KHTML, like Gecko) Chrome/97.0.4692.99 Safari/537.36', 1, 0, '2023-01-22 20:37:34');
INSERT INTO `sys_log_login` VALUES (214, 'admin', '127.0.0.1', '内网IP', 'Mozilla/5.0 (Windows NT 10.0; Win64; x64) AppleWebKit/537.36 (KHTML, like Gecko) Chrome/97.0.4692.99 Safari/537.36', 1, 0, '2023-01-30 11:21:20');
INSERT INTO `sys_log_login` VALUES (215, 'admin', '127.0.0.1', '内网IP', 'Mozilla/5.0 (Windows NT 10.0; Win64; x64) AppleWebKit/537.36 (KHTML, like Gecko) Chrome/97.0.4692.99 Safari/537.36', 0, 2, '2023-01-30 11:21:21');
INSERT INTO `sys_log_login` VALUES (216, 'admin', '127.0.0.1', '内网IP', 'Mozilla/5.0 (Windows NT 10.0; Win64; x64) AppleWebKit/537.36 (KHTML, like Gecko) Chrome/97.0.4692.99 Safari/537.36', 1, 1, '2023-01-30 11:43:26');
INSERT INTO `sys_log_login` VALUES (217, 'admin', '127.0.0.1', '内网IP', 'Mozilla/5.0 (Windows NT 10.0; Win64; x64) AppleWebKit/537.36 (KHTML, like Gecko) Chrome/97.0.4692.99 Safari/537.36', 1, 0, '2023-01-30 11:44:19');
INSERT INTO `sys_log_login` VALUES (218, 'admin', '127.0.0.1', '内网IP', 'Mozilla/5.0 (Windows NT 10.0; Win64; x64) AppleWebKit/537.36 (KHTML, like Gecko) Chrome/97.0.4692.99 Safari/537.36', 0, 2, '2023-02-06 15:37:19');
INSERT INTO `sys_log_login` VALUES (219, 'admin', '127.0.0.1', '内网IP', 'Mozilla/5.0 (Windows NT 10.0; Win64; x64) AppleWebKit/537.36 (KHTML, like Gecko) Chrome/97.0.4692.99 Safari/537.36', 1, 0, '2023-02-06 15:37:28');
INSERT INTO `sys_log_login` VALUES (220, 'admin', '127.0.0.1', '内网IP', 'Mozilla/5.0 (Windows NT 10.0; Win64; x64) AppleWebKit/537.36 (KHTML, like Gecko) Chrome/97.0.4692.99 Safari/537.36', 1, 1, '2023-02-06 16:05:00');
INSERT INTO `sys_log_login` VALUES (221, 'admin', '127.0.0.1', '内网IP', 'Mozilla/5.0 (Windows NT 10.0; Win64; x64) AppleWebKit/537.36 (KHTML, like Gecko) Chrome/97.0.4692.99 Safari/537.36', 1, 0, '2023-02-06 16:05:11');
INSERT INTO `sys_log_login` VALUES (222, 'admin', '127.0.0.1', '内网IP', 'Mozilla/5.0 (Windows NT 10.0; Win64; x64) AppleWebKit/537.36 (KHTML, like Gecko) Chrome/97.0.4692.99 Safari/537.36', 1, 1, '2023-02-06 16:13:05');
INSERT INTO `sys_log_login` VALUES (223, 'admin', '127.0.0.1', '内网IP', 'Mozilla/5.0 (Windows NT 10.0; Win64; x64) AppleWebKit/537.36 (KHTML, like Gecko) Chrome/97.0.4692.99 Safari/537.36', 1, 0, '2023-02-06 16:13:17');
INSERT INTO `sys_log_login` VALUES (224, 'admin', '127.0.0.1', '内网IP', 'Mozilla/5.0 (Windows NT 10.0; Win64; x64) AppleWebKit/537.36 (KHTML, like Gecko) Chrome/97.0.4692.99 Safari/537.36', 1, 0, '2023-02-08 09:56:59');
INSERT INTO `sys_log_login` VALUES (225, 'admin', '127.0.0.1', '内网IP', 'Mozilla/5.0 (Windows NT 10.0; Win64; x64) AppleWebKit/537.36 (KHTML, like Gecko) Chrome/97.0.4692.99 Safari/537.36', 1, 0, '2023-02-09 14:55:13');
INSERT INTO `sys_log_login` VALUES (226, 'admin', '127.0.0.1', '内网IP', 'Mozilla/5.0 (Windows NT 10.0; Win64; x64) AppleWebKit/537.36 (KHTML, like Gecko) Chrome/110.0.0.0 Safari/537.36', 1, 0, '2023-02-11 21:39:31');
INSERT INTO `sys_log_login` VALUES (227, 'admin', '127.0.0.1', '内网IP', 'Mozilla/5.0 (Windows NT 10.0; Win64; x64) AppleWebKit/537.36 (KHTML, like Gecko) Chrome/110.0.0.0 Safari/537.36', 1, 0, '2023-02-13 14:53:06');
INSERT INTO `sys_log_login` VALUES (228, 'admin', '127.0.0.1', '内网IP', 'Mozilla/5.0 (Windows NT 10.0; Win64; x64) AppleWebKit/537.36 (KHTML, like Gecko) Chrome/110.0.0.0 Safari/537.36', 1, 1, '2023-02-14 09:56:41');
INSERT INTO `sys_log_login` VALUES (229, 'admin', '127.0.0.1', '内网IP', 'Mozilla/5.0 (Windows NT 10.0; Win64; x64) AppleWebKit/537.36 (KHTML, like Gecko) Chrome/110.0.0.0 Safari/537.36', 1, 0, '2023-02-14 09:56:48');
INSERT INTO `sys_log_login` VALUES (230, 'admin', '127.0.0.1', '内网IP', 'Mozilla/5.0 (Windows NT 10.0; Win64; x64) AppleWebKit/537.36 (KHTML, like Gecko) Chrome/110.0.0.0 Safari/537.36', 1, 1, '2023-02-14 22:43:51');
INSERT INTO `sys_log_login` VALUES (231, 'admin', '127.0.0.1', '内网IP', 'Mozilla/5.0 (Windows NT 10.0; Win64; x64) AppleWebKit/537.36 (KHTML, like Gecko) Chrome/110.0.0.0 Safari/537.36', 1, 0, '2023-02-14 22:43:59');
INSERT INTO `sys_log_login` VALUES (232, 'admin', '127.0.0.1', '内网IP', 'Mozilla/5.0 (Windows NT 10.0; Win64; x64) AppleWebKit/537.36 (KHTML, like Gecko) Chrome/110.0.0.0 Safari/537.36', 1, 1, '2023-02-15 11:17:02');
INSERT INTO `sys_log_login` VALUES (233, 'admin', '127.0.0.1', '内网IP', 'Mozilla/5.0 (Windows NT 10.0; Win64; x64) AppleWebKit/537.36 (KHTML, like Gecko) Chrome/110.0.0.0 Safari/537.36', 1, 0, '2023-02-15 11:17:08');
INSERT INTO `sys_log_login` VALUES (234, 'admin', '127.0.0.1', '内网IP', 'Mozilla/5.0 (Windows NT 10.0; Win64; x64) AppleWebKit/537.36 (KHTML, like Gecko) Chrome/110.0.0.0 Safari/537.36', 1, 0, '2023-02-16 12:50:31');
INSERT INTO `sys_log_login` VALUES (235, 'admin', '127.0.0.1', '内网IP', 'Mozilla/5.0 (Windows NT 10.0; Win64; x64) AppleWebKit/537.36 (KHTML, like Gecko) Chrome/110.0.0.0 Safari/537.36', 1, 1, '2023-02-16 14:51:51');
INSERT INTO `sys_log_login` VALUES (236, 'admin', '127.0.0.1', '内网IP', 'Mozilla/5.0 (Windows NT 10.0; Win64; x64) AppleWebKit/537.36 (KHTML, like Gecko) Chrome/110.0.0.0 Safari/537.36', 0, 2, '2023-02-16 14:54:55');
INSERT INTO `sys_log_login` VALUES (237, 'admin', '127.0.0.1', '内网IP', 'Mozilla/5.0 (Windows NT 10.0; Win64; x64) AppleWebKit/537.36 (KHTML, like Gecko) Chrome/110.0.0.0 Safari/537.36', 1, 0, '2023-02-16 14:55:02');
INSERT INTO `sys_log_login` VALUES (238, 'admin', '127.0.0.1', '内网IP', 'Mozilla/5.0 (Windows NT 10.0; Win64; x64) AppleWebKit/537.36 (KHTML, like Gecko) Chrome/110.0.0.0 Safari/537.36', 1, 1, '2023-02-17 11:37:42');
INSERT INTO `sys_log_login` VALUES (239, 'admin', '127.0.0.1', '内网IP', 'Mozilla/5.0 (Windows NT 10.0; Win64; x64) AppleWebKit/537.36 (KHTML, like Gecko) Chrome/110.0.0.0 Safari/537.36', 1, 0, '2023-02-17 11:37:50');
INSERT INTO `sys_log_login` VALUES (240, 'admin', '127.0.0.1', '内网IP', 'Mozilla/5.0 (Windows NT 10.0; Win64; x64) AppleWebKit/537.36 (KHTML, like Gecko) Chrome/110.0.0.0 Safari/537.36', 0, 2, '2023-02-20 11:04:14');
INSERT INTO `sys_log_login` VALUES (241, 'admin', '127.0.0.1', '内网IP', 'Mozilla/5.0 (Windows NT 10.0; Win64; x64) AppleWebKit/537.36 (KHTML, like Gecko) Chrome/110.0.0.0 Safari/537.36', 0, 2, '2023-02-20 11:04:14');
INSERT INTO `sys_log_login` VALUES (242, 'admin', '127.0.0.1', '内网IP', 'Mozilla/5.0 (Windows NT 10.0; Win64; x64) AppleWebKit/537.36 (KHTML, like Gecko) Chrome/110.0.0.0 Safari/537.36', 1, 0, '2023-02-20 11:04:21');
INSERT INTO `sys_log_login` VALUES (243, 'admin', '127.0.0.1', '内网IP', 'Mozilla/5.0 (Windows NT 10.0; Win64; x64) AppleWebKit/537.36 (KHTML, like Gecko) Chrome/110.0.0.0 Safari/537.36', 1, 1, '2023-02-20 14:11:57');
INSERT INTO `sys_log_login` VALUES (244, 'admin', '127.0.0.1', '内网IP', 'Mozilla/5.0 (Windows NT 10.0; Win64; x64) AppleWebKit/537.36 (KHTML, like Gecko) Chrome/110.0.0.0 Safari/537.36', 0, 2, '2023-02-20 14:12:07');
INSERT INTO `sys_log_login` VALUES (245, 'admin', '127.0.0.1', '内网IP', 'Mozilla/5.0 (Windows NT 10.0; Win64; x64) AppleWebKit/537.36 (KHTML, like Gecko) Chrome/110.0.0.0 Safari/537.36', 1, 0, '2023-02-20 14:12:13');
INSERT INTO `sys_log_login` VALUES (246, 'admin', '127.0.0.1', '内网IP', 'Mozilla/5.0 (Windows NT 10.0; Win64; x64) AppleWebKit/537.36 (KHTML, like Gecko) Chrome/110.0.0.0 Safari/537.36', 1, 1, '2023-02-20 14:15:04');
INSERT INTO `sys_log_login` VALUES (247, 'admin', '127.0.0.1', '内网IP', 'Mozilla/5.0 (Windows NT 10.0; Win64; x64) AppleWebKit/537.36 (KHTML, like Gecko) Chrome/110.0.0.0 Safari/537.36', 1, 0, '2023-02-20 14:15:11');
INSERT INTO `sys_log_login` VALUES (248, 'admin', '127.0.0.1', '内网IP', 'Mozilla/5.0 (Windows NT 10.0; Win64; x64) AppleWebKit/537.36 (KHTML, like Gecko) Chrome/110.0.0.0 Safari/537.36', 1, 0, '2023-02-22 08:58:09');
INSERT INTO `sys_log_login` VALUES (249, 'admin', '127.0.0.1', '内网IP', 'Mozilla/5.0 (Windows NT 10.0; Win64; x64) AppleWebKit/537.36 (KHTML, like Gecko) Chrome/110.0.0.0 Safari/537.36', 1, 1, '2023-02-22 14:49:33');
INSERT INTO `sys_log_login` VALUES (250, 'admin', '127.0.0.1', '内网IP', 'Mozilla/5.0 (Windows NT 10.0; Win64; x64) AppleWebKit/537.36 (KHTML, like Gecko) Chrome/110.0.0.0 Safari/537.36', 1, 0, '2023-02-22 14:49:40');
INSERT INTO `sys_log_login` VALUES (251, 'admin', '127.0.0.1', '内网IP', 'Mozilla/5.0 (Windows NT 10.0; Win64; x64) AppleWebKit/537.36 (KHTML, like Gecko) Chrome/110.0.0.0 Safari/537.36', 1, 0, '2023-02-23 18:28:58');
INSERT INTO `sys_log_login` VALUES (252, 'admin', '127.0.0.1', '内网IP', 'Mozilla/5.0 (Windows NT 10.0; Win64; x64) AppleWebKit/537.36 (KHTML, like Gecko) Chrome/110.0.0.0 Safari/537.36', 1, 0, '2023-02-25 20:57:48');
INSERT INTO `sys_log_login` VALUES (253, 'admin', '127.0.0.1', '内网IP', 'Mozilla/5.0 (Windows NT 10.0; Win64; x64) AppleWebKit/537.36 (KHTML, like Gecko) Chrome/110.0.0.0 Safari/537.36', 1, 0, '2023-02-26 11:55:13');
INSERT INTO `sys_log_login` VALUES (254, 'admin', '127.0.0.1', '内网IP', 'Mozilla/5.0 (Windows NT 10.0; Win64; x64) AppleWebKit/537.36 (KHTML, like Gecko) Chrome/110.0.0.0 Safari/537.36', 1, 1, '2023-02-26 12:06:15');
INSERT INTO `sys_log_login` VALUES (255, 'admin', '127.0.0.1', '内网IP', 'Mozilla/5.0 (Windows NT 10.0; Win64; x64) AppleWebKit/537.36 (KHTML, like Gecko) Chrome/110.0.0.0 Safari/537.36', 1, 0, '2023-02-26 14:54:42');
INSERT INTO `sys_log_login` VALUES (256, 'admin', '127.0.0.1', '内网IP', 'Mozilla/5.0 (Windows NT 10.0; Win64; x64) AppleWebKit/537.36 (KHTML, like Gecko) Chrome/110.0.0.0 Safari/537.36', 1, 1, '2023-02-26 15:18:35');
INSERT INTO `sys_log_login` VALUES (257, 'admin', '127.0.0.1', '内网IP', 'Mozilla/5.0 (Windows NT 10.0; Win64; x64) AppleWebKit/537.36 (KHTML, like Gecko) Chrome/110.0.0.0 Safari/537.36', 0, 2, '2023-02-26 15:18:43');
INSERT INTO `sys_log_login` VALUES (258, 'admin', '127.0.0.1', '内网IP', 'Mozilla/5.0 (Windows NT 10.0; Win64; x64) AppleWebKit/537.36 (KHTML, like Gecko) Chrome/110.0.0.0 Safari/537.36', 1, 0, '2023-02-26 15:18:51');
INSERT INTO `sys_log_login` VALUES (259, 'admin', '127.0.0.1', '内网IP', 'Mozilla/5.0 (Windows NT 10.0; Win64; x64) AppleWebKit/537.36 (KHTML, like Gecko) Chrome/110.0.0.0 Safari/537.36', 1, 0, '2023-02-26 21:00:09');
INSERT INTO `sys_log_login` VALUES (260, 'admin', '127.0.0.1', '内网IP', 'Mozilla/5.0 (Windows NT 10.0; Win64; x64) AppleWebKit/537.36 (KHTML, like Gecko) Chrome/110.0.0.0 Safari/537.36', 1, 1, '2023-02-26 21:10:08');
INSERT INTO `sys_log_login` VALUES (261, 'admin', '127.0.0.1', '内网IP', 'Mozilla/5.0 (Windows NT 10.0; Win64; x64) AppleWebKit/537.36 (KHTML, like Gecko) Chrome/110.0.0.0 Safari/537.36', 1, 0, '2023-02-26 21:10:16');
INSERT INTO `sys_log_login` VALUES (262, 'admin', '127.0.0.1', '内网IP', 'Mozilla/5.0 (Windows NT 10.0; Win64; x64) AppleWebKit/537.36 (KHTML, like Gecko) Chrome/110.0.0.0 Safari/537.36', 1, 1, '2023-02-26 21:18:16');
INSERT INTO `sys_log_login` VALUES (263, 'admin', '127.0.0.1', '内网IP', 'Mozilla/5.0 (Windows NT 10.0; Win64; x64) AppleWebKit/537.36 (KHTML, like Gecko) Chrome/110.0.0.0 Safari/537.36', 1, 0, '2023-02-26 21:20:30');
INSERT INTO `sys_log_login` VALUES (264, 'admin', '127.0.0.1', '内网IP', 'Mozilla/5.0 (Windows NT 10.0; Win64; x64) AppleWebKit/537.36 (KHTML, like Gecko) Chrome/110.0.0.0 Safari/537.36', 1, 1, '2023-02-26 21:31:09');
INSERT INTO `sys_log_login` VALUES (265, 'admin', '127.0.0.1', '内网IP', 'Mozilla/5.0 (Windows NT 10.0; Win64; x64) AppleWebKit/537.36 (KHTML, like Gecko) Chrome/110.0.0.0 Safari/537.36', 1, 0, '2023-02-26 21:31:14');
INSERT INTO `sys_log_login` VALUES (266, 'admin', '127.0.0.1', '内网IP', 'Mozilla/5.0 (Windows NT 10.0; Win64; x64) AppleWebKit/537.36 (KHTML, like Gecko) Chrome/110.0.0.0 Safari/537.36', 1, 1, '2023-02-26 21:33:11');
INSERT INTO `sys_log_login` VALUES (267, 'admin', '127.0.0.1', '内网IP', 'Mozilla/5.0 (Windows NT 10.0; Win64; x64) AppleWebKit/537.36 (KHTML, like Gecko) Chrome/110.0.0.0 Safari/537.36', 1, 0, '2023-02-26 21:35:29');
INSERT INTO `sys_log_login` VALUES (268, 'admin', '127.0.0.1', '内网IP', 'Mozilla/5.0 (Windows NT 10.0; Win64; x64) AppleWebKit/537.36 (KHTML, like Gecko) Chrome/110.0.0.0 Safari/537.36', 1, 1, '2023-02-26 21:59:01');
INSERT INTO `sys_log_login` VALUES (269, 'admin', '127.0.0.1', '内网IP', 'Mozilla/5.0 (Windows NT 10.0; Win64; x64) AppleWebKit/537.36 (KHTML, like Gecko) Chrome/110.0.0.0 Safari/537.36', 1, 0, '2023-02-26 21:59:09');
INSERT INTO `sys_log_login` VALUES (270, 'admin', '127.0.0.1', '内网IP', 'Mozilla/5.0 (Windows NT 10.0; Win64; x64) AppleWebKit/537.36 (KHTML, like Gecko) Chrome/110.0.0.0 Safari/537.36', 1, 1, '2023-02-26 22:01:52');
INSERT INTO `sys_log_login` VALUES (271, 'admin', '127.0.0.1', '内网IP', 'Mozilla/5.0 (Windows NT 10.0; Win64; x64) AppleWebKit/537.36 (KHTML, like Gecko) Chrome/110.0.0.0 Safari/537.36', 1, 0, '2023-02-26 22:02:00');
INSERT INTO `sys_log_login` VALUES (272, 'admin', '127.0.0.1', '内网IP', 'Mozilla/5.0 (Windows NT 10.0; Win64; x64) AppleWebKit/537.36 (KHTML, like Gecko) Chrome/110.0.0.0 Safari/537.36', 1, 1, '2023-02-26 22:04:18');
INSERT INTO `sys_log_login` VALUES (273, 'admin', '127.0.0.1', '内网IP', 'Mozilla/5.0 (Windows NT 10.0; Win64; x64) AppleWebKit/537.36 (KHTML, like Gecko) Chrome/110.0.0.0 Safari/537.36', 1, 0, '2023-02-26 22:04:25');
INSERT INTO `sys_log_login` VALUES (274, 'admin', '127.0.0.1', '内网IP', 'Mozilla/5.0 (Windows NT 10.0; Win64; x64) AppleWebKit/537.36 (KHTML, like Gecko) Chrome/110.0.0.0 Safari/537.36', 1, 0, '2023-03-03 15:15:31');
INSERT INTO `sys_log_login` VALUES (275, 'admin', '127.0.0.1', '内网IP', 'Mozilla/5.0 (Windows NT 10.0; Win64; x64) AppleWebKit/537.36 (KHTML, like Gecko) Chrome/110.0.0.0 Safari/537.36', 1, 0, '2023-03-05 18:37:02');
INSERT INTO `sys_log_login` VALUES (276, 'admin', '127.0.0.1', '内网IP', 'Mozilla/5.0 (Windows NT 10.0; Win64; x64) AppleWebKit/537.36 (KHTML, like Gecko) Chrome/110.0.0.0 Safari/537.36', 1, 0, '2023-03-07 17:07:54');
INSERT INTO `sys_log_login` VALUES (277, 'admin', '127.0.0.1', '内网IP', 'Mozilla/5.0 (Windows NT 10.0; Win64; x64) AppleWebKit/537.36 (KHTML, like Gecko) Chrome/110.0.0.0 Safari/537.36', 1, 0, '2023-03-14 12:31:29');
INSERT INTO `sys_log_login` VALUES (278, 'admin', '127.0.0.1', '内网IP', 'Mozilla/5.0 (Windows NT 10.0; Win64; x64) AppleWebKit/537.36 (KHTML, like Gecko) Chrome/110.0.0.0 Safari/537.36', 1, 0, '2023-03-28 10:48:49');
INSERT INTO `sys_log_login` VALUES (279, 'admin', '127.0.0.1', '内网IP', 'Mozilla/5.0 (Windows NT 10.0; Win64; x64) AppleWebKit/537.36 (KHTML, like Gecko) Chrome/110.0.0.0 Safari/537.36', 1, 0, '2023-03-28 13:40:53');
INSERT INTO `sys_log_login` VALUES (280, 'admin', '127.0.0.1', '内网IP', 'Mozilla/5.0 (Windows NT 10.0; Win64; x64) AppleWebKit/537.36 (KHTML, like Gecko) Chrome/110.0.0.0 Safari/537.36', 1, 0, '2023-03-29 12:10:54');
INSERT INTO `sys_log_login` VALUES (281, 'admin', '127.0.0.1', '内网IP', 'Mozilla/5.0 (Windows NT 10.0; Win64; x64) AppleWebKit/537.36 (KHTML, like Gecko) Chrome/110.0.0.0 Safari/537.36', 1, 0, '2023-03-29 15:03:12');
INSERT INTO `sys_log_login` VALUES (282, 'admin', '127.0.0.1', '内网IP', 'Mozilla/5.0 (Windows NT 10.0; Win64; x64) AppleWebKit/537.36 (KHTML, like Gecko) Chrome/110.0.0.0 Safari/537.36', 1, 1, '2023-03-30 11:13:39');
INSERT INTO `sys_log_login` VALUES (283, 'admin', '127.0.0.1', '内网IP', 'Mozilla/5.0 (Windows NT 10.0; Win64; x64) AppleWebKit/537.36 (KHTML, like Gecko) Chrome/110.0.0.0 Safari/537.36', 1, 0, '2023-03-30 11:14:16');
INSERT INTO `sys_log_login` VALUES (284, 'admin', '127.0.0.1', '内网IP', 'Mozilla/5.0 (Windows NT 10.0; Win64; x64) AppleWebKit/537.36 (KHTML, like Gecko) Chrome/110.0.0.0 Safari/537.36', 1, 1, '2023-03-31 08:58:46');
INSERT INTO `sys_log_login` VALUES (285, 'admin', '127.0.0.1', '内网IP', 'Mozilla/5.0 (Windows NT 10.0; Win64; x64) AppleWebKit/537.36 (KHTML, like Gecko) Chrome/110.0.0.0 Safari/537.36', 1, 0, '2023-03-31 08:58:53');
INSERT INTO `sys_log_login` VALUES (286, 'admin', '127.0.0.1', '内网IP', 'Mozilla/5.0 (Windows NT 10.0; Win64; x64) AppleWebKit/537.36 (KHTML, like Gecko) Chrome/110.0.0.0 Safari/537.36', 1, 1, '2023-03-31 08:59:16');
INSERT INTO `sys_log_login` VALUES (287, 'admin', '127.0.0.1', '内网IP', 'Mozilla/5.0 (Windows NT 10.0; Win64; x64) AppleWebKit/537.36 (KHTML, like Gecko) Chrome/110.0.0.0 Safari/537.36', 0, 2, '2023-03-31 10:39:14');
INSERT INTO `sys_log_login` VALUES (288, 'admin', '127.0.0.1', '内网IP', 'Mozilla/5.0 (Windows NT 10.0; Win64; x64) AppleWebKit/537.36 (KHTML, like Gecko) Chrome/110.0.0.0 Safari/537.36', 0, 2, '2023-03-31 10:39:15');
INSERT INTO `sys_log_login` VALUES (289, 'admin', '127.0.0.1', '内网IP', 'Mozilla/5.0 (Windows NT 10.0; Win64; x64) AppleWebKit/537.36 (KHTML, like Gecko) Chrome/110.0.0.0 Safari/537.36', 0, 2, '2023-03-31 10:39:21');
INSERT INTO `sys_log_login` VALUES (290, 'admin', '127.0.0.1', '内网IP', 'Mozilla/5.0 (Windows NT 10.0; Win64; x64) AppleWebKit/537.36 (KHTML, like Gecko) Chrome/110.0.0.0 Safari/537.36', 1, 0, '2023-03-31 10:39:27');
INSERT INTO `sys_log_login` VALUES (291, 'admin', '127.0.0.1', '内网IP', 'Mozilla/5.0 (Windows NT 10.0; Win64; x64) AppleWebKit/537.36 (KHTML, like Gecko) Chrome/110.0.0.0 Safari/537.36', 1, 0, '2023-03-31 11:12:06');
INSERT INTO `sys_log_login` VALUES (292, 'admin', '127.0.0.1', '内网IP', 'Mozilla/5.0 (Windows NT 10.0; Win64; x64) AppleWebKit/537.36 (KHTML, like Gecko) Chrome/110.0.0.0 Safari/537.36', 1, 0, '2023-04-01 12:06:39');
INSERT INTO `sys_log_login` VALUES (293, 'admin', '127.0.0.1', '内网IP', 'Mozilla/5.0 (Windows NT 10.0; Win64; x64) AppleWebKit/537.36 (KHTML, like Gecko) Chrome/110.0.0.0 Safari/537.36', 1, 0, '2023-04-03 10:36:26');
INSERT INTO `sys_log_login` VALUES (294, 'admin', '127.0.0.1', '内网IP', 'Mozilla/5.0 (Windows NT 10.0; Win64; x64) AppleWebKit/537.36 (KHTML, like Gecko) Chrome/110.0.0.0 Safari/537.36', 1, 1, '2023-04-03 15:30:31');
INSERT INTO `sys_log_login` VALUES (295, 'admin', '127.0.0.1', '内网IP', 'Mozilla/5.0 (Windows NT 10.0; Win64; x64) AppleWebKit/537.36 (KHTML, like Gecko) Chrome/110.0.0.0 Safari/537.36', 1, 0, '2023-04-03 15:30:36');
INSERT INTO `sys_log_login` VALUES (296, 'admin', '127.0.0.1', '内网IP', 'Mozilla/5.0 (Windows NT 10.0; Win64; x64) AppleWebKit/537.36 (KHTML, like Gecko) Chrome/110.0.0.0 Safari/537.36', 0, 2, '2023-04-05 12:19:44');
INSERT INTO `sys_log_login` VALUES (297, 'admin', '127.0.0.1', '内网IP', 'Mozilla/5.0 (Windows NT 10.0; Win64; x64) AppleWebKit/537.36 (KHTML, like Gecko) Chrome/110.0.0.0 Safari/537.36', 0, 2, '2023-04-05 12:19:54');
INSERT INTO `sys_log_login` VALUES (298, 'admin', '127.0.0.1', '内网IP', 'Mozilla/5.0 (Windows NT 10.0; Win64; x64) AppleWebKit/537.36 (KHTML, like Gecko) Chrome/110.0.0.0 Safari/537.36', 0, 2, '2023-04-05 12:20:05');
INSERT INTO `sys_log_login` VALUES (299, 'admin', '127.0.0.1', '内网IP', 'Mozilla/5.0 (Windows NT 10.0; Win64; x64) AppleWebKit/537.36 (KHTML, like Gecko) Chrome/110.0.0.0 Safari/537.36', 1, 0, '2023-04-05 12:20:11');
INSERT INTO `sys_log_login` VALUES (300, 'admin', '127.0.0.1', '内网IP', 'Mozilla/5.0 (Windows NT 10.0; Win64; x64) AppleWebKit/537.36 (KHTML, like Gecko) Chrome/110.0.0.0 Safari/537.36', 1, 1, '2023-04-05 12:22:29');
INSERT INTO `sys_log_login` VALUES (301, 'admin', '127.0.0.1', '内网IP', 'Mozilla/5.0 (Windows NT 10.0; Win64; x64) AppleWebKit/537.36 (KHTML, like Gecko) Chrome/110.0.0.0 Safari/537.36', 1, 0, '2023-04-05 12:22:35');
INSERT INTO `sys_log_login` VALUES (302, 'admin', '127.0.0.1', '内网IP', 'Mozilla/5.0 (Windows NT 10.0; Win64; x64) AppleWebKit/537.36 (KHTML, like Gecko) Chrome/110.0.0.0 Safari/537.36', 0, 2, '2023-04-05 12:22:35');
INSERT INTO `sys_log_login` VALUES (303, 'admin', '127.0.0.1', '内网IP', 'Mozilla/5.0 (Windows NT 10.0; Win64; x64) AppleWebKit/537.36 (KHTML, like Gecko) Chrome/110.0.0.0 Safari/537.36', 1, 1, '2023-04-06 09:59:56');
INSERT INTO `sys_log_login` VALUES (304, 'admin', '127.0.0.1', '内网IP', 'Mozilla/5.0 (Windows NT 10.0; Win64; x64) AppleWebKit/537.36 (KHTML, like Gecko) Chrome/110.0.0.0 Safari/537.36', 0, 2, '2023-04-06 10:00:01');
INSERT INTO `sys_log_login` VALUES (305, 'admin', '127.0.0.1', '内网IP', 'Mozilla/5.0 (Windows NT 10.0; Win64; x64) AppleWebKit/537.36 (KHTML, like Gecko) Chrome/110.0.0.0 Safari/537.36', 1, 0, '2023-04-06 10:00:08');
INSERT INTO `sys_log_login` VALUES (306, 'admin', '127.0.0.1', '内网IP', 'Mozilla/5.0 (Windows NT 10.0; Win64; x64) AppleWebKit/537.36 (KHTML, like Gecko) Chrome/110.0.0.0 Safari/537.36', 1, 0, '2023-04-07 10:05:47');
INSERT INTO `sys_log_login` VALUES (307, 'admin', '127.0.0.1', '内网IP', 'Mozilla/5.0 (Windows NT 10.0; Win64; x64) AppleWebKit/537.36 (KHTML, like Gecko) Chrome/110.0.0.0 Safari/537.36', 1, 0, '2023-04-07 11:34:24');
INSERT INTO `sys_log_login` VALUES (308, 'admin', '127.0.0.1', '内网IP', 'Mozilla/5.0 (Windows NT 10.0; Win64; x64) AppleWebKit/537.36 (KHTML, like Gecko) Chrome/110.0.0.0 Safari/537.36', 1, 0, '2023-04-08 12:10:45');
INSERT INTO `sys_log_login` VALUES (309, 'admin', '127.0.0.1', '内网IP', 'Mozilla/5.0 (Windows NT 10.0; Win64; x64) AppleWebKit/537.36 (KHTML, like Gecko) Chrome/110.0.0.0 Safari/537.36', 1, 1, '2023-04-08 12:27:14');
INSERT INTO `sys_log_login` VALUES (310, 'admin', '127.0.0.1', '内网IP', 'Mozilla/5.0 (Windows NT 10.0; Win64; x64) AppleWebKit/537.36 (KHTML, like Gecko) Chrome/110.0.0.0 Safari/537.36', 1, 0, '2023-04-08 12:30:57');
INSERT INTO `sys_log_login` VALUES (311, 'admin', '127.0.0.1', '内网IP', 'Mozilla/5.0 (Windows NT 10.0; Win64; x64) AppleWebKit/537.36 (KHTML, like Gecko) Chrome/110.0.0.0 Safari/537.36', 1, 1, '2023-04-08 12:34:08');
INSERT INTO `sys_log_login` VALUES (312, 'admin', '127.0.0.1', '内网IP', 'Mozilla/5.0 (Windows NT 10.0; Win64; x64) AppleWebKit/537.36 (KHTML, like Gecko) Chrome/110.0.0.0 Safari/537.36', 1, 0, '2023-04-08 12:36:23');
INSERT INTO `sys_log_login` VALUES (313, 'admin', '127.0.0.1', '内网IP', 'Mozilla/5.0 (Windows NT 10.0; Win64; x64) AppleWebKit/537.36 (KHTML, like Gecko) Chrome/110.0.0.0 Safari/537.36', 1, 0, '2023-04-20 11:53:27');
INSERT INTO `sys_log_login` VALUES (314, 'admin', '127.0.0.1', '内网IP', 'Mozilla/5.0 (Windows NT 10.0; Win64; x64) AppleWebKit/537.36 (KHTML, like Gecko) Chrome/110.0.0.0 Safari/537.36', 1, 0, '2023-04-23 14:17:59');
INSERT INTO `sys_log_login` VALUES (315, 'admin', '127.0.0.1', '内网IP', 'Mozilla/5.0 (Windows NT 10.0; Win64; x64) AppleWebKit/537.36 (KHTML, like Gecko) Chrome/110.0.0.0 Safari/537.36', 1, 0, '2023-05-08 09:38:18');
INSERT INTO `sys_log_login` VALUES (316, 'admin', '127.0.0.1', '内网IP', 'Mozilla/5.0 (Windows NT 10.0; Win64; x64) AppleWebKit/537.36 (KHTML, like Gecko) Chrome/112.0.0.0 Safari/537.36', 1, 0, '2023-05-18 15:34:36');
INSERT INTO `sys_log_login` VALUES (317, 'admin', '127.0.0.1', '内网IP', 'Mozilla/5.0 (Windows NT 10.0; Win64; x64) AppleWebKit/537.36 (KHTML, like Gecko) Chrome/112.0.0.0 Safari/537.36', 0, 2, '2023-05-18 15:34:38');
INSERT INTO `sys_log_login` VALUES (318, 'admin', '127.0.0.1', '内网IP', 'Mozilla/5.0 (Windows NT 10.0; Win64; x64) AppleWebKit/537.36 (KHTML, like Gecko) Chrome/112.0.0.0 Safari/537.36', 1, 0, '2023-05-19 16:06:02');
INSERT INTO `sys_log_login` VALUES (319, 'admin', '127.0.0.1', '内网IP', 'Mozilla/5.0 (Windows NT 10.0; Win64; x64) AppleWebKit/537.36 (KHTML, like Gecko) Chrome/112.0.0.0 Safari/537.36', 1, 0, '2023-05-23 09:19:02');
INSERT INTO `sys_log_login` VALUES (320, 'admin', '127.0.0.1', '内网IP', 'Mozilla/5.0 (Windows NT 10.0; Win64; x64) AppleWebKit/537.36 (KHTML, like Gecko) Chrome/112.0.0.0 Safari/537.36', 1, 1, '2023-05-23 09:33:56');
INSERT INTO `sys_log_login` VALUES (321, 'admin', '127.0.0.1', '内网IP', 'Mozilla/5.0 (Windows NT 10.0; Win64; x64) AppleWebKit/537.36 (KHTML, like Gecko) Chrome/112.0.0.0 Safari/537.36', 0, 2, '2023-05-23 09:44:03');
INSERT INTO `sys_log_login` VALUES (322, 'admin', '127.0.0.1', '内网IP', 'Mozilla/5.0 (Windows NT 10.0; Win64; x64) AppleWebKit/537.36 (KHTML, like Gecko) Chrome/112.0.0.0 Safari/537.36', 1, 0, '2023-05-23 09:44:09');
INSERT INTO `sys_log_login` VALUES (323, 'admin', '127.0.0.1', '内网IP', 'Mozilla/5.0 (Windows NT 10.0; Win64; x64) AppleWebKit/537.36 (KHTML, like Gecko) Chrome/112.0.0.0 Safari/537.36', 0, 2, '2023-05-24 15:02:29');
INSERT INTO `sys_log_login` VALUES (324, 'admin', '127.0.0.1', '内网IP', 'Mozilla/5.0 (Windows NT 10.0; Win64; x64) AppleWebKit/537.36 (KHTML, like Gecko) Chrome/112.0.0.0 Safari/537.36', 1, 0, '2023-05-24 15:02:38');
INSERT INTO `sys_log_login` VALUES (325, 'admin', '127.0.0.1', '内网IP', 'Mozilla/5.0 (Windows NT 10.0; Win64; x64) AppleWebKit/537.36 (KHTML, like Gecko) Chrome/112.0.0.0 Safari/537.36', 1, 0, '2023-05-25 17:04:24');
INSERT INTO `sys_log_login` VALUES (326, 'admin', '127.0.0.1', '内网IP', 'Mozilla/5.0 (Windows NT 10.0; Win64; x64) AppleWebKit/537.36 (KHTML, like Gecko) Chrome/112.0.0.0 Safari/537.36', 1, 0, '2023-05-27 09:57:33');
INSERT INTO `sys_log_login` VALUES (327, 'admin', '127.0.0.1', '内网IP', 'Mozilla/5.0 (Windows NT 10.0; Win64; x64) AppleWebKit/537.36 (KHTML, like Gecko) Chrome/112.0.0.0 Safari/537.36', 1, 0, '2023-05-28 09:17:01');
INSERT INTO `sys_log_login` VALUES (328, 'admin', '127.0.0.1', '内网IP', 'Mozilla/5.0 (Windows NT 10.0; Win64; x64) AppleWebKit/537.36 (KHTML, like Gecko) Chrome/112.0.0.0 Safari/537.36', 1, 0, '2023-05-29 10:39:30');
INSERT INTO `sys_log_login` VALUES (329, 'admin', '127.0.0.1', '内网IP', 'Mozilla/5.0 (Windows NT 10.0; Win64; x64) AppleWebKit/537.36 (KHTML, like Gecko) Chrome/112.0.0.0 Safari/537.36', 1, 0, '2023-05-30 12:30:43');
INSERT INTO `sys_log_login` VALUES (330, 'admin', '127.0.0.1', '内网IP', 'Mozilla/5.0 (Windows NT 10.0; Win64; x64) AppleWebKit/537.36 (KHTML, like Gecko) Chrome/112.0.0.0 Safari/537.36', 1, 0, '2023-05-30 14:29:57');
INSERT INTO `sys_log_login` VALUES (331, 'admin', '127.0.0.1', '内网IP', 'Mozilla/5.0 (Windows NT 10.0; Win64; x64) AppleWebKit/537.36 (KHTML, like Gecko) Chrome/112.0.0.0 Safari/537.36', 1, 1, '2023-05-30 20:42:15');
INSERT INTO `sys_log_login` VALUES (332, 'admin', '127.0.0.1', '内网IP', 'Mozilla/5.0 (Windows NT 10.0; Win64; x64) AppleWebKit/537.36 (KHTML, like Gecko) Chrome/112.0.0.0 Safari/537.36', 0, 2, '2023-05-30 20:42:21');
INSERT INTO `sys_log_login` VALUES (333, 'admin', '127.0.0.1', '内网IP', 'Mozilla/5.0 (Windows NT 10.0; Win64; x64) AppleWebKit/537.36 (KHTML, like Gecko) Chrome/112.0.0.0 Safari/537.36', 1, 0, '2023-05-30 20:42:25');
INSERT INTO `sys_log_login` VALUES (334, 'admin', '127.0.0.1', '内网IP', 'Mozilla/5.0 (Windows NT 10.0; Win64; x64) AppleWebKit/537.36 (KHTML, like Gecko) Chrome/112.0.0.0 Safari/537.36', 1, 1, '2023-05-30 20:43:45');
INSERT INTO `sys_log_login` VALUES (335, 'admin', '127.0.0.1', '内网IP', 'Mozilla/5.0 (Windows NT 10.0; Win64; x64) AppleWebKit/537.36 (KHTML, like Gecko) Chrome/112.0.0.0 Safari/537.36', 1, 0, '2023-05-30 20:47:41');
INSERT INTO `sys_log_login` VALUES (336, 'admin', '127.0.0.1', '内网IP', 'Mozilla/5.0 (Windows NT 10.0; Win64; x64) AppleWebKit/537.36 (KHTML, like Gecko) Chrome/112.0.0.0 Safari/537.36', 0, 2, '2023-06-01 16:15:03');
INSERT INTO `sys_log_login` VALUES (337, 'admin', '127.0.0.1', '内网IP', 'Mozilla/5.0 (Windows NT 10.0; Win64; x64) AppleWebKit/537.36 (KHTML, like Gecko) Chrome/112.0.0.0 Safari/537.36', 1, 0, '2023-06-01 16:15:03');
INSERT INTO `sys_log_login` VALUES (338, 'admin', '127.0.0.1', '内网IP', 'Mozilla/5.0 (Windows NT 10.0; Win64; x64) AppleWebKit/537.36 (KHTML, like Gecko) Chrome/112.0.0.0 Safari/537.36', 1, 0, '2023-06-03 10:52:01');
INSERT INTO `sys_log_login` VALUES (339, 'admin', '127.0.0.1', '内网IP', 'Mozilla/5.0 (Windows NT 10.0; Win64; x64) AppleWebKit/537.36 (KHTML, like Gecko) Chrome/112.0.0.0 Safari/537.36', 1, 0, '2023-06-08 17:29:40');
INSERT INTO `sys_log_login` VALUES (340, 'admin', '127.0.0.1', '内网IP', 'Mozilla/5.0 (Windows NT 10.0; Win64; x64) AppleWebKit/537.36 (KHTML, like Gecko) Chrome/112.0.0.0 Safari/537.36', 1, 1, '2023-06-08 17:29:51');
INSERT INTO `sys_log_login` VALUES (341, 'admin', '127.0.0.1', '内网IP', 'Mozilla/5.0 (Windows NT 10.0; Win64; x64) AppleWebKit/537.36 (KHTML, like Gecko) Chrome/112.0.0.0 Safari/537.36', 1, 0, '2023-06-08 17:34:35');
INSERT INTO `sys_log_login` VALUES (342, 'admin', '127.0.0.1', '内网IP', 'Mozilla/5.0 (Windows NT 10.0; Win64; x64) AppleWebKit/537.36 (KHTML, like Gecko) Chrome/112.0.0.0 Safari/537.36', 1, 0, '2023-06-13 15:16:36');
INSERT INTO `sys_log_login` VALUES (343, 'admin', '127.0.0.1', '内网IP', 'Mozilla/5.0 (Windows NT 10.0; Win64; x64) AppleWebKit/537.36 (KHTML, like Gecko) Chrome/112.0.0.0 Safari/537.36', 0, 2, '2023-06-19 17:46:21');
INSERT INTO `sys_log_login` VALUES (344, 'admin', '127.0.0.1', '内网IP', 'Mozilla/5.0 (Windows NT 10.0; Win64; x64) AppleWebKit/537.36 (KHTML, like Gecko) Chrome/112.0.0.0 Safari/537.36', 1, 0, '2023-06-19 17:46:25');
INSERT INTO `sys_log_login` VALUES (345, 'admin', '127.0.0.1', '内网IP', 'Mozilla/5.0 (Windows NT 10.0; Win64; x64) AppleWebKit/537.36 (KHTML, like Gecko) Chrome/112.0.0.0 Safari/537.36', 1, 0, '2023-06-20 20:54:31');
INSERT INTO `sys_log_login` VALUES (346, 'admin', '127.0.0.1', '内网IP', 'Mozilla/5.0 (Windows NT 10.0; Win64; x64) AppleWebKit/537.36 (KHTML, like Gecko) Chrome/112.0.0.0 Safari/537.36', 1, 0, '2023-06-22 12:30:51');
INSERT INTO `sys_log_login` VALUES (347, 'admin', '127.0.0.1', '内网IP', 'Mozilla/5.0 (Windows NT 10.0; Win64; x64) AppleWebKit/537.36 (KHTML, like Gecko) Chrome/112.0.0.0 Safari/537.36', 0, 2, '2023-06-24 20:18:27');
INSERT INTO `sys_log_login` VALUES (348, 'admin', '127.0.0.1', '内网IP', 'Mozilla/5.0 (Windows NT 10.0; Win64; x64) AppleWebKit/537.36 (KHTML, like Gecko) Chrome/112.0.0.0 Safari/537.36', 1, 0, '2023-06-24 20:18:33');
INSERT INTO `sys_log_login` VALUES (349, 'admin', '127.0.0.1', '内网IP', 'Mozilla/5.0 (Windows NT 10.0; Win64; x64) AppleWebKit/537.36 (KHTML, like Gecko) Chrome/112.0.0.0 Safari/537.36', 1, 0, '2023-06-25 20:50:46');
INSERT INTO `sys_log_login` VALUES (350, 'admin', '127.0.0.1', '内网IP', 'Mozilla/5.0 (Windows NT 10.0; Win64; x64) AppleWebKit/537.36 (KHTML, like Gecko) Chrome/112.0.0.0 Safari/537.36', 1, 0, '2023-06-26 21:46:53');
INSERT INTO `sys_log_login` VALUES (351, 'admin', '127.0.0.1', '内网IP', 'Mozilla/5.0 (Windows NT 10.0; Win64; x64) AppleWebKit/537.36 (KHTML, like Gecko) Chrome/112.0.0.0 Safari/537.36', 1, 1, '2023-06-26 22:23:18');
INSERT INTO `sys_log_login` VALUES (352, 'admin', '127.0.0.1', '内网IP', 'Mozilla/5.0 (Windows NT 10.0; Win64; x64) AppleWebKit/537.36 (KHTML, like Gecko) Chrome/112.0.0.0 Safari/537.36', 1, 0, '2023-06-26 22:31:31');
INSERT INTO `sys_log_login` VALUES (353, 'admin', '127.0.0.1', '内网IP', 'Mozilla/5.0 (Windows NT 10.0; Win64; x64) AppleWebKit/537.36 (KHTML, like Gecko) Chrome/112.0.0.0 Safari/537.36', 1, 0, '2023-07-04 15:27:04');
INSERT INTO `sys_log_login` VALUES (354, 'admin', '127.0.0.1', '内网IP', 'Mozilla/5.0 (Windows NT 10.0; Win64; x64) AppleWebKit/537.36 (KHTML, like Gecko) Chrome/112.0.0.0 Safari/537.36', 1, 0, '2023-07-06 17:25:43');
INSERT INTO `sys_log_login` VALUES (355, 'admin', '127.0.0.1', '内网IP', 'Mozilla/5.0 (Windows NT 10.0; Win64; x64) AppleWebKit/537.36 (KHTML, like Gecko) Chrome/112.0.0.0 Safari/537.36', 1, 1, '2023-07-07 15:41:41');
INSERT INTO `sys_log_login` VALUES (356, '测试用户', '127.0.0.1', '内网IP', 'Mozilla/5.0 (Windows NT 10.0; Win64; x64) AppleWebKit/537.36 (KHTML, like Gecko) Chrome/112.0.0.0 Safari/537.36', 1, 0, '2023-07-07 15:41:50');
INSERT INTO `sys_log_login` VALUES (357, '测试用户', '127.0.0.1', '内网IP', 'Mozilla/5.0 (Windows NT 10.0; Win64; x64) AppleWebKit/537.36 (KHTML, like Gecko) Chrome/112.0.0.0 Safari/537.36', 1, 1, '2023-07-07 15:45:27');
INSERT INTO `sys_log_login` VALUES (358, 'admin', '127.0.0.1', '内网IP', 'Mozilla/5.0 (Windows NT 10.0; Win64; x64) AppleWebKit/537.36 (KHTML, like Gecko) Chrome/112.0.0.0 Safari/537.36', 1, 0, '2023-07-07 15:45:32');
INSERT INTO `sys_log_login` VALUES (359, 'admin', '127.0.0.1', '内网IP', 'Mozilla/5.0 (Windows NT 10.0; Win64; x64) AppleWebKit/537.36 (KHTML, like Gecko) Chrome/112.0.0.0 Safari/537.36', 0, 2, '2023-07-10 09:22:12');
INSERT INTO `sys_log_login` VALUES (360, 'admin', '127.0.0.1', '内网IP', 'Mozilla/5.0 (Windows NT 10.0; Win64; x64) AppleWebKit/537.36 (KHTML, like Gecko) Chrome/112.0.0.0 Safari/537.36', 1, 0, '2023-07-10 09:22:16');
INSERT INTO `sys_log_login` VALUES (361, 'admin', '127.0.0.1', '内网IP', 'Mozilla/5.0 (Windows NT 10.0; Win64; x64) AppleWebKit/537.36 (KHTML, like Gecko) Chrome/112.0.0.0 Safari/537.36', 1, 0, '2023-07-11 10:46:18');
INSERT INTO `sys_log_login` VALUES (362, 'admin', '127.0.0.1', '内网IP', 'Mozilla/5.0 (Windows NT 10.0; Win64; x64) AppleWebKit/537.36 (KHTML, like Gecko) Chrome/112.0.0.0 Safari/537.36', 0, 2, '2023-07-11 11:07:49');
INSERT INTO `sys_log_login` VALUES (363, 'admin', '127.0.0.1', '内网IP', 'Mozilla/5.0 (Windows NT 10.0; Win64; x64) AppleWebKit/537.36 (KHTML, like Gecko) Chrome/112.0.0.0 Safari/537.36', 1, 0, '2023-07-11 11:07:54');
INSERT INTO `sys_log_login` VALUES (364, 'admin', '127.0.0.1', '内网IP', 'Mozilla/5.0 (Windows NT 10.0; Win64; x64) AppleWebKit/537.36 (KHTML, like Gecko) Chrome/112.0.0.0 Safari/537.36', 1, 0, '2023-07-13 16:28:25');
INSERT INTO `sys_log_login` VALUES (365, 'admin', '127.0.0.1', '内网IP', 'Mozilla/5.0 (Windows NT 10.0; Win64; x64) AppleWebKit/537.36 (KHTML, like Gecko) Chrome/112.0.0.0 Safari/537.36', 0, 2, '2023-07-14 16:59:21');
INSERT INTO `sys_log_login` VALUES (366, 'admin', '127.0.0.1', '内网IP', 'Mozilla/5.0 (Windows NT 10.0; Win64; x64) AppleWebKit/537.36 (KHTML, like Gecko) Chrome/112.0.0.0 Safari/537.36', 1, 0, '2023-07-14 16:59:27');
INSERT INTO `sys_log_login` VALUES (367, 'admin', '127.0.0.1', '内网IP', 'Mozilla/5.0 (Windows NT 10.0; Win64; x64) AppleWebKit/537.36 (KHTML, like Gecko) Chrome/112.0.0.0 Safari/537.36', 1, 1, '2023-07-14 16:59:46');
INSERT INTO `sys_log_login` VALUES (368, 'admin', '127.0.0.1', '内网IP', 'Mozilla/5.0 (Windows NT 10.0; Win64; x64) AppleWebKit/537.36 (KHTML, like Gecko) Chrome/112.0.0.0 Safari/537.36', 1, 0, '2023-07-14 16:59:51');
INSERT INTO `sys_log_login` VALUES (369, 'admin', '127.0.0.1', '内网IP', 'Mozilla/5.0 (Windows NT 10.0; Win64; x64) AppleWebKit/537.36 (KHTML, like Gecko) Chrome/112.0.0.0 Safari/537.36', 0, 2, '2023-07-17 15:38:30');
INSERT INTO `sys_log_login` VALUES (370, 'admin', '127.0.0.1', '内网IP', 'Mozilla/5.0 (Windows NT 10.0; Win64; x64) AppleWebKit/537.36 (KHTML, like Gecko) Chrome/112.0.0.0 Safari/537.36', 1, 0, '2023-07-17 15:38:39');
INSERT INTO `sys_log_login` VALUES (371, 'admin', '127.0.0.1', '内网IP', 'Mozilla/5.0 (Windows NT 10.0; Win64; x64) AppleWebKit/537.36 (KHTML, like Gecko) Chrome/112.0.0.0 Safari/537.36', 0, 2, '2023-07-18 15:39:22');
INSERT INTO `sys_log_login` VALUES (372, 'admin', '127.0.0.1', '内网IP', 'Mozilla/5.0 (Windows NT 10.0; Win64; x64) AppleWebKit/537.36 (KHTML, like Gecko) Chrome/112.0.0.0 Safari/537.36', 1, 0, '2023-07-18 15:39:28');
INSERT INTO `sys_log_login` VALUES (373, 'admin', '127.0.0.1', '内网IP', 'Mozilla/5.0 (Windows NT 10.0; Win64; x64) AppleWebKit/537.36 (KHTML, like Gecko) Chrome/112.0.0.0 Safari/537.36', 0, 2, '2023-07-19 16:16:52');
INSERT INTO `sys_log_login` VALUES (374, 'admin', '127.0.0.1', '内网IP', 'Mozilla/5.0 (Windows NT 10.0; Win64; x64) AppleWebKit/537.36 (KHTML, like Gecko) Chrome/112.0.0.0 Safari/537.36', 1, 0, '2023-07-19 16:16:57');
INSERT INTO `sys_log_login` VALUES (375, 'admin', '127.0.0.1', '内网IP', 'Mozilla/5.0 (Windows NT 10.0; Win64; x64) AppleWebKit/537.36 (KHTML, like Gecko) Chrome/112.0.0.0 Safari/537.36', 1, 0, '2023-07-20 16:21:50');
INSERT INTO `sys_log_login` VALUES (376, 'admin', '127.0.0.1', '内网IP', 'Mozilla/5.0 (Windows NT 10.0; Win64; x64) AppleWebKit/537.36 (KHTML, like Gecko) Chrome/112.0.0.0 Safari/537.36', 1, 1, '2023-07-21 14:58:54');
INSERT INTO `sys_log_login` VALUES (377, 'admin', '127.0.0.1', '内网IP', 'Mozilla/5.0 (Windows NT 10.0; Win64; x64) AppleWebKit/537.36 (KHTML, like Gecko) Chrome/112.0.0.0 Safari/537.36', 1, 0, '2023-07-21 14:59:04');
INSERT INTO `sys_log_login` VALUES (378, 'admin', '127.0.0.1', '内网IP', 'Mozilla/5.0 (Windows NT 10.0; Win64; x64) AppleWebKit/537.36 (KHTML, like Gecko) Chrome/112.0.0.0 Safari/537.36', 1, 0, '2023-07-22 17:54:15');
INSERT INTO `sys_log_login` VALUES (379, 'admin', '127.0.0.1', '内网IP', 'Mozilla/5.0 (Windows NT 10.0; Win64; x64) AppleWebKit/537.36 (KHTML, like Gecko) Chrome/112.0.0.0 Safari/537.36', 1, 1, '2023-07-22 22:44:14');
INSERT INTO `sys_log_login` VALUES (380, 'admin', '127.0.0.1', '内网IP', 'Mozilla/5.0 (Windows NT 10.0; Win64; x64) AppleWebKit/537.36 (KHTML, like Gecko) Chrome/112.0.0.0 Safari/537.36', 1, 0, '2023-07-22 22:44:25');
INSERT INTO `sys_log_login` VALUES (381, 'admin', '127.0.0.1', '内网IP', 'Mozilla/5.0 (Windows NT 10.0; Win64; x64) AppleWebKit/537.36 (KHTML, like Gecko) Chrome/112.0.0.0 Safari/537.36', 1, 1, '2023-07-22 22:44:49');
INSERT INTO `sys_log_login` VALUES (382, '测试用户2', '127.0.0.1', '内网IP', 'Mozilla/5.0 (Windows NT 10.0; Win64; x64) AppleWebKit/537.36 (KHTML, like Gecko) Chrome/112.0.0.0 Safari/537.36', 0, 3, '2023-07-22 22:45:05');
INSERT INTO `sys_log_login` VALUES (383, '测试用户2', '127.0.0.1', '内网IP', 'Mozilla/5.0 (Windows NT 10.0; Win64; x64) AppleWebKit/537.36 (KHTML, like Gecko) Chrome/112.0.0.0 Safari/537.36', 0, 2, '2023-07-22 22:45:08');
INSERT INTO `sys_log_login` VALUES (384, '测试用户2', '127.0.0.1', '内网IP', 'Mozilla/5.0 (Windows NT 10.0; Win64; x64) AppleWebKit/537.36 (KHTML, like Gecko) Chrome/112.0.0.0 Safari/537.36', 0, 3, '2023-07-22 22:45:13');
INSERT INTO `sys_log_login` VALUES (385, '测试用户2', '127.0.0.1', '内网IP', 'Mozilla/5.0 (Windows NT 10.0; Win64; x64) AppleWebKit/537.36 (KHTML, like Gecko) Chrome/112.0.0.0 Safari/537.36', 0, 3, '2023-07-22 22:45:21');
INSERT INTO `sys_log_login` VALUES (386, '测试用户2', '127.0.0.1', '内网IP', 'Mozilla/5.0 (Windows NT 10.0; Win64; x64) AppleWebKit/537.36 (KHTML, like Gecko) Chrome/112.0.0.0 Safari/537.36', 0, 2, '2023-07-22 22:45:29');
INSERT INTO `sys_log_login` VALUES (387, '测试用户2', '127.0.0.1', '内网IP', 'Mozilla/5.0 (Windows NT 10.0; Win64; x64) AppleWebKit/537.36 (KHTML, like Gecko) Chrome/112.0.0.0 Safari/537.36', 1, 0, '2023-07-22 22:45:35');
INSERT INTO `sys_log_login` VALUES (388, '测试用户2', '127.0.0.1', '内网IP', 'Mozilla/5.0 (Windows NT 10.0; Win64; x64) AppleWebKit/537.36 (KHTML, like Gecko) Chrome/112.0.0.0 Safari/537.36', 1, 1, '2023-07-22 22:45:48');
INSERT INTO `sys_log_login` VALUES (389, 'admin', '127.0.0.1', '内网IP', 'Mozilla/5.0 (Windows NT 10.0; Win64; x64) AppleWebKit/537.36 (KHTML, like Gecko) Chrome/112.0.0.0 Safari/537.36', 1, 0, '2023-07-22 22:45:54');
INSERT INTO `sys_log_login` VALUES (390, 'admin', '127.0.0.1', '内网IP', 'Mozilla/5.0 (Windows NT 10.0; Win64; x64) AppleWebKit/537.36 (KHTML, like Gecko) Chrome/112.0.0.0 Safari/537.36', 1, 1, '2023-07-22 22:46:13');
INSERT INTO `sys_log_login` VALUES (391, '测试用户2', '127.0.0.1', '内网IP', 'Mozilla/5.0 (Windows NT 10.0; Win64; x64) AppleWebKit/537.36 (KHTML, like Gecko) Chrome/112.0.0.0 Safari/537.36', 1, 0, '2023-07-22 22:46:24');
INSERT INTO `sys_log_login` VALUES (392, '测试用户2', '127.0.0.1', '内网IP', 'Mozilla/5.0 (Windows NT 10.0; Win64; x64) AppleWebKit/537.36 (KHTML, like Gecko) Chrome/112.0.0.0 Safari/537.36', 1, 1, '2023-07-22 22:52:58');
INSERT INTO `sys_log_login` VALUES (393, 'admin', '127.0.0.1', '内网IP', 'Mozilla/5.0 (Windows NT 10.0; Win64; x64) AppleWebKit/537.36 (KHTML, like Gecko) Chrome/112.0.0.0 Safari/537.36', 1, 0, '2023-07-22 22:53:03');
INSERT INTO `sys_log_login` VALUES (394, 'admin', '127.0.0.1', '内网IP', 'Mozilla/5.0 (Windows NT 10.0; Win64; x64) AppleWebKit/537.36 (KHTML, like Gecko) Chrome/112.0.0.0 Safari/537.36', 1, 1, '2023-07-22 22:54:34');
INSERT INTO `sys_log_login` VALUES (395, '测试用户2', '127.0.0.1', '内网IP', 'Mozilla/5.0 (Windows NT 10.0; Win64; x64) AppleWebKit/537.36 (KHTML, like Gecko) Chrome/112.0.0.0 Safari/537.36', 1, 0, '2023-07-22 22:54:43');
INSERT INTO `sys_log_login` VALUES (396, '测试用户2', '127.0.0.1', '内网IP', 'Mozilla/5.0 (Windows NT 10.0; Win64; x64) AppleWebKit/537.36 (KHTML, like Gecko) Chrome/112.0.0.0 Safari/537.36', 1, 1, '2023-07-22 22:55:01');
INSERT INTO `sys_log_login` VALUES (397, 'admin', '127.0.0.1', '内网IP', 'Mozilla/5.0 (Windows NT 10.0; Win64; x64) AppleWebKit/537.36 (KHTML, like Gecko) Chrome/112.0.0.0 Safari/537.36', 1, 0, '2023-07-22 22:55:08');
INSERT INTO `sys_log_login` VALUES (398, 'admin', '127.0.0.1', '内网IP', 'Mozilla/5.0 (Windows NT 10.0; Win64; x64) AppleWebKit/537.36 (KHTML, like Gecko) Chrome/112.0.0.0 Safari/537.36', 1, 0, '2023-07-23 13:05:52');
INSERT INTO `sys_log_login` VALUES (399, 'admin', '127.0.0.1', '内网IP', 'Mozilla/5.0 (Windows NT 10.0; Win64; x64) AppleWebKit/537.36 (KHTML, like Gecko) Chrome/112.0.0.0 Safari/537.36', 1, 1, '2023-07-23 13:40:01');
INSERT INTO `sys_log_login` VALUES (400, 'admin', '127.0.0.1', '内网IP', 'Mozilla/5.0 (Windows NT 10.0; Win64; x64) AppleWebKit/537.36 (KHTML, like Gecko) Chrome/112.0.0.0 Safari/537.36', 1, 0, '2023-07-23 13:41:58');
INSERT INTO `sys_log_login` VALUES (401, 'admin', '127.0.0.1', '内网IP', 'Mozilla/5.0 (Windows NT 10.0; Win64; x64) AppleWebKit/537.36 (KHTML, like Gecko) Chrome/112.0.0.0 Safari/537.36', 1, 1, '2023-07-23 13:59:06');
INSERT INTO `sys_log_login` VALUES (402, '测试用户2', '127.0.0.1', '内网IP', 'Mozilla/5.0 (Windows NT 10.0; Win64; x64) AppleWebKit/537.36 (KHTML, like Gecko) Chrome/112.0.0.0 Safari/537.36', 1, 0, '2023-07-23 13:59:27');
INSERT INTO `sys_log_login` VALUES (403, '测试用户2', '127.0.0.1', '内网IP', 'Mozilla/5.0 (Windows NT 10.0; Win64; x64) AppleWebKit/537.36 (KHTML, like Gecko) Chrome/112.0.0.0 Safari/537.36', 1, 1, '2023-07-23 13:59:45');
INSERT INTO `sys_log_login` VALUES (404, 'admin', '127.0.0.1', '内网IP', 'Mozilla/5.0 (Windows NT 10.0; Win64; x64) AppleWebKit/537.36 (KHTML, like Gecko) Chrome/112.0.0.0 Safari/537.36', 1, 0, '2023-07-23 13:59:49');
INSERT INTO `sys_log_login` VALUES (405, 'admin', '127.0.0.1', '内网IP', 'Mozilla/5.0 (Windows NT 10.0; Win64; x64) AppleWebKit/537.36 (KHTML, like Gecko) Chrome/112.0.0.0 Safari/537.36', 1, 0, '2023-07-31 17:01:27');
INSERT INTO `sys_log_login` VALUES (406, 'admin', '127.0.0.1', '内网IP', 'Mozilla/5.0 (Windows NT 10.0; Win64; x64) AppleWebKit/537.36 (KHTML, like Gecko) Chrome/112.0.0.0 Safari/537.36', 1, 0, '2023-08-01 17:18:38');
INSERT INTO `sys_log_login` VALUES (407, 'admin', '127.0.0.1', '内网IP', 'Mozilla/5.0 (Windows NT 10.0; Win64; x64) AppleWebKit/537.36 (KHTML, like Gecko) Chrome/112.0.0.0 Safari/537.36', 1, 0, '2023-08-07 11:06:41');
INSERT INTO `sys_log_login` VALUES (408, 'admin', '127.0.0.1', '内网IP', 'Mozilla/5.0 (Windows NT 10.0; Win64; x64) AppleWebKit/537.36 (KHTML, like Gecko) Chrome/112.0.0.0 Safari/537.36', 1, 0, '2023-08-14 10:09:17');
INSERT INTO `sys_log_login` VALUES (409, 'admin', '127.0.0.1', '内网IP', 'Mozilla/5.0 (Windows NT 10.0; Win64; x64) AppleWebKit/537.36 (KHTML, like Gecko) Chrome/112.0.0.0 Safari/537.36', 1, 0, '2023-08-14 10:18:52');
INSERT INTO `sys_log_login` VALUES (410, 'admin', '127.0.0.1', '内网IP', 'Mozilla/5.0 (Windows NT 10.0; Win64; x64) AppleWebKit/537.36 (KHTML, like Gecko) Chrome/112.0.0.0 Safari/537.36', 0, 2, '2023-08-15 14:20:46');
INSERT INTO `sys_log_login` VALUES (411, 'admin', '127.0.0.1', '内网IP', 'Mozilla/5.0 (Windows NT 10.0; Win64; x64) AppleWebKit/537.36 (KHTML, like Gecko) Chrome/112.0.0.0 Safari/537.36', 1, 0, '2023-08-15 14:20:51');
INSERT INTO `sys_log_login` VALUES (412, 'admin', '127.0.0.1', '内网IP', 'Mozilla/5.0 (Windows NT 10.0; Win64; x64) AppleWebKit/537.36 (KHTML, like Gecko) Chrome/112.0.0.0 Safari/537.36', 1, 0, '2023-08-16 14:50:58');
INSERT INTO `sys_log_login` VALUES (413, 'admin', '127.0.0.1', '内网IP', 'Mozilla/5.0 (Windows NT 10.0; Win64; x64) AppleWebKit/537.36 (KHTML, like Gecko) Chrome/112.0.0.0 Safari/537.36', 1, 0, '2023-08-17 15:08:09');
INSERT INTO `sys_log_login` VALUES (414, 'admin', '127.0.0.1', '内网IP', 'Mozilla/5.0 (Windows NT 10.0; Win64; x64) AppleWebKit/537.36 (KHTML, like Gecko) Chrome/112.0.0.0 Safari/537.36', 1, 0, '2023-08-18 15:58:48');
INSERT INTO `sys_log_login` VALUES (415, 'admin', '127.0.0.1', '内网IP', 'Mozilla/5.0 (Windows NT 10.0; Win64; x64) AppleWebKit/537.36 (KHTML, like Gecko) Chrome/112.0.0.0 Safari/537.36', 1, 0, '2023-08-18 17:29:42');
INSERT INTO `sys_log_login` VALUES (416, 'admin', '127.0.0.1', '内网IP', 'Mozilla/5.0 (Windows NT 10.0; Win64; x64) AppleWebKit/537.36 (KHTML, like Gecko) Chrome/112.0.0.0 Safari/537.36', 1, 0, '2023-08-23 16:17:39');
INSERT INTO `sys_log_login` VALUES (417, 'admin', '127.0.0.1', '内网IP', 'Mozilla/5.0 (Windows NT 10.0; Win64; x64) AppleWebKit/537.36 (KHTML, like Gecko) Chrome/112.0.0.0 Safari/537.36', 1, 0, '2023-08-24 16:48:42');
INSERT INTO `sys_log_login` VALUES (418, 'admin', '127.0.0.1', '内网IP', 'Mozilla/5.0 (Windows NT 10.0; Win64; x64) AppleWebKit/537.36 (KHTML, like Gecko) Chrome/112.0.0.0 Safari/537.36', 1, 0, '2023-08-25 16:50:18');
INSERT INTO `sys_log_login` VALUES (419, 'admin', '127.0.0.1', '内网IP', 'Mozilla/5.0 (Windows NT 10.0; Win64; x64) AppleWebKit/537.36 (KHTML, like Gecko) Chrome/112.0.0.0 Safari/537.36', 1, 0, '2023-08-26 21:16:37');
INSERT INTO `sys_log_login` VALUES (420, 'admin', '127.0.0.1', '内网IP', 'Mozilla/5.0 (Windows NT 10.0; Win64; x64) AppleWebKit/537.36 (KHTML, like Gecko) Chrome/112.0.0.0 Safari/537.36', 1, 0, '2023-08-27 21:17:10');
INSERT INTO `sys_log_login` VALUES (421, 'admin', '127.0.0.1', '内网IP', 'Mozilla/5.0 (Windows NT 10.0; Win64; x64) AppleWebKit/537.36 (KHTML, like Gecko) Chrome/112.0.0.0 Safari/537.36', 1, 0, '2023-08-28 22:32:45');
INSERT INTO `sys_log_login` VALUES (422, 'admin', '127.0.0.1', '内网IP', 'Mozilla/5.0 (Windows NT 10.0; Win64; x64) AppleWebKit/537.36 (KHTML, like Gecko) Chrome/112.0.0.0 Safari/537.36', 1, 1, '2023-08-28 22:43:46');
INSERT INTO `sys_log_login` VALUES (423, 'admin', '127.0.0.1', '内网IP', 'Mozilla/5.0 (Windows NT 10.0; Win64; x64) AppleWebKit/537.36 (KHTML, like Gecko) Chrome/112.0.0.0 Safari/537.36', 1, 0, '2023-08-28 22:46:47');
INSERT INTO `sys_log_login` VALUES (424, 'admin', '127.0.0.1', '内网IP', 'Mozilla/5.0 (Windows NT 10.0; Win64; x64) AppleWebKit/537.36 (KHTML, like Gecko) Chrome/112.0.0.0 Safari/537.36', 1, 0, '2023-08-30 19:27:53');
INSERT INTO `sys_log_login` VALUES (425, 'admin', '127.0.0.1', '内网IP', 'Mozilla/5.0 (Windows NT 10.0; Win64; x64) AppleWebKit/537.36 (KHTML, like Gecko) Chrome/112.0.0.0 Safari/537.36', 1, 0, '2023-09-13 15:12:02');
INSERT INTO `sys_log_login` VALUES (426, 'admin', '127.0.0.1', '内网IP', 'Mozilla/5.0 (Windows NT 10.0; Win64; x64) AppleWebKit/537.36 (KHTML, like Gecko) Chrome/112.0.0.0 Safari/537.36', 0, 2, '2023-09-17 16:57:22');
INSERT INTO `sys_log_login` VALUES (427, 'admin', '127.0.0.1', '内网IP', 'Mozilla/5.0 (Windows NT 10.0; Win64; x64) AppleWebKit/537.36 (KHTML, like Gecko) Chrome/112.0.0.0 Safari/537.36', 1, 0, '2023-09-17 16:57:30');
INSERT INTO `sys_log_login` VALUES (428, 'admin', '127.0.0.1', '内网IP', 'Mozilla/5.0 (Windows NT 10.0; Win64; x64) AppleWebKit/537.36 (KHTML, like Gecko) Chrome/112.0.0.0 Safari/537.36', 0, 2, '2023-09-19 19:33:10');
INSERT INTO `sys_log_login` VALUES (429, 'admin', '127.0.0.1', '内网IP', 'Mozilla/5.0 (Windows NT 10.0; Win64; x64) AppleWebKit/537.36 (KHTML, like Gecko) Chrome/112.0.0.0 Safari/537.36', 1, 0, '2023-09-19 19:33:15');
INSERT INTO `sys_log_login` VALUES (430, 'admin', '127.0.0.1', '内网IP', 'Mozilla/5.0 (Windows NT 10.0; Win64; x64) AppleWebKit/537.36 (KHTML, like Gecko) Chrome/112.0.0.0 Safari/537.36', 1, 0, '2023-09-24 16:05:06');
INSERT INTO `sys_log_login` VALUES (431, 'admin', '127.0.0.1', '内网IP', 'Mozilla/5.0 (Windows NT 10.0; Win64; x64) AppleWebKit/537.36 (KHTML, like Gecko) Chrome/112.0.0.0 Safari/537.36', 1, 0, '2023-09-24 17:39:06');
INSERT INTO `sys_log_login` VALUES (432, 'admin', '127.0.0.1', '内网IP', 'Mozilla/5.0 (Windows NT 10.0; Win64; x64) AppleWebKit/537.36 (KHTML, like Gecko) Chrome/112.0.0.0 Safari/537.36', 1, 0, '2023-09-27 10:26:23');
INSERT INTO `sys_log_login` VALUES (433, 'admin', '127.0.0.1', '内网IP', 'Mozilla/5.0 (Windows NT 10.0; WOW64) AppleWebKit/537.36 (KHTML, like Gecko) Chrome/108.0.5359.125 Safari/537.36', 1, 0, '2023-09-27 15:48:46');
INSERT INTO `sys_log_login` VALUES (434, 'admin', '127.0.0.1', '内网IP', 'Mozilla/5.0 (Windows NT 10.0; Win64; x64) AppleWebKit/537.36 (KHTML, like Gecko) Chrome/112.0.0.0 Safari/537.36', 1, 0, '2023-09-28 10:40:58');
INSERT INTO `sys_log_login` VALUES (435, 'admin', '127.0.0.1', '内网IP', 'Mozilla/5.0 (Windows NT 10.0; Win64; x64) AppleWebKit/537.36 (KHTML, like Gecko) Chrome/112.0.0.0 Safari/537.36', 1, 0, '2023-10-01 12:55:10');
INSERT INTO `sys_log_login` VALUES (436, 'admin', '127.0.0.1', '内网IP', 'Mozilla/5.0 (Windows NT 10.0; Win64; x64) AppleWebKit/537.36 (KHTML, like Gecko) Chrome/112.0.0.0 Safari/537.36', 0, 2, '2023-10-07 09:24:11');
INSERT INTO `sys_log_login` VALUES (437, 'admin', '127.0.0.1', '内网IP', 'Mozilla/5.0 (Windows NT 10.0; Win64; x64) AppleWebKit/537.36 (KHTML, like Gecko) Chrome/112.0.0.0 Safari/537.36', 1, 0, '2023-10-07 09:24:16');
INSERT INTO `sys_log_login` VALUES (438, 'admin', '127.0.0.1', '内网IP', 'Mozilla/5.0 (Windows NT 10.0; Win64; x64) AppleWebKit/537.36 (KHTML, like Gecko) Chrome/112.0.0.0 Safari/537.36', 1, 0, '2023-10-08 11:40:42');
INSERT INTO `sys_log_login` VALUES (439, 'admin', '127.0.0.1', '内网IP', 'Mozilla/5.0 (Windows NT 10.0; Win64; x64) AppleWebKit/537.36 (KHTML, like Gecko) Chrome/112.0.0.0 Safari/537.36', 0, 2, '2023-10-09 11:41:02');
INSERT INTO `sys_log_login` VALUES (440, 'admin', '127.0.0.1', '内网IP', 'Mozilla/5.0 (Windows NT 10.0; Win64; x64) AppleWebKit/537.36 (KHTML, like Gecko) Chrome/112.0.0.0 Safari/537.36', 1, 0, '2023-10-09 11:41:05');
INSERT INTO `sys_log_login` VALUES (441, 'admin', '127.0.0.1', '内网IP', 'Mozilla/5.0 (Windows NT 10.0; Win64; x64) AppleWebKit/537.36 (KHTML, like Gecko) Chrome/112.0.0.0 Safari/537.36', 1, 0, '2023-10-11 09:21:50');
INSERT INTO `sys_log_login` VALUES (442, 'admin', '127.0.0.1', '内网IP', 'Mozilla/5.0 (Windows NT 10.0; Win64; x64) AppleWebKit/537.36 (KHTML, like Gecko) Chrome/117.0.0.0 Safari/537.36', 1, 0, '2023-10-12 09:33:00');
INSERT INTO `sys_log_login` VALUES (443, 'admin', '127.0.0.1', '内网IP', 'Mozilla/5.0 (Windows NT 10.0; Win64; x64) AppleWebKit/537.36 (KHTML, like Gecko) Chrome/117.0.0.0 Safari/537.36', 1, 0, '2023-10-13 09:52:54');
INSERT INTO `sys_log_login` VALUES (444, 'admin', '127.0.0.1', '内网IP', 'Mozilla/5.0 (Windows NT 10.0; Win64; x64) AppleWebKit/537.36 (KHTML, like Gecko) Chrome/117.0.0.0 Safari/537.36', 1, 0, '2023-10-14 10:19:47');
INSERT INTO `sys_log_login` VALUES (445, 'admin', '127.0.0.1', '内网IP', 'Mozilla/5.0 (Windows NT 10.0; Win64; x64) AppleWebKit/537.36 (KHTML, like Gecko) Chrome/117.0.0.0 Safari/537.36', 1, 0, '2023-10-19 14:41:58');
INSERT INTO `sys_log_login` VALUES (446, '_cas_stateless_', '127.0.0.1', '内网IP', 'Mozilla/5.0 (Windows NT 10.0; Win64; x64) AppleWebKit/537.36 (KHTML, like Gecko) Chrome/117.0.0.0 Safari/537.36', 0, 3, '2023-10-21 15:37:03');
INSERT INTO `sys_log_login` VALUES (447, '_cas_stateless_', '127.0.0.1', '内网IP', 'Mozilla/5.0 (Windows NT 10.0; Win64; x64) AppleWebKit/537.36 (KHTML, like Gecko) Chrome/117.0.0.0 Safari/537.36', 0, 3, '2023-10-21 15:37:35');
INSERT INTO `sys_log_login` VALUES (448, '_cas_stateless_', '127.0.0.1', '内网IP', 'Mozilla/5.0 (Windows NT 10.0; Win64; x64) AppleWebKit/537.36 (KHTML, like Gecko) Chrome/117.0.0.0 Safari/537.36', 0, 3, '2023-10-21 16:36:11');
INSERT INTO `sys_log_login` VALUES (449, '_cas_stateless_', '127.0.0.1', '内网IP', 'Mozilla/5.0 (Windows NT 10.0; Win64; x64) AppleWebKit/537.36 (KHTML, like Gecko) Chrome/117.0.0.0 Safari/537.36', 0, 3, '2023-10-21 16:36:25');
INSERT INTO `sys_log_login` VALUES (450, 'casuser', '127.0.0.1', '内网IP', 'Mozilla/5.0 (Windows NT 10.0; Win64; x64) AppleWebKit/537.36 (KHTML, like Gecko) Chrome/117.0.0.0 Safari/537.36', 1, 0, '2023-10-21 16:49:02');
INSERT INTO `sys_log_login` VALUES (451, '_cas_stateless_', '127.0.0.1', '内网IP', 'Mozilla/5.0 (Windows NT 10.0; Win64; x64) AppleWebKit/537.36 (KHTML, like Gecko) Chrome/117.0.0.0 Safari/537.36', 0, 3, '2023-10-21 16:49:02');
INSERT INTO `sys_log_login` VALUES (452, '_cas_stateless_', '127.0.0.1', '内网IP', 'Mozilla/5.0 (Windows NT 10.0; Win64; x64) AppleWebKit/537.36 (KHTML, like Gecko) Chrome/117.0.0.0 Safari/537.36', 0, 3, '2023-10-21 16:49:24');
INSERT INTO `sys_log_login` VALUES (453, '_cas_stateless_', '127.0.0.1', '内网IP', 'Mozilla/5.0 (Windows NT 10.0; Win64; x64) AppleWebKit/537.36 (KHTML, like Gecko) Chrome/117.0.0.0 Safari/537.36', 0, 3, '2023-10-21 16:49:24');
INSERT INTO `sys_log_login` VALUES (454, 'casuser', '127.0.0.1', '内网IP', 'Mozilla/5.0 (Windows NT 10.0; Win64; x64) AppleWebKit/537.36 (KHTML, like Gecko) Chrome/117.0.0.0 Safari/537.36', 1, 0, '2023-10-21 16:50:41');
INSERT INTO `sys_log_login` VALUES (455, '_cas_stateless_', '127.0.0.1', '内网IP', 'Mozilla/5.0 (Windows NT 10.0; Win64; x64) AppleWebKit/537.36 (KHTML, like Gecko) Chrome/117.0.0.0 Safari/537.36', 0, 3, '2023-10-21 16:50:41');
INSERT INTO `sys_log_login` VALUES (456, 'casuser', '127.0.0.1', '内网IP', 'Mozilla/5.0 (Windows NT 10.0; Win64; x64) AppleWebKit/537.36 (KHTML, like Gecko) Chrome/117.0.0.0 Safari/537.36', 1, 0, '2023-10-21 16:52:57');
INSERT INTO `sys_log_login` VALUES (457, '_cas_stateless_', '127.0.0.1', '内网IP', 'Mozilla/5.0 (Windows NT 10.0; Win64; x64) AppleWebKit/537.36 (KHTML, like Gecko) Chrome/117.0.0.0 Safari/537.36', 0, 3, '2023-10-21 16:52:57');
INSERT INTO `sys_log_login` VALUES (458, 'casuser', '127.0.0.1', '内网IP', 'Mozilla/5.0 (Windows NT 10.0; Win64; x64) AppleWebKit/537.36 (KHTML, like Gecko) Chrome/117.0.0.0 Safari/537.36', 1, 0, '2023-10-21 16:59:30');
INSERT INTO `sys_log_login` VALUES (459, '_cas_stateless_', '127.0.0.1', '内网IP', 'Mozilla/5.0 (Windows NT 10.0; Win64; x64) AppleWebKit/537.36 (KHTML, like Gecko) Chrome/117.0.0.0 Safari/537.36', 0, 3, '2023-10-21 16:59:31');
INSERT INTO `sys_log_login` VALUES (460, '_cas_stateless_', '127.0.0.1', '内网IP', 'Mozilla/5.0 (Windows NT 10.0; Win64; x64) AppleWebKit/537.36 (KHTML, like Gecko) Chrome/117.0.0.0 Safari/537.36', 0, 3, '2023-10-21 17:00:03');
INSERT INTO `sys_log_login` VALUES (461, '_cas_stateless_', '127.0.0.1', '内网IP', 'Mozilla/5.0 (Windows NT 10.0; Win64; x64) AppleWebKit/537.36 (KHTML, like Gecko) Chrome/117.0.0.0 Safari/537.36', 0, 3, '2023-10-21 17:00:03');
INSERT INTO `sys_log_login` VALUES (462, '_cas_stateless_', '127.0.0.1', '内网IP', 'Mozilla/5.0 (Windows NT 10.0; Win64; x64) AppleWebKit/537.36 (KHTML, like Gecko) Chrome/117.0.0.0 Safari/537.36', 0, 3, '2023-10-21 17:00:24');
INSERT INTO `sys_log_login` VALUES (463, '_cas_stateless_', '127.0.0.1', '内网IP', 'Mozilla/5.0 (Windows NT 10.0; Win64; x64) AppleWebKit/537.36 (KHTML, like Gecko) Chrome/117.0.0.0 Safari/537.36', 0, 3, '2023-10-21 17:00:24');
INSERT INTO `sys_log_login` VALUES (464, 'casuser', '127.0.0.1', '内网IP', 'Mozilla/5.0 (Windows NT 10.0; Win64; x64) AppleWebKit/537.36 (KHTML, like Gecko) Chrome/117.0.0.0 Safari/537.36', 1, 0, '2023-10-21 17:05:56');
INSERT INTO `sys_log_login` VALUES (465, 'casuser', '127.0.0.1', '内网IP', 'Mozilla/5.0 (Windows NT 10.0; Win64; x64) AppleWebKit/537.36 (KHTML, like Gecko) Chrome/117.0.0.0 Safari/537.36', 1, 0, '2023-10-22 12:13:30');
INSERT INTO `sys_log_login` VALUES (466, 'casuser', '127.0.0.1', '内网IP', 'Mozilla/5.0 (Windows NT 10.0; Win64; x64) AppleWebKit/537.36 (KHTML, like Gecko) Chrome/117.0.0.0 Safari/537.36', 1, 0, '2023-10-22 12:20:18');
INSERT INTO `sys_log_login` VALUES (467, 'casuser', '127.0.0.1', '内网IP', 'Mozilla/5.0 (Windows NT 10.0; Win64; x64) AppleWebKit/537.36 (KHTML, like Gecko) Chrome/117.0.0.0 Safari/537.36', 1, 0, '2023-10-22 13:50:52');
INSERT INTO `sys_log_login` VALUES (468, 'casuser', '127.0.0.1', '内网IP', 'Mozilla/5.0 (Windows NT 10.0; Win64; x64) AppleWebKit/537.36 (KHTML, like Gecko) Chrome/117.0.0.0 Safari/537.36', 1, 0, '2023-10-22 14:02:23');
INSERT INTO `sys_log_login` VALUES (469, 'casuser', '127.0.0.1', '内网IP', 'Mozilla/5.0 (Windows NT 10.0; Win64; x64) AppleWebKit/537.36 (KHTML, like Gecko) Chrome/117.0.0.0 Safari/537.36', 1, 0, '2023-10-22 14:24:59');
INSERT INTO `sys_log_login` VALUES (470, 'casuser', '127.0.0.1', '内网IP', 'Mozilla/5.0 (Windows NT 10.0; Win64; x64) AppleWebKit/537.36 (KHTML, like Gecko) Chrome/117.0.0.0 Safari/537.36', 1, 0, '2023-10-22 14:49:40');
INSERT INTO `sys_log_login` VALUES (471, '_cas_stateless_', '127.0.0.1', '内网IP', 'Mozilla/5.0 (Windows NT 10.0; Win64; x64) AppleWebKit/537.36 (KHTML, like Gecko) Chrome/117.0.0.0 Safari/537.36', 0, 3, '2023-10-22 14:50:11');
INSERT INTO `sys_log_login` VALUES (472, '_cas_stateless_', '127.0.0.1', '内网IP', 'Mozilla/5.0 (Windows NT 10.0; Win64; x64) AppleWebKit/537.36 (KHTML, like Gecko) Chrome/117.0.0.0 Safari/537.36', 0, 3, '2023-10-22 14:50:12');
INSERT INTO `sys_log_login` VALUES (473, '_cas_stateless_', '127.0.0.1', '内网IP', 'Mozilla/5.0 (Windows NT 10.0; Win64; x64) AppleWebKit/537.36 (KHTML, like Gecko) Chrome/117.0.0.0 Safari/537.36', 0, 3, '2023-10-22 14:51:50');
INSERT INTO `sys_log_login` VALUES (474, '_cas_stateless_', '127.0.0.1', '内网IP', 'Mozilla/5.0 (Windows NT 10.0; Win64; x64) AppleWebKit/537.36 (KHTML, like Gecko) Chrome/117.0.0.0 Safari/537.36', 0, 3, '2023-10-22 14:52:27');
INSERT INTO `sys_log_login` VALUES (475, '_cas_stateless_', '127.0.0.1', '内网IP', 'Mozilla/5.0 (Windows NT 10.0; Win64; x64) AppleWebKit/537.36 (KHTML, like Gecko) Chrome/117.0.0.0 Safari/537.36', 0, 3, '2023-10-22 14:52:52');
INSERT INTO `sys_log_login` VALUES (476, '_cas_stateless_', '127.0.0.1', '内网IP', 'Mozilla/5.0 (Windows NT 10.0; Win64; x64) AppleWebKit/537.36 (KHTML, like Gecko) Chrome/117.0.0.0 Safari/537.36', 0, 3, '2023-10-22 14:52:53');
INSERT INTO `sys_log_login` VALUES (477, 'casuser', '127.0.0.1', '内网IP', 'Mozilla/5.0 (Windows NT 10.0; Win64; x64) AppleWebKit/537.36 (KHTML, like Gecko) Chrome/117.0.0.0 Safari/537.36', 1, 0, '2023-10-22 14:56:29');
INSERT INTO `sys_log_login` VALUES (478, 'casuser', '127.0.0.1', '内网IP', 'Mozilla/5.0 (Windows NT 10.0; Win64; x64) AppleWebKit/537.36 (KHTML, like Gecko) Chrome/117.0.0.0 Safari/537.36', 1, 0, '2023-10-22 14:59:22');
INSERT INTO `sys_log_login` VALUES (479, 'casuser', '127.0.0.1', '内网IP', 'Mozilla/5.0 (Windows NT 10.0; Win64; x64) AppleWebKit/537.36 (KHTML, like Gecko) Chrome/117.0.0.0 Safari/537.36', 1, 0, '2023-10-22 15:03:35');
INSERT INTO `sys_log_login` VALUES (480, '_cas_stateless_', '127.0.0.1', '内网IP', 'Mozilla/5.0 (Windows NT 10.0; Win64; x64) AppleWebKit/537.36 (KHTML, like Gecko) Chrome/117.0.0.0 Safari/537.36', 0, 3, '2023-10-22 16:42:08');
INSERT INTO `sys_log_login` VALUES (481, '_cas_stateless_', '127.0.0.1', '内网IP', 'Mozilla/5.0 (Windows NT 10.0; Win64; x64) AppleWebKit/537.36 (KHTML, like Gecko) Chrome/117.0.0.0 Safari/537.36', 0, 3, '2023-10-22 16:42:11');
INSERT INTO `sys_log_login` VALUES (482, 'casuser', '127.0.0.1', '内网IP', 'Mozilla/5.0 (Windows NT 10.0; Win64; x64) AppleWebKit/537.36 (KHTML, like Gecko) Chrome/117.0.0.0 Safari/537.36', 1, 0, '2023-10-22 16:42:25');
INSERT INTO `sys_log_login` VALUES (483, 'casuser', '127.0.0.1', '内网IP', 'Mozilla/5.0 (Windows NT 10.0; Win64; x64) AppleWebKit/537.36 (KHTML, like Gecko) Chrome/117.0.0.0 Safari/537.36', 1, 0, '2023-10-22 16:48:41');
INSERT INTO `sys_log_login` VALUES (484, 'casuser', '127.0.0.1', '内网IP', 'Mozilla/5.0 (Windows NT 10.0; Win64; x64) AppleWebKit/537.36 (KHTML, like Gecko) Chrome/117.0.0.0 Safari/537.36', 1, 0, '2023-10-22 16:55:28');
INSERT INTO `sys_log_login` VALUES (485, 'casuser', '127.0.0.1', '内网IP', 'Mozilla/5.0 (Windows NT 10.0; Win64; x64) AppleWebKit/537.36 (KHTML, like Gecko) Chrome/117.0.0.0 Safari/537.36', 1, 0, '2023-10-22 19:33:03');
INSERT INTO `sys_log_login` VALUES (486, 'casuser', '127.0.0.1', '内网IP', 'Mozilla/5.0 (Windows NT 10.0; Win64; x64) AppleWebKit/537.36 (KHTML, like Gecko) Chrome/117.0.0.0 Safari/537.36', 1, 0, '2023-10-22 19:37:15');
INSERT INTO `sys_log_login` VALUES (487, 'casuser', '127.0.0.1', '内网IP', 'Mozilla/5.0 (Windows NT 10.0; Win64; x64) AppleWebKit/537.36 (KHTML, like Gecko) Chrome/117.0.0.0 Safari/537.36', 1, 0, '2023-10-22 19:50:20');
INSERT INTO `sys_log_login` VALUES (488, 'casuser', '127.0.0.1', '内网IP', 'Mozilla/5.0 (Windows NT 10.0; Win64; x64) AppleWebKit/537.36 (KHTML, like Gecko) Chrome/117.0.0.0 Safari/537.36', 1, 0, '2023-10-22 19:52:36');
INSERT INTO `sys_log_login` VALUES (489, 'casuser', '127.0.0.1', '内网IP', 'Mozilla/5.0 (Windows NT 10.0; Win64; x64) AppleWebKit/537.36 (KHTML, like Gecko) Chrome/117.0.0.0 Safari/537.36', 1, 0, '2023-10-22 20:20:58');
INSERT INTO `sys_log_login` VALUES (490, '_cas_stateless_', '127.0.0.1', '内网IP', 'Mozilla/5.0 (Windows NT 10.0; Win64; x64) AppleWebKit/537.36 (KHTML, like Gecko) Chrome/117.0.0.0 Safari/537.36', 0, 3, '2023-10-22 20:21:10');
INSERT INTO `sys_log_login` VALUES (491, '_cas_stateless_', '127.0.0.1', '内网IP', 'Mozilla/5.0 (Windows NT 10.0; Win64; x64) AppleWebKit/537.36 (KHTML, like Gecko) Chrome/117.0.0.0 Safari/537.36', 0, 3, '2023-10-22 20:21:12');
INSERT INTO `sys_log_login` VALUES (492, '_cas_stateless_', '127.0.0.1', '内网IP', 'Mozilla/5.0 (Windows NT 10.0; Win64; x64) AppleWebKit/537.36 (KHTML, like Gecko) Chrome/117.0.0.0 Safari/537.36', 0, 3, '2023-10-22 20:21:22');
INSERT INTO `sys_log_login` VALUES (493, '_cas_stateless_', '127.0.0.1', '内网IP', 'Mozilla/5.0 (Windows NT 10.0; Win64; x64) AppleWebKit/537.36 (KHTML, like Gecko) Chrome/117.0.0.0 Safari/537.36', 0, 3, '2023-10-22 20:21:24');
INSERT INTO `sys_log_login` VALUES (494, '_cas_stateless_', '127.0.0.1', '内网IP', 'Mozilla/5.0 (Windows NT 10.0; Win64; x64) AppleWebKit/537.36 (KHTML, like Gecko) Chrome/117.0.0.0 Safari/537.36', 0, 3, '2023-10-22 20:21:31');
INSERT INTO `sys_log_login` VALUES (495, '_cas_stateless_', '127.0.0.1', '内网IP', 'Mozilla/5.0 (Windows NT 10.0; Win64; x64) AppleWebKit/537.36 (KHTML, like Gecko) Chrome/117.0.0.0 Safari/537.36', 0, 3, '2023-10-22 20:21:35');
INSERT INTO `sys_log_login` VALUES (496, '_cas_stateless_', '127.0.0.1', '内网IP', 'Mozilla/5.0 (Windows NT 10.0; Win64; x64) AppleWebKit/537.36 (KHTML, like Gecko) Chrome/117.0.0.0 Safari/537.36', 0, 3, '2023-10-22 20:21:53');
INSERT INTO `sys_log_login` VALUES (497, '_cas_stateless_', '127.0.0.1', '内网IP', 'Mozilla/5.0 (Windows NT 10.0; Win64; x64) AppleWebKit/537.36 (KHTML, like Gecko) Chrome/117.0.0.0 Safari/537.36', 0, 3, '2023-10-22 20:22:01');
INSERT INTO `sys_log_login` VALUES (498, 'casuser', '127.0.0.1', '内网IP', 'Mozilla/5.0 (Windows NT 10.0; Win64; x64) AppleWebKit/537.36 (KHTML, like Gecko) Chrome/117.0.0.0 Safari/537.36', 1, 0, '2023-10-22 20:38:33');
INSERT INTO `sys_log_login` VALUES (499, 'casuser', '127.0.0.1', '内网IP', 'Mozilla/5.0 (Windows NT 10.0; Win64; x64) AppleWebKit/537.36 (KHTML, like Gecko) Chrome/117.0.0.0 Safari/537.36', 1, 0, '2023-10-22 20:48:14');
INSERT INTO `sys_log_login` VALUES (500, '_cas_stateless_', '127.0.0.1', '内网IP', 'Mozilla/5.0 (Windows NT 10.0; Win64; x64) AppleWebKit/537.36 (KHTML, like Gecko) Chrome/117.0.0.0 Safari/537.36', 0, 3, '2023-10-22 20:49:09');
INSERT INTO `sys_log_login` VALUES (501, '_cas_stateless_', '127.0.0.1', '内网IP', 'Mozilla/5.0 (Windows NT 10.0; Win64; x64) AppleWebKit/537.36 (KHTML, like Gecko) Chrome/117.0.0.0 Safari/537.36', 0, 3, '2023-10-22 20:49:19');
INSERT INTO `sys_log_login` VALUES (502, 'casuser', '192.168.18.27', '内网IP', 'Mozilla/5.0 (Windows NT 10.0; Win64; x64) AppleWebKit/537.36 (KHTML, like Gecko) Chrome/117.0.0.0 Safari/537.36', 1, 0, '2023-10-22 20:52:29');
INSERT INTO `sys_log_login` VALUES (503, '_cas_stateless_', '192.168.18.27', '内网IP', 'Mozilla/5.0 (Windows NT 10.0; Win64; x64) AppleWebKit/537.36 (KHTML, like Gecko) Chrome/117.0.0.0 Safari/537.36', 0, 3, '2023-10-22 21:02:46');
INSERT INTO `sys_log_login` VALUES (504, '_cas_stateless_', '192.168.18.27', '内网IP', 'Mozilla/5.0 (Windows NT 10.0; Win64; x64) AppleWebKit/537.36 (KHTML, like Gecko) Chrome/117.0.0.0 Safari/537.36', 0, 3, '2023-10-22 21:02:51');
INSERT INTO `sys_log_login` VALUES (505, 'casuser', '192.168.18.27', '内网IP', 'Mozilla/5.0 (Windows NT 10.0; Win64; x64) AppleWebKit/537.36 (KHTML, like Gecko) Chrome/117.0.0.0 Safari/537.36', 1, 0, '2023-10-22 21:03:04');
INSERT INTO `sys_log_login` VALUES (506, 'casuser', '192.168.18.27', '内网IP', 'Mozilla/5.0 (Windows NT 10.0; Win64; x64) AppleWebKit/537.36 (KHTML, like Gecko) Chrome/117.0.0.0 Safari/537.36', 1, 0, '2023-10-22 21:04:12');
INSERT INTO `sys_log_login` VALUES (507, 'casuser', '192.168.18.27', '内网IP', 'Mozilla/5.0 (Windows NT 10.0; Win64; x64) AppleWebKit/537.36 (KHTML, like Gecko) Chrome/117.0.0.0 Safari/537.36', 1, 0, '2023-10-22 21:18:24');
INSERT INTO `sys_log_login` VALUES (508, 'casuser', '192.168.18.27', '内网IP', 'Mozilla/5.0 (Windows NT 10.0; Win64; x64) AppleWebKit/537.36 (KHTML, like Gecko) Chrome/117.0.0.0 Safari/537.36', 1, 0, '2023-10-22 21:42:14');
INSERT INTO `sys_log_login` VALUES (509, 'casuser', '192.168.18.27', '内网IP', 'Mozilla/5.0 (Windows NT 10.0; Win64; x64) AppleWebKit/537.36 (KHTML, like Gecko) Chrome/117.0.0.0 Safari/537.36', 1, 0, '2023-10-22 21:44:44');
INSERT INTO `sys_log_login` VALUES (510, 'casuser', '192.168.18.27', '内网IP', 'Mozilla/5.0 (Windows NT 10.0; Win64; x64) AppleWebKit/537.36 (KHTML, like Gecko) Chrome/117.0.0.0 Safari/537.36', 1, 0, '2023-10-22 21:48:07');
INSERT INTO `sys_log_login` VALUES (511, 'casuser', '192.168.18.27', '内网IP', 'Mozilla/5.0 (Windows NT 10.0; Win64; x64) AppleWebKit/537.36 (KHTML, like Gecko) Chrome/117.0.0.0 Safari/537.36', 1, 0, '2023-10-22 21:49:11');
INSERT INTO `sys_log_login` VALUES (512, 'casuser', '192.168.18.27', '内网IP', 'Mozilla/5.0 (Windows NT 10.0; Win64; x64) AppleWebKit/537.36 (KHTML, like Gecko) Chrome/117.0.0.0 Safari/537.36', 1, 0, '2023-10-22 21:51:14');
INSERT INTO `sys_log_login` VALUES (513, 'casuser', '192.168.18.27', '内网IP', 'Mozilla/5.0 (Windows NT 10.0; Win64; x64) AppleWebKit/537.36 (KHTML, like Gecko) Chrome/117.0.0.0 Safari/537.36', 1, 0, '2023-10-22 22:02:08');
INSERT INTO `sys_log_login` VALUES (514, 'casuser', '192.168.18.27', '内网IP', 'Mozilla/5.0 (Windows NT 10.0; Win64; x64) AppleWebKit/537.36 (KHTML, like Gecko) Chrome/117.0.0.0 Safari/537.36', 1, 0, '2023-10-22 22:08:14');
INSERT INTO `sys_log_login` VALUES (515, 'casuser', '192.168.18.27', '内网IP', 'Mozilla/5.0 (Windows NT 10.0; Win64; x64) AppleWebKit/537.36 (KHTML, like Gecko) Chrome/117.0.0.0 Safari/537.36', 1, 0, '2023-10-22 22:28:07');
INSERT INTO `sys_log_login` VALUES (516, 'casuser', '192.168.18.27', '内网IP', 'Mozilla/5.0 (Windows NT 10.0; Win64; x64) AppleWebKit/537.36 (KHTML, like Gecko) Chrome/117.0.0.0 Safari/537.36', 1, 0, '2023-10-22 22:35:52');
INSERT INTO `sys_log_login` VALUES (517, 'casuser', '192.168.18.27', '内网IP', 'Mozilla/5.0 (Windows NT 10.0; Win64; x64) AppleWebKit/537.36 (KHTML, like Gecko) Chrome/117.0.0.0 Safari/537.36', 1, 0, '2023-10-22 22:48:20');
INSERT INTO `sys_log_login` VALUES (518, 'casuser', '192.168.18.27', '内网IP', 'Mozilla/5.0 (Windows NT 10.0; Win64; x64) AppleWebKit/537.36 (KHTML, like Gecko) Chrome/117.0.0.0 Safari/537.36', 1, 0, '2023-10-22 22:52:11');
INSERT INTO `sys_log_login` VALUES (519, 'casuser', '192.168.18.27', '内网IP', 'Mozilla/5.0 (Windows NT 10.0; Win64; x64) AppleWebKit/537.36 (KHTML, like Gecko) Chrome/117.0.0.0 Safari/537.36', 1, 1, '2023-10-22 22:52:48');
INSERT INTO `sys_log_login` VALUES (520, 'casuser', '192.168.18.27', '内网IP', 'Mozilla/5.0 (Windows NT 10.0; Win64; x64) AppleWebKit/537.36 (KHTML, like Gecko) Chrome/117.0.0.0 Safari/537.36', 1, 0, '2023-10-22 23:04:05');
INSERT INTO `sys_log_login` VALUES (521, 'casuser', '192.168.18.27', '内网IP', 'Mozilla/5.0 (Windows NT 10.0; Win64; x64) AppleWebKit/537.36 (KHTML, like Gecko) Chrome/117.0.0.0 Safari/537.36', 1, 0, '2023-10-22 23:19:30');
INSERT INTO `sys_log_login` VALUES (522, 'casuser', '192.168.18.76', '内网IP', 'Mozilla/5.0 (Windows NT 10.0; Win64; x64) AppleWebKit/537.36 (KHTML, like Gecko) Chrome/117.0.0.0 Safari/537.36', 1, 0, '2023-10-23 11:27:38');
INSERT INTO `sys_log_login` VALUES (523, 'casuser', '192.168.18.76', '内网IP', 'Mozilla/5.0 (Windows NT 10.0; Win64; x64) AppleWebKit/537.36 (KHTML, like Gecko) Chrome/117.0.0.0 Safari/537.36', 1, 1, '2023-10-23 12:51:38');
INSERT INTO `sys_log_login` VALUES (524, 'casuser', '192.168.18.76', '内网IP', 'Mozilla/5.0 (Windows NT 10.0; Win64; x64) AppleWebKit/537.36 (KHTML, like Gecko) Chrome/117.0.0.0 Safari/537.36', 1, 0, '2023-10-23 13:14:04');
INSERT INTO `sys_log_login` VALUES (525, 'casuser', '192.168.18.76', '内网IP', 'Mozilla/5.0 (Windows NT 10.0; Win64; x64) AppleWebKit/537.36 (KHTML, like Gecko) Chrome/117.0.0.0 Safari/537.36', 1, 0, '2023-10-23 13:58:46');
INSERT INTO `sys_log_login` VALUES (526, 'casuser', '192.168.18.76', '内网IP', 'Mozilla/5.0 (Windows NT 10.0; Win64; x64) AppleWebKit/537.36 (KHTML, like Gecko) Chrome/117.0.0.0 Safari/537.36', 1, 0, '2023-10-23 14:43:07');
INSERT INTO `sys_log_login` VALUES (527, 'casuser', '192.168.18.76', '内网IP', 'Mozilla/5.0 (Windows NT 10.0; Win64; x64) AppleWebKit/537.36 (KHTML, like Gecko) Chrome/117.0.0.0 Safari/537.36', 1, 0, '2023-10-23 14:46:16');
INSERT INTO `sys_log_login` VALUES (528, 'casuser', '192.168.18.76', '内网IP', 'Mozilla/5.0 (Windows NT 10.0; Win64; x64) AppleWebKit/537.36 (KHTML, like Gecko) Chrome/117.0.0.0 Safari/537.36', 1, 0, '2023-10-23 14:59:11');
INSERT INTO `sys_log_login` VALUES (529, 'casuser', '192.168.18.76', '内网IP', 'Mozilla/5.0 (Windows NT 10.0; Win64; x64) AppleWebKit/537.36 (KHTML, like Gecko) Chrome/117.0.0.0 Safari/537.36', 1, 0, '2023-10-23 15:01:46');
INSERT INTO `sys_log_login` VALUES (530, 'casuser', '192.168.18.76', '内网IP', 'Mozilla/5.0 (Windows NT 10.0; Win64; x64) AppleWebKit/537.36 (KHTML, like Gecko) Chrome/117.0.0.0 Safari/537.36', 1, 0, '2023-10-23 15:27:12');
INSERT INTO `sys_log_login` VALUES (531, 'casuser', '192.168.18.76', '内网IP', 'Mozilla/5.0 (Windows NT 10.0; Win64; x64) AppleWebKit/537.36 (KHTML, like Gecko) Chrome/117.0.0.0 Safari/537.36', 1, 0, '2023-10-23 16:01:07');
INSERT INTO `sys_log_login` VALUES (532, 'casuser', '192.168.18.76', '内网IP', 'Mozilla/5.0 (Windows NT 10.0; Win64; x64) AppleWebKit/537.36 (KHTML, like Gecko) Chrome/117.0.0.0 Safari/537.36', 1, 0, '2023-10-23 16:47:33');
INSERT INTO `sys_log_login` VALUES (533, 'casuser', '192.168.18.76', '内网IP', 'Mozilla/5.0 (Windows NT 10.0; Win64; x64) AppleWebKit/537.36 (KHTML, like Gecko) Chrome/117.0.0.0 Safari/537.36', 1, 1, '2023-10-23 16:47:45');
INSERT INTO `sys_log_login` VALUES (534, 'casuser', '192.168.18.76', '内网IP', 'Mozilla/5.0 (Windows NT 10.0; Win64; x64) AppleWebKit/537.36 (KHTML, like Gecko) Chrome/117.0.0.0 Safari/537.36', 1, 1, '2023-10-23 16:48:07');
INSERT INTO `sys_log_login` VALUES (535, 'casuser', '192.168.18.76', '内网IP', 'Mozilla/5.0 (Windows NT 10.0; Win64; x64) AppleWebKit/537.36 (KHTML, like Gecko) Chrome/117.0.0.0 Safari/537.36', 1, 1, '2023-10-23 16:50:03');
INSERT INTO `sys_log_login` VALUES (536, 'casuser', '192.168.18.76', '内网IP', 'Mozilla/5.0 (Windows NT 10.0; Win64; x64) AppleWebKit/537.36 (KHTML, like Gecko) Chrome/117.0.0.0 Safari/537.36', 1, 1, '2023-10-23 16:53:06');
INSERT INTO `sys_log_login` VALUES (537, 'casuser', '192.168.18.76', '内网IP', 'Mozilla/5.0 (Windows NT 10.0; Win64; x64) AppleWebKit/537.36 (KHTML, like Gecko) Chrome/117.0.0.0 Safari/537.36', 1, 0, '2023-10-23 17:16:55');
INSERT INTO `sys_log_login` VALUES (538, 'casuser', '192.168.18.76', '内网IP', 'Mozilla/5.0 (Windows NT 10.0; Win64; x64) AppleWebKit/537.36 (KHTML, like Gecko) Chrome/117.0.0.0 Safari/537.36', 1, 1, '2023-10-23 17:17:20');
INSERT INTO `sys_log_login` VALUES (539, 'casuser', '192.168.18.76', '内网IP', 'Mozilla/5.0 (Windows NT 10.0; Win64; x64) AppleWebKit/537.36 (KHTML, like Gecko) Chrome/117.0.0.0 Safari/537.36', 1, 0, '2023-10-23 17:18:22');
INSERT INTO `sys_log_login` VALUES (540, 'casuser', '192.168.18.76', '内网IP', 'Mozilla/5.0 (Windows NT 10.0; Win64; x64) AppleWebKit/537.36 (KHTML, like Gecko) Chrome/117.0.0.0 Safari/537.36', 1, 0, '2023-10-23 17:33:14');
INSERT INTO `sys_log_login` VALUES (541, 'casuser', '192.168.18.76', '内网IP', 'Mozilla/5.0 (Windows NT 10.0; Win64; x64) AppleWebKit/537.36 (KHTML, like Gecko) Chrome/117.0.0.0 Safari/537.36', 1, 0, '2023-10-23 17:37:29');
INSERT INTO `sys_log_login` VALUES (542, 'casuser', '192.168.18.76', '内网IP', 'Mozilla/5.0 (Windows NT 10.0; Win64; x64) AppleWebKit/537.36 (KHTML, like Gecko) Chrome/117.0.0.0 Safari/537.36', 1, 0, '2023-10-23 17:37:31');
INSERT INTO `sys_log_login` VALUES (543, 'casuser', '192.168.18.76', '内网IP', 'Mozilla/5.0 (Windows NT 10.0; Win64; x64) AppleWebKit/537.36 (KHTML, like Gecko) Chrome/117.0.0.0 Safari/537.36', 1, 1, '2023-10-23 17:41:01');
INSERT INTO `sys_log_login` VALUES (544, 'casuser', '192.168.18.76', '内网IP', 'Mozilla/5.0 (Windows NT 10.0; Win64; x64) AppleWebKit/537.36 (KHTML, like Gecko) Chrome/117.0.0.0 Safari/537.36', 1, 0, '2023-10-24 09:14:49');
INSERT INTO `sys_log_login` VALUES (545, 'casuser', '192.168.18.76', '内网IP', 'Mozilla/5.0 (Windows NT 10.0; Win64; x64) AppleWebKit/537.36 (KHTML, like Gecko) Chrome/117.0.0.0 Safari/537.36', 1, 0, '2023-10-24 09:19:11');
INSERT INTO `sys_log_login` VALUES (546, 'casuser', '192.168.18.76', '内网IP', 'Mozilla/5.0 (Windows NT 10.0; Win64; x64) AppleWebKit/537.36 (KHTML, like Gecko) Chrome/117.0.0.0 Safari/537.36', 1, 1, '2023-10-24 09:23:42');
INSERT INTO `sys_log_login` VALUES (547, 'casuser', '192.168.18.76', '内网IP', 'Mozilla/5.0 (Windows NT 10.0; Win64; x64) AppleWebKit/537.36 (KHTML, like Gecko) Chrome/117.0.0.0 Safari/537.36', 1, 0, '2023-10-24 09:27:16');
INSERT INTO `sys_log_login` VALUES (548, 'casuser', '192.168.18.76', '内网IP', 'Mozilla/5.0 (Windows NT 10.0; Win64; x64) AppleWebKit/537.36 (KHTML, like Gecko) Chrome/117.0.0.0 Safari/537.36', 1, 1, '2023-10-24 09:27:29');
INSERT INTO `sys_log_login` VALUES (549, 'casuser', '192.168.18.76', '内网IP', 'Mozilla/5.0 (Windows NT 10.0; Win64; x64) AppleWebKit/537.36 (KHTML, like Gecko) Chrome/117.0.0.0 Safari/537.36', 1, 0, '2023-10-24 09:27:42');
INSERT INTO `sys_log_login` VALUES (550, 'casuser', '192.168.18.76', '内网IP', 'Mozilla/5.0 (Windows NT 10.0; Win64; x64) AppleWebKit/537.36 (KHTML, like Gecko) Chrome/117.0.0.0 Safari/537.36', 1, 0, '2023-10-24 12:00:50');
INSERT INTO `sys_log_login` VALUES (551, 'casuser', '192.168.18.76', '内网IP', 'Mozilla/5.0 (Windows NT 10.0; Win64; x64) AppleWebKit/537.36 (KHTML, like Gecko) Chrome/117.0.0.0 Safari/537.36', 1, 1, '2023-10-24 12:01:04');
INSERT INTO `sys_log_login` VALUES (552, 'casuser', '192.168.18.76', '内网IP', 'Mozilla/5.0 (Windows NT 10.0; Win64; x64) AppleWebKit/537.36 (KHTML, like Gecko) Chrome/117.0.0.0 Safari/537.36', 1, 1, '2023-10-24 12:01:37');
INSERT INTO `sys_log_login` VALUES (553, 'casuser', '192.168.18.76', '内网IP', 'Mozilla/5.0 (Windows NT 10.0; Win64; x64) AppleWebKit/537.36 (KHTML, like Gecko) Chrome/117.0.0.0 Safari/537.36', 1, 0, '2023-10-24 13:01:21');
INSERT INTO `sys_log_login` VALUES (554, 'casuser', '192.168.18.76', '内网IP', 'Mozilla/5.0 (Windows NT 10.0; Win64; x64) AppleWebKit/537.36 (KHTML, like Gecko) Chrome/117.0.0.0 Safari/537.36', 1, 1, '2023-10-24 13:01:53');
INSERT INTO `sys_log_login` VALUES (555, 'casuser', '192.168.18.76', '内网IP', 'Mozilla/5.0 (Windows NT 10.0; Win64; x64) AppleWebKit/537.36 (KHTML, like Gecko) Chrome/117.0.0.0 Safari/537.36', 1, 1, '2023-10-24 16:27:48');
INSERT INTO `sys_log_login` VALUES (556, 'casuser', '192.168.18.76', '内网IP', 'Mozilla/5.0 (Windows NT 10.0; Win64; x64) AppleWebKit/537.36 (KHTML, like Gecko) Chrome/117.0.0.0 Safari/537.36', 1, 0, '2023-10-24 16:27:57');
INSERT INTO `sys_log_login` VALUES (557, 'casuser', '192.168.18.76', '内网IP', 'Mozilla/5.0 (Windows NT 10.0; Win64; x64) AppleWebKit/537.36 (KHTML, like Gecko) Chrome/117.0.0.0 Safari/537.36', 1, 1, '2023-10-24 16:32:05');
INSERT INTO `sys_log_login` VALUES (558, 'admin', '127.0.0.1', '内网IP', 'Mozilla/5.0 (Windows NT 10.0; Win64; x64) AppleWebKit/537.36 (KHTML, like Gecko) Chrome/117.0.0.0 Safari/537.36', 1, 0, '2023-10-24 20:00:58');
INSERT INTO `sys_log_login` VALUES (559, 'casuser', '192.168.18.76', '内网IP', 'Mozilla/5.0 (Windows NT 10.0; Win64; x64) AppleWebKit/537.36 (KHTML, like Gecko) Chrome/117.0.0.0 Safari/537.36', 1, 0, '2023-10-30 10:39:06');
INSERT INTO `sys_log_login` VALUES (560, 'admin', '127.0.0.1', '内网IP', 'Mozilla/5.0 (Windows NT 10.0; Win64; x64) AppleWebKit/537.36 (KHTML, like Gecko) Chrome/117.0.0.0 Safari/537.36', 1, 0, '2023-10-30 10:46:54');
INSERT INTO `sys_log_login` VALUES (561, 'admin', '127.0.0.1', '内网IP', 'Mozilla/5.0 (Windows NT 10.0; Win64; x64) AppleWebKit/537.36 (KHTML, like Gecko) Chrome/117.0.0.0 Safari/537.36', 1, 1, '2023-10-30 16:00:17');
INSERT INTO `sys_log_login` VALUES (562, '测试用户', '127.0.0.1', '内网IP', 'Mozilla/5.0 (Windows NT 10.0; Win64; x64) AppleWebKit/537.36 (KHTML, like Gecko) Chrome/117.0.0.0 Safari/537.36', 1, 0, '2023-10-30 16:00:25');
INSERT INTO `sys_log_login` VALUES (563, '测试用户', '127.0.0.1', '内网IP', 'Mozilla/5.0 (Windows NT 10.0; Win64; x64) AppleWebKit/537.36 (KHTML, like Gecko) Chrome/117.0.0.0 Safari/537.36', 1, 1, '2023-10-30 16:00:46');
INSERT INTO `sys_log_login` VALUES (564, 'admin', '127.0.0.1', '内网IP', 'Mozilla/5.0 (Windows NT 10.0; Win64; x64) AppleWebKit/537.36 (KHTML, like Gecko) Chrome/117.0.0.0 Safari/537.36', 1, 0, '2023-10-30 16:00:50');
INSERT INTO `sys_log_login` VALUES (565, 'admin', '127.0.0.1', '内网IP', 'Mozilla/5.0 (Windows NT 10.0; Win64; x64) AppleWebKit/537.36 (KHTML, like Gecko) Chrome/117.0.0.0 Safari/537.36', 1, 0, '2023-11-01 14:23:19');
INSERT INTO `sys_log_login` VALUES (566, 'admin', '127.0.0.1', '内网IP', 'Mozilla/5.0 (Windows NT 10.0; Win64; x64) AppleWebKit/537.36 (KHTML, like Gecko) Chrome/117.0.0.0 Safari/537.36', 1, 1, '2023-11-01 16:25:34');
INSERT INTO `sys_log_login` VALUES (567, '测试用户', '127.0.0.1', '内网IP', 'Mozilla/5.0 (Windows NT 10.0; Win64; x64) AppleWebKit/537.36 (KHTML, like Gecko) Chrome/117.0.0.0 Safari/537.36', 0, 2, '2023-11-01 16:25:44');
INSERT INTO `sys_log_login` VALUES (568, '测试用户', '127.0.0.1', '内网IP', 'Mozilla/5.0 (Windows NT 10.0; Win64; x64) AppleWebKit/537.36 (KHTML, like Gecko) Chrome/117.0.0.0 Safari/537.36', 1, 0, '2023-11-01 16:25:49');
INSERT INTO `sys_log_login` VALUES (569, '测试用户', '127.0.0.1', '内网IP', 'Mozilla/5.0 (Windows NT 10.0; Win64; x64) AppleWebKit/537.36 (KHTML, like Gecko) Chrome/117.0.0.0 Safari/537.36', 1, 1, '2023-11-01 16:25:55');
INSERT INTO `sys_log_login` VALUES (570, '测试用户2', '127.0.0.1', '内网IP', 'Mozilla/5.0 (Windows NT 10.0; Win64; x64) AppleWebKit/537.36 (KHTML, like Gecko) Chrome/117.0.0.0 Safari/537.36', 1, 0, '2023-11-01 16:26:04');
INSERT INTO `sys_log_login` VALUES (571, '测试用户2', '127.0.0.1', '内网IP', 'Mozilla/5.0 (Windows NT 10.0; Win64; x64) AppleWebKit/537.36 (KHTML, like Gecko) Chrome/117.0.0.0 Safari/537.36', 1, 1, '2023-11-01 16:35:03');
INSERT INTO `sys_log_login` VALUES (572, 'admin', '127.0.0.1', '内网IP', 'Mozilla/5.0 (Windows NT 10.0; Win64; x64) AppleWebKit/537.36 (KHTML, like Gecko) Chrome/117.0.0.0 Safari/537.36', 1, 0, '2023-11-01 16:35:09');
INSERT INTO `sys_log_login` VALUES (573, 'admin', '127.0.0.1', '内网IP', 'Mozilla/5.0 (Windows NT 10.0; Win64; x64) AppleWebKit/537.36 (KHTML, like Gecko) Chrome/117.0.0.0 Safari/537.36', 1, 1, '2023-11-01 16:35:36');
INSERT INTO `sys_log_login` VALUES (574, '测试用户', '127.0.0.1', '内网IP', 'Mozilla/5.0 (Windows NT 10.0; Win64; x64) AppleWebKit/537.36 (KHTML, like Gecko) Chrome/117.0.0.0 Safari/537.36', 1, 0, '2023-11-01 16:35:45');
INSERT INTO `sys_log_login` VALUES (575, '测试用户', '127.0.0.1', '内网IP', 'Mozilla/5.0 (Windows NT 10.0; Win64; x64) AppleWebKit/537.36 (KHTML, like Gecko) Chrome/117.0.0.0 Safari/537.36', 1, 1, '2023-11-01 16:36:08');
INSERT INTO `sys_log_login` VALUES (576, 'admin', '127.0.0.1', '内网IP', 'Mozilla/5.0 (Windows NT 10.0; Win64; x64) AppleWebKit/537.36 (KHTML, like Gecko) Chrome/117.0.0.0 Safari/537.36', 1, 0, '2023-11-01 16:36:15');
INSERT INTO `sys_log_login` VALUES (577, 'admin', '127.0.0.1', '内网IP', 'Mozilla/5.0 (Windows NT 10.0; Win64; x64) AppleWebKit/537.36 (KHTML, like Gecko) Chrome/117.0.0.0 Safari/537.36', 1, 1, '2023-11-01 16:36:43');
INSERT INTO `sys_log_login` VALUES (578, '测试用户2', '127.0.0.1', '内网IP', 'Mozilla/5.0 (Windows NT 10.0; Win64; x64) AppleWebKit/537.36 (KHTML, like Gecko) Chrome/117.0.0.0 Safari/537.36', 1, 0, '2023-11-01 16:37:02');
INSERT INTO `sys_log_login` VALUES (579, 'admin', '127.0.0.1', '内网IP', 'Mozilla/5.0 (Windows NT 10.0; Win64; x64) AppleWebKit/537.36 (KHTML, like Gecko) Chrome/117.0.0.0 Safari/537.36', 0, 2, '2023-11-05 13:41:55');
INSERT INTO `sys_log_login` VALUES (580, 'admin', '127.0.0.1', '内网IP', 'Mozilla/5.0 (Windows NT 10.0; Win64; x64) AppleWebKit/537.36 (KHTML, like Gecko) Chrome/117.0.0.0 Safari/537.36', 1, 0, '2023-11-05 13:42:00');
INSERT INTO `sys_log_login` VALUES (581, 'admin', '127.0.0.1', '内网IP', 'Mozilla/5.0 (Windows NT 10.0; Win64; x64) AppleWebKit/537.36 (KHTML, like Gecko) Chrome/117.0.0.0 Safari/537.36', 1, 1, '2023-11-05 13:42:23');
INSERT INTO `sys_log_login` VALUES (582, '测试用户', '127.0.0.1', '内网IP', 'Mozilla/5.0 (Windows NT 10.0; Win64; x64) AppleWebKit/537.36 (KHTML, like Gecko) Chrome/117.0.0.0 Safari/537.36', 1, 0, '2023-11-05 13:42:30');
INSERT INTO `sys_log_login` VALUES (583, '测试用户', '127.0.0.1', '内网IP', 'Mozilla/5.0 (Windows NT 10.0; Win64; x64) AppleWebKit/537.36 (KHTML, like Gecko) Chrome/117.0.0.0 Safari/537.36', 1, 1, '2023-11-05 13:43:45');
INSERT INTO `sys_log_login` VALUES (584, 'admin', '127.0.0.1', '内网IP', 'Mozilla/5.0 (Windows NT 10.0; Win64; x64) AppleWebKit/537.36 (KHTML, like Gecko) Chrome/117.0.0.0 Safari/537.36', 1, 0, '2023-11-05 13:43:52');
INSERT INTO `sys_log_login` VALUES (585, 'admin', '127.0.0.1', '内网IP', 'Mozilla/5.0 (Windows NT 10.0; Win64; x64) AppleWebKit/537.36 (KHTML, like Gecko) Chrome/117.0.0.0 Safari/537.36', 1, 0, '2023-11-06 13:46:23');
INSERT INTO `sys_log_login` VALUES (586, 'admin', '127.0.0.1', '内网IP', 'Mozilla/5.0 (Windows NT 10.0; Win64; x64) AppleWebKit/537.36 (KHTML, like Gecko) Chrome/117.0.0.0 Safari/537.36', 1, 1, '2023-11-06 16:56:17');
INSERT INTO `sys_log_login` VALUES (587, '测试用户', '127.0.0.1', '内网IP', 'Mozilla/5.0 (Windows NT 10.0; Win64; x64) AppleWebKit/537.36 (KHTML, like Gecko) Chrome/117.0.0.0 Safari/537.36', 1, 0, '2023-11-06 16:56:24');
INSERT INTO `sys_log_login` VALUES (588, '测试用户', '127.0.0.1', '内网IP', 'Mozilla/5.0 (Windows NT 10.0; Win64; x64) AppleWebKit/537.36 (KHTML, like Gecko) Chrome/117.0.0.0 Safari/537.36', 1, 1, '2023-11-06 16:56:56');
INSERT INTO `sys_log_login` VALUES (589, '测试用户2', '127.0.0.1', '内网IP', 'Mozilla/5.0 (Windows NT 10.0; Win64; x64) AppleWebKit/537.36 (KHTML, like Gecko) Chrome/117.0.0.0 Safari/537.36', 1, 0, '2023-11-06 16:57:04');
INSERT INTO `sys_log_login` VALUES (590, '测试用户2', '127.0.0.1', '内网IP', 'Mozilla/5.0 (Windows NT 10.0; Win64; x64) AppleWebKit/537.36 (KHTML, like Gecko) Chrome/117.0.0.0 Safari/537.36', 1, 1, '2023-11-06 16:57:09');
INSERT INTO `sys_log_login` VALUES (591, 'admin', '127.0.0.1', '内网IP', 'Mozilla/5.0 (Windows NT 10.0; Win64; x64) AppleWebKit/537.36 (KHTML, like Gecko) Chrome/117.0.0.0 Safari/537.36', 1, 0, '2023-11-06 16:57:14');
INSERT INTO `sys_log_login` VALUES (592, 'admin', '127.0.0.1', '内网IP', 'Mozilla/5.0 (Windows NT 10.0; Win64; x64) AppleWebKit/537.36 (KHTML, like Gecko) Chrome/117.0.0.0 Safari/537.36', 1, 0, '2023-11-07 16:57:24');
INSERT INTO `sys_log_login` VALUES (593, 'admin', '127.0.0.1', '内网IP', 'Mozilla/5.0 (Windows NT 10.0; Win64; x64) AppleWebKit/537.36 (KHTML, like Gecko) Chrome/117.0.0.0 Safari/537.36', 1, 1, '2023-11-07 17:20:57');
INSERT INTO `sys_log_login` VALUES (594, '测试用户', '127.0.0.1', '内网IP', 'Mozilla/5.0 (Windows NT 10.0; Win64; x64) AppleWebKit/537.36 (KHTML, like Gecko) Chrome/117.0.0.0 Safari/537.36', 1, 0, '2023-11-07 17:21:13');
INSERT INTO `sys_log_login` VALUES (595, '测试用户', '127.0.0.1', '内网IP', 'Mozilla/5.0 (Windows NT 10.0; Win64; x64) AppleWebKit/537.36 (KHTML, like Gecko) Chrome/117.0.0.0 Safari/537.36', 1, 1, '2023-11-07 17:37:13');
INSERT INTO `sys_log_login` VALUES (596, 'admin', '127.0.0.1', '内网IP', 'Mozilla/5.0 (Windows NT 10.0; Win64; x64) AppleWebKit/537.36 (KHTML, like Gecko) Chrome/117.0.0.0 Safari/537.36', 0, 2, '2023-11-07 17:37:20');
INSERT INTO `sys_log_login` VALUES (597, 'admin', '127.0.0.1', '内网IP', 'Mozilla/5.0 (Windows NT 10.0; Win64; x64) AppleWebKit/537.36 (KHTML, like Gecko) Chrome/117.0.0.0 Safari/537.36', 1, 0, '2023-11-07 17:37:26');
INSERT INTO `sys_log_login` VALUES (598, 'admin', '127.0.0.1', '内网IP', 'Mozilla/5.0 (Windows NT 10.0; Win64; x64) AppleWebKit/537.36 (KHTML, like Gecko) Chrome/117.0.0.0 Safari/537.36', 1, 0, '2023-11-08 17:38:34');
INSERT INTO `sys_log_login` VALUES (599, 'admin', '192.168.18.76', '内网IP', 'Mozilla/5.0 (Windows NT 10.0; Win64; x64) AppleWebKit/537.36 (KHTML, like Gecko) Chrome/117.0.0.0 Safari/537.36', 1, 1, '2023-11-09 14:27:38');
INSERT INTO `sys_log_login` VALUES (600, 'casuser', '192.168.18.76', '内网IP', 'Mozilla/5.0 (Windows NT 10.0; Win64; x64) AppleWebKit/537.36 (KHTML, like Gecko) Chrome/117.0.0.0 Safari/537.36', 1, 0, '2023-11-09 14:27:58');
INSERT INTO `sys_log_login` VALUES (601, 'casuser', '192.168.18.76', '内网IP', 'Mozilla/5.0 (Windows NT 10.0; Win64; x64) AppleWebKit/537.36 (KHTML, like Gecko) Chrome/117.0.0.0 Safari/537.36', 1, 1, '2023-11-09 15:01:35');
INSERT INTO `sys_log_login` VALUES (602, 'casuser', '192.168.18.76', '内网IP', 'Mozilla/5.0 (Windows NT 10.0; Win64; x64) AppleWebKit/537.36 (KHTML, like Gecko) Chrome/117.0.0.0 Safari/537.36', 1, 0, '2023-11-09 15:01:57');
INSERT INTO `sys_log_login` VALUES (603, 'casuser', '192.168.18.76', '内网IP', 'Mozilla/5.0 (Windows NT 10.0; Win64; x64) AppleWebKit/537.36 (KHTML, like Gecko) Chrome/117.0.0.0 Safari/537.36', 1, 1, '2023-11-09 15:03:18');
INSERT INTO `sys_log_login` VALUES (604, 'casuser', '192.168.18.76', '内网IP', 'Mozilla/5.0 (Windows NT 10.0; Win64; x64) AppleWebKit/537.36 (KHTML, like Gecko) Chrome/117.0.0.0 Safari/537.36', 1, 0, '2023-11-09 15:16:05');
INSERT INTO `sys_log_login` VALUES (605, 'casuser', '192.168.18.76', '内网IP', 'Mozilla/5.0 (Windows NT 10.0; Win64; x64) AppleWebKit/537.36 (KHTML, like Gecko) Chrome/117.0.0.0 Safari/537.36', 1, 0, '2023-11-10 15:32:35');
INSERT INTO `sys_log_login` VALUES (606, 'casuser', '192.168.18.76', '内网IP', 'Mozilla/5.0 (Windows NT 10.0; Win64; x64) AppleWebKit/537.36 (KHTML, like Gecko) Chrome/117.0.0.0 Safari/537.36', 1, 1, '2023-11-10 15:35:12');
INSERT INTO `sys_log_login` VALUES (607, 'casuser2', '192.168.18.76', '内网IP', 'Mozilla/5.0 (Windows NT 10.0; Win64; x64) AppleWebKit/537.36 (KHTML, like Gecko) Chrome/117.0.0.0 Safari/537.36', 1, 0, '2023-11-10 15:45:19');
INSERT INTO `sys_log_login` VALUES (608, 'casuser2', '192.168.18.76', '内网IP', 'Mozilla/5.0 (Windows NT 10.0; Win64; x64) AppleWebKit/537.36 (KHTML, like Gecko) Chrome/117.0.0.0 Safari/537.36', 1, 1, '2023-11-10 15:45:59');
INSERT INTO `sys_log_login` VALUES (609, 'casuser2', '192.168.18.76', '内网IP', 'Mozilla/5.0 (Windows NT 10.0; Win64; x64) AppleWebKit/537.36 (KHTML, like Gecko) Chrome/117.0.0.0 Safari/537.36', 1, 0, '2023-11-10 15:46:14');
INSERT INTO `sys_log_login` VALUES (610, 'casuser2', '192.168.18.76', '内网IP', 'Mozilla/5.0 (Windows NT 10.0; Win64; x64) AppleWebKit/537.36 (KHTML, like Gecko) Chrome/117.0.0.0 Safari/537.36', 1, 1, '2023-11-10 15:47:11');
INSERT INTO `sys_log_login` VALUES (611, 'casuser2', '192.168.18.76', '内网IP', 'Mozilla/5.0 (Windows NT 10.0; Win64; x64) AppleWebKit/537.36 (KHTML, like Gecko) Chrome/117.0.0.0 Safari/537.36', 1, 0, '2023-11-10 16:19:59');
INSERT INTO `sys_log_login` VALUES (612, 'casuser2', '192.168.18.76', '内网IP', 'Mozilla/5.0 (Windows NT 10.0; Win64; x64) AppleWebKit/537.36 (KHTML, like Gecko) Chrome/117.0.0.0 Safari/537.36', 1, 1, '2023-11-10 16:20:09');
INSERT INTO `sys_log_login` VALUES (613, 'casuser2', '192.168.18.76', '内网IP', 'Mozilla/5.0 (Windows NT 10.0; Win64; x64) AppleWebKit/537.36 (KHTML, like Gecko) Chrome/117.0.0.0 Safari/537.36', 1, 0, '2023-11-10 16:21:53');
INSERT INTO `sys_log_login` VALUES (614, 'casuser2', '192.168.18.76', '内网IP', 'Mozilla/5.0 (Windows NT 10.0; Win64; x64) AppleWebKit/537.36 (KHTML, like Gecko) Chrome/117.0.0.0 Safari/537.36', 1, 1, '2023-11-10 16:22:02');
INSERT INTO `sys_log_login` VALUES (615, 'casuser2', '192.168.18.76', '内网IP', 'Mozilla/5.0 (Windows NT 10.0; Win64; x64) AppleWebKit/537.36 (KHTML, like Gecko) Chrome/117.0.0.0 Safari/537.36', 1, 1, '2023-11-10 16:23:53');
INSERT INTO `sys_log_login` VALUES (616, 'casuser2', '192.168.18.76', '内网IP', 'Mozilla/5.0 (Windows NT 10.0; Win64; x64) AppleWebKit/537.36 (KHTML, like Gecko) Chrome/117.0.0.0 Safari/537.36', 1, 1, '2023-11-10 16:24:20');
INSERT INTO `sys_log_login` VALUES (617, 'casuser2', '192.168.18.76', '内网IP', 'Mozilla/5.0 (Windows NT 10.0; Win64; x64) AppleWebKit/537.36 (KHTML, like Gecko) Chrome/117.0.0.0 Safari/537.36', 1, 0, '2023-11-10 16:31:42');
INSERT INTO `sys_log_login` VALUES (618, 'casuser2', '192.168.18.76', '内网IP', 'Mozilla/5.0 (Windows NT 10.0; Win64; x64) AppleWebKit/537.36 (KHTML, like Gecko) Chrome/117.0.0.0 Safari/537.36', 1, 1, '2023-11-10 16:31:45');
INSERT INTO `sys_log_login` VALUES (619, 'casuser2', '192.168.18.76', '内网IP', 'Mozilla/5.0 (Windows NT 10.0; Win64; x64) AppleWebKit/537.36 (KHTML, like Gecko) Chrome/117.0.0.0 Safari/537.36', 1, 0, '2023-11-10 16:32:05');
INSERT INTO `sys_log_login` VALUES (620, 'casuser2', '192.168.18.76', '内网IP', 'Mozilla/5.0 (Windows NT 10.0; Win64; x64) AppleWebKit/537.36 (KHTML, like Gecko) Chrome/117.0.0.0 Safari/537.36', 1, 1, '2023-11-10 16:32:09');
INSERT INTO `sys_log_login` VALUES (621, 'casuser2', '192.168.18.76', '内网IP', 'Mozilla/5.0 (Windows NT 10.0; Win64; x64) AppleWebKit/537.36 (KHTML, like Gecko) Chrome/117.0.0.0 Safari/537.36', 1, 0, '2023-11-10 16:32:24');
INSERT INTO `sys_log_login` VALUES (622, 'casuser2', '192.168.18.76', '内网IP', 'Mozilla/5.0 (Windows NT 10.0; Win64; x64) AppleWebKit/537.36 (KHTML, like Gecko) Chrome/117.0.0.0 Safari/537.36', 1, 1, '2023-11-10 16:32:32');
INSERT INTO `sys_log_login` VALUES (623, 'casuser2', '192.168.18.76', '内网IP', 'Mozilla/5.0 (Windows NT 10.0; Win64; x64) AppleWebKit/537.36 (KHTML, like Gecko) Chrome/117.0.0.0 Safari/537.36', 1, 0, '2023-11-10 16:32:52');
INSERT INTO `sys_log_login` VALUES (624, 'casuser2', '192.168.18.76', '内网IP', 'Mozilla/5.0 (Windows NT 10.0; Win64; x64) AppleWebKit/537.36 (KHTML, like Gecko) Chrome/117.0.0.0 Safari/537.36', 1, 1, '2023-11-10 16:32:57');
INSERT INTO `sys_log_login` VALUES (625, 'casuser2', '192.168.18.76', '内网IP', 'Mozilla/5.0 (Windows NT 10.0; Win64; x64) AppleWebKit/537.36 (KHTML, like Gecko) Chrome/117.0.0.0 Safari/537.36', 1, 0, '2023-11-10 16:33:28');
INSERT INTO `sys_log_login` VALUES (626, 'casuser2', '192.168.18.76', '内网IP', 'Mozilla/5.0 (Windows NT 10.0; Win64; x64) AppleWebKit/537.36 (KHTML, like Gecko) Chrome/117.0.0.0 Safari/537.36', 1, 1, '2023-11-10 16:33:37');
INSERT INTO `sys_log_login` VALUES (627, 'casuser2', '192.168.18.76', '内网IP', 'Mozilla/5.0 (Windows NT 10.0; Win64; x64) AppleWebKit/537.36 (KHTML, like Gecko) Chrome/117.0.0.0 Safari/537.36', 1, 0, '2023-11-10 16:41:34');
INSERT INTO `sys_log_login` VALUES (628, 'casuser2', '192.168.18.76', '内网IP', 'Mozilla/5.0 (Windows NT 10.0; Win64; x64) AppleWebKit/537.36 (KHTML, like Gecko) Chrome/117.0.0.0 Safari/537.36', 1, 1, '2023-11-10 16:41:39');
INSERT INTO `sys_log_login` VALUES (629, 'admin', '127.0.0.1', '内网IP', 'Mozilla/5.0 (Windows NT 10.0; Win64; x64) AppleWebKit/537.36 (KHTML, like Gecko) Chrome/117.0.0.0 Safari/537.36', 1, 0, '2023-11-13 10:38:29');
INSERT INTO `sys_log_login` VALUES (630, 'admin', '127.0.0.1', '内网IP', 'Mozilla/5.0 (Windows NT 10.0; Win64; x64) AppleWebKit/537.36 (KHTML, like Gecko) Chrome/117.0.0.0 Safari/537.36', 1, 1, '2023-11-13 10:46:53');
INSERT INTO `sys_log_login` VALUES (631, 'admin', '127.0.0.1', '内网IP', 'Mozilla/5.0 (Windows NT 10.0; Win64; x64) AppleWebKit/537.36 (KHTML, like Gecko) Chrome/117.0.0.0 Safari/537.36', 1, 0, '2023-11-13 10:46:58');
INSERT INTO `sys_log_login` VALUES (632, 'admin', '127.0.0.1', '内网IP', 'Mozilla/5.0 (Windows NT 10.0; Win64; x64) AppleWebKit/537.36 (KHTML, like Gecko) Chrome/117.0.0.0 Safari/537.36', 1, 1, '2023-11-14 10:41:54');
INSERT INTO `sys_log_login` VALUES (633, 'admin', '127.0.0.1', '内网IP', 'Mozilla/5.0 (Windows NT 10.0; Win64; x64) AppleWebKit/537.36 (KHTML, like Gecko) Chrome/117.0.0.0 Safari/537.36', 1, 0, '2023-11-14 10:42:01');
INSERT INTO `sys_log_login` VALUES (634, 'admin', '127.0.0.1', '内网IP', 'Mozilla/5.0 (Windows NT 10.0; Win64; x64) AppleWebKit/537.36 (KHTML, like Gecko) Chrome/117.0.0.0 Safari/537.36', 1, 1, '2023-11-14 10:42:25');
INSERT INTO `sys_log_login` VALUES (635, 'admin', '127.0.0.1', '内网IP', 'Mozilla/5.0 (Windows NT 10.0; Win64; x64) AppleWebKit/537.36 (KHTML, like Gecko) Chrome/117.0.0.0 Safari/537.36', 1, 0, '2023-11-14 10:43:25');
INSERT INTO `sys_log_login` VALUES (636, 'admin', '127.0.0.1', '内网IP', 'Mozilla/5.0 (Windows NT 10.0; Win64; x64) AppleWebKit/537.36 (KHTML, like Gecko) Chrome/117.0.0.0 Safari/537.36', 1, 1, '2023-11-14 10:43:37');
INSERT INTO `sys_log_login` VALUES (637, 'admin', '127.0.0.1', '内网IP', 'Mozilla/5.0 (Windows NT 10.0; Win64; x64) AppleWebKit/537.36 (KHTML, like Gecko) Chrome/117.0.0.0 Safari/537.36', 1, 0, '2023-11-14 10:58:03');
INSERT INTO `sys_log_login` VALUES (638, 'admin', '127.0.0.1', '内网IP', 'Mozilla/5.0 (Windows NT 10.0; Win64; x64) AppleWebKit/537.36 (KHTML, like Gecko) Chrome/117.0.0.0 Safari/537.36', 1, 1, '2023-11-14 10:58:57');
INSERT INTO `sys_log_login` VALUES (639, 'admin', '127.0.0.1', '内网IP', 'Mozilla/5.0 (Windows NT 10.0; Win64; x64) AppleWebKit/537.36 (KHTML, like Gecko) Chrome/117.0.0.0 Safari/537.36', 0, 2, '2023-11-14 13:48:39');
INSERT INTO `sys_log_login` VALUES (640, 'admin', '127.0.0.1', '内网IP', 'Mozilla/5.0 (Windows NT 10.0; Win64; x64) AppleWebKit/537.36 (KHTML, like Gecko) Chrome/117.0.0.0 Safari/537.36', 1, 0, '2023-11-14 13:48:44');
INSERT INTO `sys_log_login` VALUES (641, 'admin', '127.0.0.1', '内网IP', 'Mozilla/5.0 (Windows NT 10.0; Win64; x64) AppleWebKit/537.36 (KHTML, like Gecko) Chrome/117.0.0.0 Safari/537.36', 0, 2, '2023-11-15 15:07:38');
INSERT INTO `sys_log_login` VALUES (642, 'admin', '127.0.0.1', '内网IP', 'Mozilla/5.0 (Windows NT 10.0; Win64; x64) AppleWebKit/537.36 (KHTML, like Gecko) Chrome/117.0.0.0 Safari/537.36', 1, 0, '2023-11-15 15:07:46');
INSERT INTO `sys_log_login` VALUES (643, 'admin', '127.0.0.1', '内网IP', 'Mozilla/5.0 (Windows NT 10.0; Win64; x64) AppleWebKit/537.36 (KHTML, like Gecko) Chrome/117.0.0.0 Safari/537.36', 1, 1, '2023-11-15 15:09:39');
INSERT INTO `sys_log_login` VALUES (644, 'admin', '127.0.0.1', '内网IP', 'Mozilla/5.0 (Windows NT 10.0; Win64; x64) AppleWebKit/537.36 (KHTML, like Gecko) Chrome/117.0.0.0 Safari/537.36', 1, 0, '2023-11-15 15:09:47');
INSERT INTO `sys_log_login` VALUES (645, 'admin', '127.0.0.1', '内网IP', 'Mozilla/5.0 (Windows NT 10.0; Win64; x64) AppleWebKit/537.36 (KHTML, like Gecko) Chrome/117.0.0.0 Safari/537.36', 1, 0, '2023-11-16 15:10:12');
INSERT INTO `sys_log_login` VALUES (646, 'admin', '127.0.0.1', '内网IP', 'Mozilla/5.0 (Windows NT 10.0; Win64; x64) AppleWebKit/537.36 (KHTML, like Gecko) Chrome/117.0.0.0 Safari/537.36', 1, 0, '2023-11-17 15:10:26');
INSERT INTO `sys_log_login` VALUES (647, 'admin', '127.0.0.1', '内网IP', 'Mozilla/5.0 (Windows NT 10.0; Win64; x64) AppleWebKit/537.36 (KHTML, like Gecko) Chrome/117.0.0.0 Safari/537.36', 1, 0, '2023-11-18 18:37:25');
INSERT INTO `sys_log_login` VALUES (648, 'admin', '127.0.0.1', '内网IP', 'Mozilla/5.0 (Windows NT 10.0; Win64; x64) AppleWebKit/537.36 (KHTML, like Gecko) Chrome/117.0.0.0 Safari/537.36', 1, 0, '2023-11-18 22:13:05');
INSERT INTO `sys_log_login` VALUES (649, 'admin', '127.0.0.1', '内网IP', 'Mozilla/5.0 (Windows NT 10.0; Win64; x64) AppleWebKit/537.36 (KHTML, like Gecko) Chrome/117.0.0.0 Safari/537.36', 1, 1, '2023-11-18 22:27:40');
INSERT INTO `sys_log_login` VALUES (650, '测试用户', '127.0.0.1', '内网IP', 'Mozilla/5.0 (Windows NT 10.0; Win64; x64) AppleWebKit/537.36 (KHTML, like Gecko) Chrome/117.0.0.0 Safari/537.36', 0, 3, '2023-11-18 22:27:50');
INSERT INTO `sys_log_login` VALUES (651, '测试用户', '127.0.0.1', '内网IP', 'Mozilla/5.0 (Windows NT 10.0; Win64; x64) AppleWebKit/537.36 (KHTML, like Gecko) Chrome/117.0.0.0 Safari/537.36', 1, 0, '2023-11-18 22:27:57');
INSERT INTO `sys_log_login` VALUES (652, '测试用户', '127.0.0.1', '内网IP', 'Mozilla/5.0 (Windows NT 10.0; Win64; x64) AppleWebKit/537.36 (KHTML, like Gecko) Chrome/117.0.0.0 Safari/537.36', 1, 1, '2023-11-18 22:28:15');
INSERT INTO `sys_log_login` VALUES (653, 'admin', '127.0.0.1', '内网IP', 'Mozilla/5.0 (Windows NT 10.0; Win64; x64) AppleWebKit/537.36 (KHTML, like Gecko) Chrome/117.0.0.0 Safari/537.36', 1, 0, '2023-11-18 22:28:22');
INSERT INTO `sys_log_login` VALUES (654, 'admin', '127.0.0.1', '内网IP', 'Mozilla/5.0 (Windows NT 10.0; Win64; x64) AppleWebKit/537.36 (KHTML, like Gecko) Chrome/117.0.0.0 Safari/537.36', 1, 1, '2023-11-18 22:29:24');
INSERT INTO `sys_log_login` VALUES (655, '测试用户', '127.0.0.1', '内网IP', 'Mozilla/5.0 (Windows NT 10.0; Win64; x64) AppleWebKit/537.36 (KHTML, like Gecko) Chrome/117.0.0.0 Safari/537.36', 0, 2, '2023-11-18 22:29:41');
INSERT INTO `sys_log_login` VALUES (656, '测试用户', '127.0.0.1', '内网IP', 'Mozilla/5.0 (Windows NT 10.0; Win64; x64) AppleWebKit/537.36 (KHTML, like Gecko) Chrome/117.0.0.0 Safari/537.36', 0, 2, '2023-11-18 22:29:42');
INSERT INTO `sys_log_login` VALUES (657, '测试用户', '127.0.0.1', '内网IP', 'Mozilla/5.0 (Windows NT 10.0; Win64; x64) AppleWebKit/537.36 (KHTML, like Gecko) Chrome/117.0.0.0 Safari/537.36', 1, 0, '2023-11-18 22:29:45');
INSERT INTO `sys_log_login` VALUES (658, '测试用户', '127.0.0.1', '内网IP', 'Mozilla/5.0 (Windows NT 10.0; Win64; x64) AppleWebKit/537.36 (KHTML, like Gecko) Chrome/117.0.0.0 Safari/537.36', 1, 1, '2023-11-18 22:29:58');
INSERT INTO `sys_log_login` VALUES (659, 'admin', '127.0.0.1', '内网IP', 'Mozilla/5.0 (Windows NT 10.0; Win64; x64) AppleWebKit/537.36 (KHTML, like Gecko) Chrome/117.0.0.0 Safari/537.36', 1, 0, '2023-11-18 22:30:05');
INSERT INTO `sys_log_login` VALUES (660, 'admin', '127.0.0.1', '内网IP', 'Mozilla/5.0 (Windows NT 10.0; Win64; x64) AppleWebKit/537.36 (KHTML, like Gecko) Chrome/117.0.0.0 Safari/537.36', 1, 1, '2023-11-18 22:30:33');
INSERT INTO `sys_log_login` VALUES (661, 'admin', '127.0.0.1', '内网IP', 'Mozilla/5.0 (Windows NT 10.0; Win64; x64) AppleWebKit/537.36 (KHTML, like Gecko) Chrome/117.0.0.0 Safari/537.36', 0, 2, '2023-11-18 22:44:04');
INSERT INTO `sys_log_login` VALUES (662, 'admin', '127.0.0.1', '内网IP', 'Mozilla/5.0 (Windows NT 10.0; Win64; x64) AppleWebKit/537.36 (KHTML, like Gecko) Chrome/117.0.0.0 Safari/537.36', 1, 0, '2023-11-18 22:44:11');
INSERT INTO `sys_log_login` VALUES (663, 'admin', '127.0.0.1', '内网IP', 'Mozilla/5.0 (Windows NT 10.0; Win64; x64) AppleWebKit/537.36 (KHTML, like Gecko) Chrome/117.0.0.0 Safari/537.36', 1, 1, '2023-11-18 23:09:11');
INSERT INTO `sys_log_login` VALUES (664, '测试用户', '127.0.0.1', '内网IP', 'Mozilla/5.0 (Windows NT 10.0; Win64; x64) AppleWebKit/537.36 (KHTML, like Gecko) Chrome/117.0.0.0 Safari/537.36', 1, 0, '2023-11-18 23:09:18');
INSERT INTO `sys_log_login` VALUES (665, '测试用户', '127.0.0.1', '内网IP', 'Mozilla/5.0 (Windows NT 10.0; Win64; x64) AppleWebKit/537.36 (KHTML, like Gecko) Chrome/117.0.0.0 Safari/537.36', 1, 1, '2023-11-18 23:12:46');
INSERT INTO `sys_log_login` VALUES (666, 'admin', '127.0.0.1', '内网IP', 'Mozilla/5.0 (Windows NT 10.0; Win64; x64) AppleWebKit/537.36 (KHTML, like Gecko) Chrome/117.0.0.0 Safari/537.36', 1, 0, '2023-11-18 23:12:51');
INSERT INTO `sys_log_login` VALUES (667, 'admin', '127.0.0.1', '内网IP', 'Mozilla/5.0 (Windows NT 10.0; Win64; x64) AppleWebKit/537.36 (KHTML, like Gecko) Chrome/117.0.0.0 Safari/537.36', 1, 1, '2023-11-18 23:16:02');
INSERT INTO `sys_log_login` VALUES (668, 'admin', '127.0.0.1', '内网IP', 'Mozilla/5.0 (Windows NT 10.0; Win64; x64) AppleWebKit/537.36 (KHTML, like Gecko) Chrome/117.0.0.0 Safari/537.36', 0, 2, '2023-11-18 23:22:00');
INSERT INTO `sys_log_login` VALUES (669, 'admin', '127.0.0.1', '内网IP', 'Mozilla/5.0 (Windows NT 10.0; Win64; x64) AppleWebKit/537.36 (KHTML, like Gecko) Chrome/117.0.0.0 Safari/537.36', 1, 0, '2023-11-18 23:22:04');
INSERT INTO `sys_log_login` VALUES (670, 'admin', '127.0.0.1', '内网IP', 'Mozilla/5.0 (Windows NT 10.0; Win64; x64) AppleWebKit/537.36 (KHTML, like Gecko) Chrome/117.0.0.0 Safari/537.36', 1, 1, '2023-11-18 23:44:15');
INSERT INTO `sys_log_login` VALUES (671, '测试用户', '127.0.0.1', '内网IP', 'Mozilla/5.0 (Windows NT 10.0; Win64; x64) AppleWebKit/537.36 (KHTML, like Gecko) Chrome/117.0.0.0 Safari/537.36', 1, 0, '2023-11-18 23:44:22');
INSERT INTO `sys_log_login` VALUES (672, '测试用户', '127.0.0.1', '内网IP', 'Mozilla/5.0 (Windows NT 10.0; Win64; x64) AppleWebKit/537.36 (KHTML, like Gecko) Chrome/117.0.0.0 Safari/537.36', 1, 1, '2023-11-18 23:44:42');
INSERT INTO `sys_log_login` VALUES (673, 'admin', '127.0.0.1', '内网IP', 'Mozilla/5.0 (Windows NT 10.0; Win64; x64) AppleWebKit/537.36 (KHTML, like Gecko) Chrome/117.0.0.0 Safari/537.36', 1, 0, '2023-11-18 23:44:46');
INSERT INTO `sys_log_login` VALUES (674, 'admin', '127.0.0.1', '内网IP', 'Mozilla/5.0 (Windows NT 10.0; Win64; x64) AppleWebKit/537.36 (KHTML, like Gecko) Chrome/117.0.0.0 Safari/537.36', 1, 0, '2023-11-26 08:48:05');
INSERT INTO `sys_log_login` VALUES (675, 'admin', '127.0.0.1', '内网IP', 'Mozilla/5.0 (Windows NT 10.0; Win64; x64) AppleWebKit/537.36 (KHTML, like Gecko) Chrome/117.0.0.0 Safari/537.36', 0, 2, '2023-11-28 10:35:11');
INSERT INTO `sys_log_login` VALUES (676, 'admin', '127.0.0.1', '内网IP', 'Mozilla/5.0 (Windows NT 10.0; Win64; x64) AppleWebKit/537.36 (KHTML, like Gecko) Chrome/117.0.0.0 Safari/537.36', 0, 2, '2023-11-28 10:35:11');
INSERT INTO `sys_log_login` VALUES (677, 'admin', '127.0.0.1', '内网IP', 'Mozilla/5.0 (Windows NT 10.0; Win64; x64) AppleWebKit/537.36 (KHTML, like Gecko) Chrome/117.0.0.0 Safari/537.36', 1, 0, '2023-11-28 10:35:16');
INSERT INTO `sys_log_login` VALUES (678, 'admin', '127.0.0.1', '内网IP', 'Mozilla/5.0 (Windows NT 10.0; Win64; x64) AppleWebKit/537.36 (KHTML, like Gecko) Chrome/119.0.0.0 Safari/537.36', 1, 0, '2023-12-05 16:02:53');
INSERT INTO `sys_log_login` VALUES (679, 'admin', '127.0.0.1', '内网IP', 'Mozilla/5.0 (Windows NT 10.0; Win64; x64) AppleWebKit/537.36 (KHTML, like Gecko) Chrome/119.0.0.0 Safari/537.36', 1, 0, '2023-12-06 17:38:42');
INSERT INTO `sys_log_login` VALUES (680, 'admin', '127.0.0.1', '内网IP', 'Mozilla/5.0 (Windows NT 10.0; Win64; x64) AppleWebKit/537.36 (KHTML, like Gecko) Chrome/119.0.0.0 Safari/537.36', 1, 0, '2023-12-06 17:51:15');
INSERT INTO `sys_log_login` VALUES (681, 'admin', '127.0.0.1', '内网IP', 'Mozilla/5.0 (Windows NT 10.0; Win64; x64) AppleWebKit/537.36 (KHTML, like Gecko) Chrome/119.0.0.0 Safari/537.36', 1, 0, '2023-12-08 13:58:04');
INSERT INTO `sys_log_login` VALUES (682, 'admin', '127.0.0.1', '内网IP', 'Mozilla/5.0 (Windows NT 10.0; Win64; x64) AppleWebKit/537.36 (KHTML, like Gecko) Chrome/119.0.0.0 Safari/537.36', 1, 0, '2023-12-11 15:46:56');
INSERT INTO `sys_log_login` VALUES (683, 'admin', '127.0.0.1', '内网IP', 'Mozilla/5.0 (Windows NT 10.0; Win64; x64) AppleWebKit/537.36 (KHTML, like Gecko) Chrome/119.0.0.0 Safari/537.36', 1, 0, '2023-12-23 22:06:50');
INSERT INTO `sys_log_login` VALUES (684, 'admin', '127.0.0.1', '内网IP', 'Mozilla/5.0 (Windows NT 10.0; Win64; x64) AppleWebKit/537.36 (KHTML, like Gecko) Chrome/119.0.0.0 Safari/537.36', 1, 1, '2023-12-23 22:09:46');
INSERT INTO `sys_log_login` VALUES (685, 'admin', '127.0.0.1', '内网IP', 'Mozilla/5.0 (Windows NT 10.0; Win64; x64) AppleWebKit/537.36 (KHTML, like Gecko) Chrome/119.0.0.0 Safari/537.36', 0, 2, '2023-12-24 12:07:23');
INSERT INTO `sys_log_login` VALUES (686, 'admin', '127.0.0.1', '内网IP', 'Mozilla/5.0 (Windows NT 10.0; Win64; x64) AppleWebKit/537.36 (KHTML, like Gecko) Chrome/119.0.0.0 Safari/537.36', 0, 2, '2023-12-24 12:07:24');
INSERT INTO `sys_log_login` VALUES (687, 'admin', '127.0.0.1', '内网IP', 'Mozilla/5.0 (Windows NT 10.0; Win64; x64) AppleWebKit/537.36 (KHTML, like Gecko) Chrome/119.0.0.0 Safari/537.36', 1, 0, '2023-12-24 12:07:29');
INSERT INTO `sys_log_login` VALUES (688, 'admin', '127.0.0.1', '内网IP', 'Mozilla/5.0 (Windows NT 10.0; Win64; x64) AppleWebKit/537.36 (KHTML, like Gecko) Chrome/119.0.0.0 Safari/537.36', 1, 1, '2023-12-24 14:06:21');
INSERT INTO `sys_log_login` VALUES (689, 'admin', '127.0.0.1', '内网IP', 'Mozilla/5.0 (Windows NT 10.0; Win64; x64) AppleWebKit/537.36 (KHTML, like Gecko) Chrome/119.0.0.0 Safari/537.36', 1, 0, '2023-12-24 14:06:28');
INSERT INTO `sys_log_login` VALUES (690, 'admin', '127.0.0.1', '内网IP', 'Mozilla/5.0 (Windows NT 10.0; Win64; x64) AppleWebKit/537.36 (KHTML, like Gecko) Chrome/119.0.0.0 Safari/537.36', 1, 0, '2023-12-26 18:05:14');
INSERT INTO `sys_log_login` VALUES (691, 'admin', '127.0.0.1', '内网IP', 'Mozilla/5.0 (Windows NT 10.0; Win64; x64) AppleWebKit/537.36 (KHTML, like Gecko) Chrome/119.0.0.0 Safari/537.36', 1, 1, '2023-12-26 20:21:48');
INSERT INTO `sys_log_login` VALUES (692, 'admin', '127.0.0.1', '内网IP', 'Mozilla/5.0 (Windows NT 10.0; Win64; x64) AppleWebKit/537.36 (KHTML, like Gecko) Chrome/119.0.0.0 Safari/537.36', 1, 0, '2023-12-26 20:21:56');
INSERT INTO `sys_log_login` VALUES (693, 'admin', '127.0.0.1', '内网IP', 'Mozilla/5.0 (Windows NT 10.0; Win64; x64) AppleWebKit/537.36 (KHTML, like Gecko) Chrome/120.0.0.0 Safari/537.36', 1, 0, '2024-01-23 22:30:40');
INSERT INTO `sys_log_login` VALUES (694, 'admin', '0:0:0:0:0:0:0:1%0', '内网IP', 'Mozilla/5.0 (X11; Linux x86_64) AppleWebKit/537.36 (KHTML, like Gecko) Chrome/120.0.0.0 Safari/537.36', 1, 0, '2024-01-24 16:46:58');
INSERT INTO `sys_log_login` VALUES (695, 'admin', '127.0.0.1', '内网IP', 'Mozilla/5.0 (Windows NT 10.0; Win64; x64) AppleWebKit/537.36 (KHTML, like Gecko) Chrome/120.0.0.0 Safari/537.36', 1, 1, '2024-01-24 18:39:56');
INSERT INTO `sys_log_login` VALUES (696, 'admin', '127.0.0.1', '内网IP', 'Mozilla/5.0 (Windows NT 10.0; Win64; x64) AppleWebKit/537.36 (KHTML, like Gecko) Chrome/120.0.0.0 Safari/537.36', 1, 0, '2024-01-24 18:40:16');
INSERT INTO `sys_log_login` VALUES (697, 'admin', '127.0.0.1', '内网IP', 'Mozilla/5.0 (Windows NT 10.0; Win64; x64) AppleWebKit/537.36 (KHTML, like Gecko) Chrome/120.0.0.0 Safari/537.36', 1, 0, '2024-01-26 01:00:03');
INSERT INTO `sys_log_login` VALUES (698, 'admin', '127.0.0.1', '内网IP', 'Mozilla/5.0 (X11; Linux x86_64; rv:121.0) Gecko/20100101 Firefox/121.0', 1, 0, '2024-02-20 14:42:32');
INSERT INTO `sys_log_login` VALUES (699, 'admin', '0:0:0:0:0:0:0:1%0', '内网IP', 'Mozilla/5.0 (Windows NT 10.0; Win64; x64) AppleWebKit/537.36 (KHTML, like Gecko) Chrome/121.0.0.0 Safari/537.36', 1, 0, '2024-02-20 14:43:20');
INSERT INTO `sys_log_login` VALUES (700, 'admin', '0:0:0:0:0:0:0:1%0', '内网IP', 'Mozilla/5.0 (Windows NT 10.0; Win64; x64) AppleWebKit/537.36 (KHTML, like Gecko) Chrome/121.0.0.0 Safari/537.36', 1, 0, '2024-02-20 14:44:28');
INSERT INTO `sys_log_login` VALUES (701, 'admin', '0:0:0:0:0:0:0:1%0', '内网IP', 'Mozilla/5.0 (X11; Linux x86_64) AppleWebKit/537.36 (KHTML, like Gecko) Chrome/121.0.0.0 Safari/537.36', 1, 0, '2024-03-23 15:49:08');
INSERT INTO `sys_log_login` VALUES (702, 'admin', '0:0:0:0:0:0:0:1%0', '内网IP', 'Mozilla/5.0 (X11; Linux x86_64) AppleWebKit/537.36 (KHTML, like Gecko) Chrome/121.0.0.0 Safari/537.36', 1, 0, '2024-03-23 16:08:19');
INSERT INTO `sys_log_login` VALUES (703, 'admin', '0:0:0:0:0:0:0:1%0', '内网IP', 'Mozilla/5.0 (X11; Linux x86_64) AppleWebKit/537.36 (KHTML, like Gecko) Chrome/121.0.0.0 Safari/537.36', 0, 3, '2024-03-25 13:14:16');
INSERT INTO `sys_log_login` VALUES (704, 'admin', '0:0:0:0:0:0:0:1%0', '内网IP', 'Mozilla/5.0 (X11; Linux x86_64) AppleWebKit/537.36 (KHTML, like Gecko) Chrome/121.0.0.0 Safari/537.36', 0, 3, '2024-03-25 13:14:26');
INSERT INTO `sys_log_login` VALUES (705, 'admin', '0:0:0:0:0:0:0:1%0', '内网IP', 'Mozilla/5.0 (X11; Linux x86_64) AppleWebKit/537.36 (KHTML, like Gecko) Chrome/121.0.0.0 Safari/537.36', 0, 3, '2024-03-25 13:14:46');
INSERT INTO `sys_log_login` VALUES (706, 'admin', '0:0:0:0:0:0:0:1%0', '内网IP', 'Mozilla/5.0 (X11; Linux x86_64) AppleWebKit/537.36 (KHTML, like Gecko) Chrome/121.0.0.0 Safari/537.36', 1, 0, '2024-03-25 13:15:01');
INSERT INTO `sys_log_login` VALUES (707, 'admin', '0:0:0:0:0:0:0:1%0', '内网IP', 'Mozilla/5.0 (X11; Linux x86_64) AppleWebKit/537.36 (KHTML, like Gecko) Chrome/121.0.0.0 Safari/537.36', 1, 0, '2024-03-26 15:09:37');
INSERT INTO `sys_log_login` VALUES (708, 'admin', '0:0:0:0:0:0:0:1%0', '内网IP', 'Mozilla/5.0 (X11; Linux x86_64) AppleWebKit/537.36 (KHTML, like Gecko) Chrome/121.0.0.0 Safari/537.36', 1, 0, '2024-03-26 16:48:26');
INSERT INTO `sys_log_login` VALUES (709, 'admin', '0:0:0:0:0:0:0:1%0', '内网IP', 'Mozilla/5.0 (X11; Linux x86_64) AppleWebKit/537.36 (KHTML, like Gecko) Chrome/121.0.0.0 Safari/537.36', 1, 0, '2024-03-26 17:37:29');
INSERT INTO `sys_log_login` VALUES (710, 'admin', '0:0:0:0:0:0:0:1%0', '内网IP', 'Mozilla/5.0 (X11; Linux x86_64) AppleWebKit/537.36 (KHTML, like Gecko) Chrome/121.0.0.0 Safari/537.36', 1, 0, '2024-03-26 18:16:51');

-- ----------------------------
-- Table structure for sys_menu
-- ----------------------------
DROP TABLE IF EXISTS `sys_menu`;
CREATE TABLE `sys_menu`  (
  `id` bigint(0) NOT NULL AUTO_INCREMENT COMMENT 'id',
  `pid` bigint(0) NULL DEFAULT NULL COMMENT '上级ID，一级菜单为0',
  `name` varchar(200) CHARACTER SET utf8mb4 COLLATE utf8mb4_0900_ai_ci NULL DEFAULT NULL COMMENT '菜单名称',
  `url` varchar(200) CHARACTER SET utf8mb4 COLLATE utf8mb4_0900_ai_ci NULL DEFAULT NULL COMMENT '菜单URL',
  `authority` varchar(500) CHARACTER SET utf8mb4 COLLATE utf8mb4_0900_ai_ci NULL DEFAULT NULL COMMENT '授权标识(多个用逗号分隔，如：sys:menu:list,sys:menu:save)',
  `type` tinyint(0) NULL DEFAULT NULL COMMENT '类型   0：菜单   1：按钮   2：接口',
  `open_style` tinyint(0) NULL DEFAULT NULL COMMENT '打开方式   0：内部   1：外部',
  `icon` varchar(50) CHARACTER SET utf8mb4 COLLATE utf8mb4_0900_ai_ci NULL DEFAULT NULL COMMENT '菜单图标',
  `sort` int(0) NULL DEFAULT NULL COMMENT '排序',
  `version` int(0) NULL DEFAULT NULL COMMENT '版本号',
  `deleted` tinyint(0) NULL DEFAULT NULL COMMENT '删除标识  0：正常   1：已删除',
  `creator` bigint(0) NULL DEFAULT NULL COMMENT '创建者',
  `create_time` datetime(0) NULL DEFAULT NULL COMMENT '创建时间',
  `updater` bigint(0) NULL DEFAULT NULL COMMENT '更新者',
  `update_time` datetime(0) NULL DEFAULT NULL COMMENT '更新时间',
  PRIMARY KEY (`id`) USING BTREE,
  INDEX `idx_pid`(`pid`) USING BTREE
) ENGINE = InnoDB AUTO_INCREMENT = 234 CHARACTER SET = utf8mb4 COLLATE = utf8mb4_0900_ai_ci COMMENT = '菜单管理' ROW_FORMAT = DYNAMIC;

-- ----------------------------
-- Records of sys_menu
-- ----------------------------
INSERT INTO `sys_menu` VALUES (1, 0, '系统管理', NULL, NULL, 0, 0, 'icon-setting', 21, 0, 0, 10000, '2022-09-27 11:01:26', 10000, '2023-01-12 10:28:59');
INSERT INTO `sys_menu` VALUES (2, 1, '菜单管理', 'sys/menu/index', NULL, 0, 0, 'icon-menu', 0, 0, 0, 10000, '2022-09-27 11:01:26', 10000, '2022-09-27 11:01:26');
INSERT INTO `sys_menu` VALUES (3, 2, '查看', '', 'sys:menu:list', 1, 0, '', 0, 0, 0, 10000, '2022-09-27 11:01:26', 10000, '2022-09-27 11:01:26');
INSERT INTO `sys_menu` VALUES (4, 2, '新增', '', 'sys:menu:save', 1, 0, '', 1, 0, 0, 10000, '2022-09-27 11:01:26', 10000, '2022-09-27 11:01:26');
INSERT INTO `sys_menu` VALUES (5, 2, '修改', '', 'sys:menu:update,sys:menu:info', 1, 0, '', 2, 0, 0, 10000, '2022-09-27 11:01:26', 10000, '2022-09-27 11:01:26');
INSERT INTO `sys_menu` VALUES (6, 2, '删除', '', 'sys:menu:delete', 1, 0, '', 3, 0, 0, 10000, '2022-09-27 11:01:26', 10000, '2022-09-27 11:01:26');
INSERT INTO `sys_menu` VALUES (7, 1, '数据字典', 'sys/dict/type', '', 0, 0, 'icon-insertrowabove', 1, 0, 0, 10000, '2022-09-27 11:01:26', 10000, '2022-09-27 11:01:26');
INSERT INTO `sys_menu` VALUES (8, 7, '查询', '', 'sys:dict:page', 1, 0, '', 0, 0, 0, 10000, '2022-09-27 11:01:26', 10000, '2022-09-27 11:01:26');
INSERT INTO `sys_menu` VALUES (9, 7, '新增', '', 'sys:dict:save', 1, 0, '', 2, 0, 0, 10000, '2022-09-27 11:01:26', 10000, '2022-09-27 11:01:26');
INSERT INTO `sys_menu` VALUES (10, 7, '修改', '', 'sys:dict:update,sys:dict:info', 1, 0, '', 1, 0, 0, 10000, '2022-09-27 11:01:26', 10000, '2022-09-27 11:01:26');
INSERT INTO `sys_menu` VALUES (11, 7, '删除', '', 'sys:dict:delete', 1, 0, '', 3, 0, 0, 10000, '2022-09-27 11:01:26', 10000, '2022-09-27 11:01:26');
INSERT INTO `sys_menu` VALUES (13, 1, '岗位管理', 'sys/post/index', '', 0, 0, 'icon-solution', 2, 0, 0, 10000, '2022-09-27 11:01:26', 10000, '2022-09-27 11:06:32');
INSERT INTO `sys_menu` VALUES (14, 13, '查询', '', 'sys:post:page', 1, 0, '', 0, 0, 0, 10000, '2022-09-27 11:01:26', 10000, '2022-09-27 11:01:26');
INSERT INTO `sys_menu` VALUES (15, 13, '新增', '', 'sys:post:save', 1, 0, '', 1, 0, 0, 10000, '2022-09-27 11:01:26', 10000, '2022-09-27 11:01:26');
INSERT INTO `sys_menu` VALUES (16, 13, '修改', '', 'sys:post:update,sys:post:info', 1, 0, '', 2, 0, 0, 10000, '2022-09-27 11:01:26', 10000, '2022-09-27 11:01:26');
INSERT INTO `sys_menu` VALUES (17, 13, '删除', '', 'sys:post:delete', 1, 0, '', 3, 0, 0, 10000, '2022-09-27 11:01:26', 10000, '2022-09-27 11:01:26');
INSERT INTO `sys_menu` VALUES (18, 1, '机构管理', 'sys/org/index', '', 0, 0, 'icon-cluster', 1, 0, 0, 10000, '2022-09-27 11:01:26', 10000, '2022-09-27 11:06:25');
INSERT INTO `sys_menu` VALUES (19, 18, '查询', '', 'sys:org:list', 1, 0, '', 0, 0, 0, 10000, '2022-09-27 11:01:26', 10000, '2022-09-27 11:01:26');
INSERT INTO `sys_menu` VALUES (20, 18, '新增', '', 'sys:org:save', 1, 0, '', 1, 0, 0, 10000, '2022-09-27 11:01:26', 10000, '2022-09-27 11:01:26');
INSERT INTO `sys_menu` VALUES (21, 18, '修改', '', 'sys:org:update,sys:org:info', 1, 0, '', 2, 0, 0, 10000, '2022-09-27 11:01:26', 10000, '2022-09-27 11:01:26');
INSERT INTO `sys_menu` VALUES (22, 18, '删除', '', 'sys:org:delete', 1, 0, '', 3, 0, 0, 10000, '2022-09-27 11:01:26', 10000, '2022-09-27 11:01:26');
INSERT INTO `sys_menu` VALUES (23, 1, '角色管理', 'sys/role/index', '', 0, 0, 'icon-team', 3, 0, 0, 10000, '2022-09-27 11:01:26', 10000, '2022-09-27 11:06:39');
INSERT INTO `sys_menu` VALUES (24, 23, '查询', '', 'sys:role:page', 1, 0, '', 0, 0, 0, 10000, '2022-09-27 11:01:26', 10000, '2022-09-27 11:01:26');
INSERT INTO `sys_menu` VALUES (25, 23, '新增', '', 'sys:role:save,sys:role:menu,sys:org:list', 1, 0, '', 1, 0, 0, 10000, '2022-09-27 11:01:26', 10000, '2022-09-27 11:01:26');
INSERT INTO `sys_menu` VALUES (26, 23, '修改', '', 'sys:role:update,sys:role:info,sys:role:menu,sys:org:list,sys:user:page', 1, 0, '', 2, 0, 0, 10000, '2022-09-27 11:01:26', 10000, '2022-09-27 11:01:26');
INSERT INTO `sys_menu` VALUES (27, 23, '删除', '', 'sys:role:delete', 1, 0, '', 3, 0, 0, 10000, '2022-09-27 11:01:26', 10000, '2022-09-27 11:01:26');
INSERT INTO `sys_menu` VALUES (28, 1, '用户管理', 'sys/user/index', '', 0, 0, 'icon-user', 0, 0, 0, 10000, '2022-09-27 11:01:26', 10000, '2022-09-27 11:06:16');
INSERT INTO `sys_menu` VALUES (29, 28, '查询', '', 'sys:user:page', 1, 0, '', 0, 0, 0, 10000, '2022-09-27 11:01:26', 10000, '2022-09-27 11:01:26');
INSERT INTO `sys_menu` VALUES (30, 28, '新增', '', 'sys:user:save,sys:role:list', 1, 0, '', 1, 0, 0, 10000, '2022-09-27 11:01:26', 10000, '2022-09-27 11:01:26');
INSERT INTO `sys_menu` VALUES (31, 28, '修改', '', 'sys:user:update,sys:user:info,sys:role:list', 1, 0, '', 2, 0, 0, 10000, '2022-09-27 11:01:26', 10000, '2022-09-27 11:01:26');
INSERT INTO `sys_menu` VALUES (32, 28, '删除', '', 'sys:user:delete', 1, 0, '', 3, 0, 0, 10000, '2022-09-27 11:01:26', 10000, '2022-09-27 11:01:26');
INSERT INTO `sys_menu` VALUES (33, 0, '应用管理', '', '', 0, 0, 'icon-appstore', 18, 0, 0, 10000, '2022-09-27 11:01:26', 10000, '2022-09-27 11:08:19');
INSERT INTO `sys_menu` VALUES (34, 1, '附件管理', 'sys/attachment/index', NULL, 0, 0, 'icon-folder-fill', 3, 0, 0, 10000, '2022-09-27 11:01:26', 10000, '2022-09-27 11:01:26');
INSERT INTO `sys_menu` VALUES (35, 34, '查看', '', 'sys:attachment:page', 1, 0, '', 0, 0, 0, 10000, '2022-09-27 11:01:26', 10000, '2022-09-27 11:01:26');
INSERT INTO `sys_menu` VALUES (36, 34, '上传', '', 'sys:attachment:save', 1, 0, '', 1, 0, 0, 10000, '2022-09-27 11:01:26', 10000, '2022-09-27 11:01:26');
INSERT INTO `sys_menu` VALUES (37, 34, '删除', '', 'sys:attachment:delete', 1, 0, '', 1, 0, 0, 10000, '2022-09-27 11:01:26', 10000, '2022-09-27 11:01:26');
INSERT INTO `sys_menu` VALUES (38, 0, '日志管理', '', '', 0, 0, 'icon-filedone', 19, 0, 0, 10000, '2022-09-27 11:01:26', 10000, '2022-09-27 11:08:14');
INSERT INTO `sys_menu` VALUES (39, 38, '登录日志', 'sys/log/login', 'sys:log:login', 0, 0, 'icon-solution', 0, 0, 0, 10000, '2022-09-27 11:01:26', 10000, '2022-09-27 11:01:26');
INSERT INTO `sys_menu` VALUES (40, 33, '消息管理', '', '', 0, 0, 'icon-message', 2, 0, 0, 10000, '2022-09-27 11:01:47', 10000, '2022-09-27 11:01:47');
INSERT INTO `sys_menu` VALUES (41, 40, '短信日志', 'message/sms/log/index', 'sms:log', 0, 0, 'icon-detail', 1, 0, 0, 10000, '2022-09-27 11:01:47', 10000, '2022-09-27 11:01:47');
INSERT INTO `sys_menu` VALUES (42, 40, '短信平台', 'message/sms/platform/index', NULL, 0, 0, 'icon-whatsapp', 0, 0, 0, 10000, '2022-09-27 11:01:47', 10000, '2022-09-27 11:01:47');
INSERT INTO `sys_menu` VALUES (43, 42, '查看', '', 'sms:platform:page', 1, 0, '', 0, 0, 0, 10000, '2022-09-27 11:01:47', 10000, '2022-09-27 11:01:47');
INSERT INTO `sys_menu` VALUES (44, 42, '新增', '', 'sms:platform:save', 1, 0, '', 1, 0, 0, 10000, '2022-09-27 11:01:47', 10000, '2022-09-27 11:01:47');
INSERT INTO `sys_menu` VALUES (45, 42, '修改', '', 'sms:platform:update,sms:platform:info', 1, 0, '', 2, 0, 0, 10000, '2022-09-27 11:01:47', 10000, '2022-09-27 11:01:47');
INSERT INTO `sys_menu` VALUES (46, 42, '删除', '', 'sms:platform:delete', 1, 0, '', 3, 0, 0, 10000, '2022-09-27 11:01:47', 10000, '2022-09-27 11:01:47');
INSERT INTO `sys_menu` VALUES (47, 1, '定时任务', 'quartz/schedule/index', NULL, 0, 0, 'icon-reloadtime', 0, 0, 0, 10000, '2022-09-27 11:02:02', 10000, '2022-09-27 11:02:02');
INSERT INTO `sys_menu` VALUES (48, 47, '查看', '', 'schedule:page', 1, 0, '', 0, 0, 0, 10000, '2022-09-27 11:02:02', 10000, '2022-09-27 11:02:02');
INSERT INTO `sys_menu` VALUES (49, 47, '新增', '', 'schedule:save', 1, 0, '', 1, 0, 0, 10000, '2022-09-27 11:02:02', 10000, '2022-09-27 11:02:02');
INSERT INTO `sys_menu` VALUES (50, 47, '修改', '', 'schedule:update,schedule:info', 1, 0, '', 2, 0, 0, 10000, '2022-09-27 11:02:02', 10000, '2022-09-27 11:02:02');
INSERT INTO `sys_menu` VALUES (51, 47, '删除', '', 'schedule:delete', 1, 0, '', 3, 0, 0, 10000, '2022-09-27 11:02:02', 10000, '2022-09-27 11:02:02');
INSERT INTO `sys_menu` VALUES (52, 47, '立即运行', '', 'schedule:run', 1, 0, '', 2, 0, 0, 10000, '2022-09-27 11:02:02', 10000, '2022-09-27 11:02:02');
INSERT INTO `sys_menu` VALUES (53, 47, '日志', '', 'schedule:log', 1, 0, '', 4, 0, 0, 10000, '2022-09-27 11:02:02', 10000, '2022-09-27 11:02:02');
INSERT INTO `sys_menu` VALUES (54, 0, '全局管理', '', '', 0, 0, 'icon-wallet', 20, 0, 0, 10000, '2022-09-27 11:01:26', 10000, '2023-01-12 10:29:04');
INSERT INTO `sys_menu` VALUES (55, 54, '数据项目管理', 'global-manage/project/index', '', 0, 0, 'icon-detail', 1, 0, 0, 10000, '2022-09-27 11:01:26', 10000, '2022-10-09 12:41:16');
INSERT INTO `sys_menu` VALUES (56, 54, '数仓分层展示', 'global-manage/layer/index', '', 0, 0, 'icon-table1', 2, 0, 0, 10000, '2022-09-27 11:01:26', 10000, '2022-09-27 17:12:21');
INSERT INTO `sys_menu` VALUES (57, 55, '查看', '', 'data-integrate:project:page', 1, 0, '', 0, 0, 0, 10000, '2022-09-27 20:46:51', 10000, '2022-09-27 20:46:51');
INSERT INTO `sys_menu` VALUES (58, 55, '新增', '', 'data-integrate:project:save', 1, 0, '', 1, 0, 0, 10000, '2022-09-27 20:46:51', 10000, '2022-09-27 20:46:51');
INSERT INTO `sys_menu` VALUES (59, 55, '修改', '', 'data-integrate:project:update,data-integrate:project:info', 1, 0, '', 2, 0, 0, 10000, '2022-09-27 20:46:51', 10000, '2022-09-27 20:46:51');
INSERT INTO `sys_menu` VALUES (60, 55, '删除', '', 'data-integrate:project:delete', 1, 0, '', 3, 0, 0, 10000, '2022-09-27 20:46:51', 10000, '2022-09-27 20:46:51');
INSERT INTO `sys_menu` VALUES (61, 55, '项目成员', '', 'data-integrate:project:users', 1, 0, '', 0, 0, 0, 10000, '2022-09-27 21:28:39', 10000, '2022-09-27 21:28:39');
INSERT INTO `sys_menu` VALUES (62, 55, '添加成员', '', 'data-integrate:project:adduser', 1, 0, '', 4, 0, 0, 10000, '2022-10-07 12:00:15', 10000, '2022-10-07 12:00:25');
INSERT INTO `sys_menu` VALUES (63, 56, '查看', '', 'data-integrate:layer:page', 1, 0, '', 0, 0, 0, 10000, '2022-10-08 16:55:11', 10000, '2022-10-08 16:55:11');
INSERT INTO `sys_menu` VALUES (66, 56, '修改', '', 'data-integrate:layer:update,data-integrate:layer:info', 1, 0, '', 1, 0, 0, 10000, '2022-10-08 17:30:36', 10000, '2022-10-08 17:30:36');
INSERT INTO `sys_menu` VALUES (67, 0, '数据集成', '', '', 0, 0, 'icon-control', 11, 0, 0, 10000, '2022-10-09 12:40:06', 10000, '2024-01-23 22:31:28');
INSERT INTO `sys_menu` VALUES (68, 67, '数据库管理', 'data-integrate/database/index', '', 0, 0, 'icon-insertrowright', 0, 0, 0, 10000, '2022-09-27 11:01:26', 10000, '2022-10-09 12:49:18');
INSERT INTO `sys_menu` VALUES (69, 67, '文件管理', 'data-integrate/file-category/index', '', 0, 0, 'icon-layout', 1, 0, 0, 10000, '2022-09-27 11:01:26', 10000, '2022-10-28 16:50:34');
INSERT INTO `sys_menu` VALUES (70, 67, '数据接入', 'data-integrate/access/index', '', 0, 0, 'icon-rotate-right', 2, 0, 0, 10000, '2022-09-27 11:01:26', 10000, '2022-10-09 12:51:30');
INSERT INTO `sys_menu` VALUES (71, 67, '贴源数据', 'data-integrate/ods/index', '', 0, 0, 'icon-border', 3, 0, 0, 10000, '2022-09-27 11:01:26', 10000, '2022-10-09 12:53:18');
INSERT INTO `sys_menu` VALUES (72, 0, '数据开发', '', '', 0, 0, 'icon-Function', 12, 0, 0, 10000, '2022-10-09 12:56:37', 10000, '2024-01-23 22:31:24');
INSERT INTO `sys_menu` VALUES (78, 72, '数据生产', 'data-development/production/index', '', 0, 0, 'icon-Console-SQL', 1, 0, 0, 10000, '2022-10-09 13:02:24', 10000, '2023-01-03 21:32:34');
INSERT INTO `sys_menu` VALUES (80, 68, '查看', '', 'data-integrate:database:page', 1, 0, '', 0, 0, 0, 10000, '2022-10-09 17:36:31', 10000, '2022-10-09 17:36:31');
INSERT INTO `sys_menu` VALUES (81, 68, '新增', '', 'data-integrate:database:save', 1, 0, '', 1, 0, 0, 10000, '2022-10-09 17:36:56', 10000, '2022-10-09 17:38:02');
INSERT INTO `sys_menu` VALUES (82, 68, '修改', '', 'data-integrate:database:info,data-integrate:database:update', 1, 0, '', 2, 0, 0, 10000, '2022-10-09 17:37:29', 10000, '2022-10-09 17:38:10');
INSERT INTO `sys_menu` VALUES (83, 68, '删除', '', 'data-integrate:database:delete', 1, 0, '', 3, 0, 0, 10000, '2022-10-09 17:37:54', 10000, '2022-10-09 17:37:54');
INSERT INTO `sys_menu` VALUES (84, 70, '新增', '', 'data-integrate:access:save', 1, 0, '', 1, 0, 0, 10000, '2022-10-24 22:09:49', 10000, '2022-10-24 22:10:06');
INSERT INTO `sys_menu` VALUES (85, 70, '查看', '', 'data-integrate:access:page', 1, 0, '', 0, 0, 0, 10000, '2022-10-24 22:09:49', 10000, '2022-10-24 22:10:38');
INSERT INTO `sys_menu` VALUES (86, 70, '修改', '', 'data-integrate:access:update,data-integrate:access:info', 1, 0, '', 2, 0, 0, 10000, '2022-10-24 22:09:49', 10000, '2022-10-24 22:12:14');
INSERT INTO `sys_menu` VALUES (87, 70, '删除', '', 'data-integrate:access:delete', 1, 0, '', 3, 0, 0, 10000, '2022-10-24 22:09:49', 10000, '2022-10-24 22:12:19');
INSERT INTO `sys_menu` VALUES (88, 70, '发布', '', 'data-integrate:access:release', 1, 0, '', 5, 0, 0, 10000, '2022-10-27 14:32:34', 10000, '2022-10-27 14:32:34');
INSERT INTO `sys_menu` VALUES (89, 70, '取消发布', '', 'data-integrate:access:cancle', 1, 0, '', 6, 0, 0, 10000, '2022-10-27 14:33:06', 10000, '2022-10-27 14:33:06');
INSERT INTO `sys_menu` VALUES (90, 70, '手动执行', '', 'data-integrate:access:selfhandler', 1, 0, '', 7, 0, 0, 10000, '2022-10-27 22:13:07', 10000, '2022-10-27 22:13:07');
INSERT INTO `sys_menu` VALUES (91, 0, '数据治理', '', '', 0, 0, 'icon-insertrowbelow', 13, 0, 0, 10000, '2022-10-29 12:59:30', 10000, '2024-01-23 22:31:20');
INSERT INTO `sys_menu` VALUES (92, 91, '元数据', '', '', 0, 0, 'icon-file-exception', 0, 0, 0, 10000, '2022-10-29 13:01:36', 10000, '2023-01-20 13:38:53');
INSERT INTO `sys_menu` VALUES (93, 92, '元模型', 'data-governance/metamodel/index', '', 0, 0, 'icon-database', 0, 0, 0, 10000, '2022-10-29 13:05:35', 10000, '2023-03-28 11:35:56');
INSERT INTO `sys_menu` VALUES (94, 92, '元数据采集', 'data-governance/metadata-collect/index', '', 0, 0, 'icon-right-square', 1, 0, 0, 10000, '2022-10-29 13:05:35', 10000, '2023-01-20 13:38:45');
INSERT INTO `sys_menu` VALUES (97, 92, '元数据管理', 'data-governance/metadata-manage/index', '', 0, 0, 'icon-reconciliation', 2, 0, 0, 10000, '2022-10-29 13:05:35', 10000, '2023-01-20 13:38:42');
INSERT INTO `sys_menu` VALUES (98, 91, '数据血缘', 'data-governance/data-blood/index', '', 0, 0, 'icon-deleterow', 1, 0, 0, 10000, '2022-10-29 13:13:23', 10000, '2023-01-20 13:38:38');
INSERT INTO `sys_menu` VALUES (99, 0, '数据资产', '', '', 0, 0, 'icon-codelibrary-fill', 15, 0, 0, 10000, '2022-10-29 13:48:15', 10000, '2024-01-23 22:31:12');
INSERT INTO `sys_menu` VALUES (100, 99, '资产目录', 'data-assets/catalog/index', '', 0, 0, 'icon-minus-square-fill', 0, 0, 0, 10000, '2022-10-29 13:48:53', 10000, '2023-07-19 10:45:35');
INSERT INTO `sys_menu` VALUES (101, 99, '资产总览', 'data-assets/resource-overview/index', '', 0, 0, 'icon-aim', 1, 0, 0, 10000, '2022-10-29 13:50:30', 10000, '2023-01-20 13:39:06');
INSERT INTO `sys_menu` VALUES (102, 0, '数据服务', '', '', 0, 0, 'icon-transaction', 14, 0, 0, 10000, '2022-10-29 13:52:16', 10000, '2024-01-23 22:31:16');
INSERT INTO `sys_menu` VALUES (103, 102, 'API 目录', 'data-service/api-group/index', '', 0, 0, 'icon-filesearch', 0, 0, 0, 10000, '2022-10-29 13:57:03', 10000, '2023-02-16 14:48:41');
INSERT INTO `sys_menu` VALUES (105, 0, '数据集市', '', '', 0, 0, 'icon-reconciliation', 16, 0, 0, 10000, '2022-10-29 13:57:03', 10000, '2024-01-23 22:31:07');
INSERT INTO `sys_menu` VALUES (106, 105, '资产查阅', 'data-market/resource/index', '', 0, 0, 'icon-sever', 0, 0, 0, 10000, '2022-10-29 13:57:03', 10000, '2023-07-22 22:57:50');
INSERT INTO `sys_menu` VALUES (108, 105, '我的申请', 'data-market/my-apply/index', '', 0, 0, 'icon-user', 2, 0, 0, 10000, '2022-10-29 13:57:03', 10000, '2023-01-20 13:39:33');
INSERT INTO `sys_menu` VALUES (109, 105, '服务审批', 'data-market/service-check/index', '', 0, 0, 'icon-book', 3, 0, 0, 10000, '2022-10-29 13:57:03', 10000, '2023-01-20 13:39:36');
INSERT INTO `sys_menu` VALUES (110, 69, '分组新增', '', 'data-integrate:fileCategory:save', 1, 0, '', 0, 0, 0, 10000, '2022-11-14 15:17:40', 10000, '2022-11-14 15:17:55');
INSERT INTO `sys_menu` VALUES (111, 69, '分组编辑', '', 'data-integrate:fileCategory:update', 1, 0, '', 1, 0, 0, 10000, '2022-11-14 15:17:40', 10000, '2022-11-14 15:18:20');
INSERT INTO `sys_menu` VALUES (112, 69, '分组删除', '', 'data-integrate:fileCategory:delete', 1, 0, '', 2, 0, 0, 10000, '2022-11-14 15:17:40', 10000, '2022-11-14 15:18:44');
INSERT INTO `sys_menu` VALUES (113, 69, '分页查询', '', 'data-integrate:file:page', 2, 0, '', 3, 0, 0, 10000, '2022-11-18 14:22:42', 10000, '2022-11-18 14:23:04');
INSERT INTO `sys_menu` VALUES (114, 69, '新增', '', 'data-integrate:file:save', 1, 0, '', 4, 0, 0, 10000, '2022-11-18 14:22:42', 10000, '2022-11-18 14:25:48');
INSERT INTO `sys_menu` VALUES (115, 69, '修改', '', 'data-integrate:file:info,data-integrate:file:update', 1, 0, '', 5, 0, 0, 10000, '2022-11-18 14:22:42', 10000, '2022-11-18 14:26:27');
INSERT INTO `sys_menu` VALUES (116, 69, '删除', '', 'data-integrate:file:delete', 1, 0, '', 6, 0, 0, 10000, '2022-11-18 14:22:42', 10000, '2022-11-18 14:27:04');
INSERT INTO `sys_menu` VALUES (122, 143, 'Flink 集群实例', 'data-development/cluster/index', '', 0, 0, 'icon-appstore-fill', 0, 0, 0, 10000, '2022-12-03 11:21:39', 10000, '2023-01-18 13:53:44');
INSERT INTO `sys_menu` VALUES (123, 122, '查询', '', 'data-development:cluster:page', 2, 0, '', 0, 0, 0, 10000, '2022-12-03 11:22:35', 10000, '2022-12-03 11:22:35');
INSERT INTO `sys_menu` VALUES (124, 122, '添加', '', 'data-development:cluster:save', 1, 0, '', 1, 0, 0, 10000, '2022-12-03 11:23:09', 10000, '2022-12-03 11:23:09');
INSERT INTO `sys_menu` VALUES (125, 122, '修改', '', 'data-development:cluster:info,data-development:cluster:update', 1, 0, '', 2, 0, 0, 10000, '2022-12-03 11:24:47', 10000, '2022-12-03 11:24:47');
INSERT INTO `sys_menu` VALUES (126, 122, '删除', '', 'data-development:cluster:delete', 1, 0, '', 3, 0, 0, 10000, '2022-12-03 11:25:10', 10000, '2022-12-03 11:25:10');
INSERT INTO `sys_menu` VALUES (127, 143, 'Hadoop 集群配置', 'data-development/cluster-configuration/index', '', 0, 0, 'icon-insertrowabove', 1, 0, 0, 10000, '2022-12-21 20:39:34', 10000, '2023-01-18 13:53:50');
INSERT INTO `sys_menu` VALUES (128, 127, '查询', '', 'data-development:cluster-configuration:page', 1, 0, '', 0, 0, 0, 10000, '2022-12-21 20:42:02', 10000, '2022-12-21 20:42:02');
INSERT INTO `sys_menu` VALUES (129, 127, '添加', '', 'data-development:cluster-configuration:save', 1, 0, '', 1, 0, 0, 10000, '2022-12-21 20:42:39', 10000, '2022-12-21 20:42:39');
INSERT INTO `sys_menu` VALUES (130, 127, '修改', '', 'data-development:cluster-configuration:update,data-development:cluster-configuration:info', 1, 0, '', 2, 0, 0, 10000, '2022-12-21 20:43:11', 10000, '2022-12-21 20:43:11');
INSERT INTO `sys_menu` VALUES (131, 127, '删除', '', 'data-development:cluster-configuration:delete', 1, 0, '', 3, 0, 0, 10000, '2022-12-21 20:43:35', 10000, '2022-12-21 20:43:35');
INSERT INTO `sys_menu` VALUES (132, 72, '配置中心', 'data-development/sys-config/index', '', 0, 0, 'icon-project', 7, 0, 0, 10000, '2022-12-28 17:45:56', 10000, '2023-01-14 19:13:59');
INSERT INTO `sys_menu` VALUES (133, 72, '运维中心', 'data-development/task-history/index', '', 0, 0, 'icon-send', 4, 0, 0, 10000, '2023-01-03 21:30:58', 10000, '2023-01-14 19:13:11');
INSERT INTO `sys_menu` VALUES (135, 142, '调度管理', 'data-development/schedule/index', '', 0, 0, 'icon-calendar-check', 0, 0, 0, 10000, '2023-01-14 19:11:46', 10000, '2023-01-18 13:52:27');
INSERT INTO `sys_menu` VALUES (136, 135, '查询', '', 'data-development:schedule:page', 2, 0, '', 0, 0, 0, 10000, '2023-01-14 19:17:04', 10000, '2023-01-14 19:17:04');
INSERT INTO `sys_menu` VALUES (137, 135, '新增', '', 'data-development:schedule:save', 1, 0, '', 1, 0, 0, 10000, '2023-01-14 19:17:28', 10000, '2023-01-14 19:17:28');
INSERT INTO `sys_menu` VALUES (138, 135, '编辑', '', 'data-development:schedule:info,data-development:schedule:update', 1, 0, '', 2, 0, 0, 10000, '2023-01-14 19:17:54', 10000, '2023-01-14 19:17:54');
INSERT INTO `sys_menu` VALUES (139, 135, '删除', '', 'data-development:schedule:delete', 1, 0, '', 3, 0, 0, 10000, '2023-01-14 19:18:13', 10000, '2023-01-14 19:18:13');
INSERT INTO `sys_menu` VALUES (141, 135, '执行', '', 'data-development:schedule:run', 1, 0, '', 4, 0, 0, 10000, '2023-01-17 17:05:56', 10000, '2023-01-17 17:06:26');
INSERT INTO `sys_menu` VALUES (142, 72, '调度中心', '', '', 0, 0, 'icon-calendar', 3, 0, 0, 10000, '2023-01-18 13:49:14', 10000, '2023-01-18 13:51:10');
INSERT INTO `sys_menu` VALUES (143, 72, '资源中心', '', '', 0, 0, 'icon-Partition', 6, 0, 0, 10000, '2023-01-18 13:52:46', 10000, '2023-01-18 13:53:37');
INSERT INTO `sys_menu` VALUES (144, 142, '调度记录', 'data-development/schedule-record/index', '', 0, 0, 'icon-insertrowabove', 1, 0, 0, 10000, '2023-01-18 15:59:03', 10000, '2023-01-18 15:59:22');
INSERT INTO `sys_menu` VALUES (145, 144, '查询', '', 'data-development:schedule:record:page', 2, 0, '', 0, 0, 0, 10000, '2023-01-18 16:00:04', 10000, '2023-01-18 16:00:04');
INSERT INTO `sys_menu` VALUES (146, 144, '删除', '', 'data-development:schedule:record:delete', 1, 0, '', 1, 0, 0, 10000, '2023-01-18 16:00:30', 10000, '2023-01-18 16:00:30');
INSERT INTO `sys_menu` VALUES (147, 135, '发布', '', 'data-development:schedule:release', 1, 0, '', 5, 0, 0, 10000, '2023-01-19 21:45:38', 10000, '2023-01-19 21:46:34');
INSERT INTO `sys_menu` VALUES (148, 135, '取消发布', '', 'data-development:schedule:cancle', 1, 0, '', 6, 0, 0, 10000, '2023-01-19 21:47:00', 10000, '2023-01-19 21:47:00');
INSERT INTO `sys_menu` VALUES (149, 103, '修改', '', 'data-service:api-group:info,data-service:api-group:update', 2, 0, '', 1, 0, 0, 10000, '2023-01-30 11:41:31', 10000, '2023-02-06 16:04:35');
INSERT INTO `sys_menu` VALUES (150, 103, '删除', '', 'data-service:api-group:delete', 2, 0, '', 3, 0, 0, 10000, '2023-01-30 11:42:01', 10000, '2023-02-06 16:04:50');
INSERT INTO `sys_menu` VALUES (151, 103, '添加', '', 'data-service:api-group:save', 2, 0, '', 2, 0, 0, 10000, '2023-01-30 11:43:09', 10000, '2023-01-30 11:43:09');
INSERT INTO `sys_menu` VALUES (152, 103, '查看API', '', 'data-service:api-config:page', 2, 0, '', 0, 0, 0, 10000, '2023-02-06 16:04:24', 10000, '2023-02-06 16:11:16');
INSERT INTO `sys_menu` VALUES (153, 103, '新增API', '', 'data-service:api-config:save', 1, 0, '', 0, 0, 0, 10000, '2023-02-06 16:12:02', 10000, '2023-02-06 16:12:02');
INSERT INTO `sys_menu` VALUES (154, 103, '修改API', '', 'data-service:api-config:update,data-service:api-config:info', 1, 0, '', 0, 0, 0, 10000, '2023-02-06 16:12:33', 10000, '2023-02-06 16:12:33');
INSERT INTO `sys_menu` VALUES (155, 103, '删除API', '', 'data-service:api-config:delete', 1, 0, '', 0, 0, 0, 10000, '2023-02-06 16:12:58', 10000, '2023-02-14 09:56:38');
INSERT INTO `sys_menu` VALUES (156, 103, '上线', '', 'data-service:api-config:online', 1, 0, '', 0, 0, 0, 10000, '2023-02-15 11:15:52', 10000, '2023-02-15 11:16:23');
INSERT INTO `sys_menu` VALUES (157, 103, '下线', '', 'data-service:api-config:offline', 1, 0, '', 0, 0, 0, 10000, '2023-02-15 11:16:37', 10000, '2023-02-15 11:16:37');
INSERT INTO `sys_menu` VALUES (158, 102, 'API 权限', 'data-service/app/index', '', 0, 0, 'icon-propertysafety', 1, 0, 0, 10000, '2023-02-16 14:48:26', 10000, '2023-02-16 14:56:47');
INSERT INTO `sys_menu` VALUES (159, 158, '查询', '', 'data-service:app:page', 2, 0, '', 0, 0, 0, 10000, '2023-02-16 14:50:15', 10000, '2023-02-16 14:50:15');
INSERT INTO `sys_menu` VALUES (160, 158, '保存', '', 'data-service:app:save', 1, 0, '', 1, 0, 0, 10000, '2023-02-16 14:50:39', 10000, '2023-02-16 14:50:39');
INSERT INTO `sys_menu` VALUES (161, 158, '更新', '', 'data-service:app:update,data-service:app:info', 1, 0, '', 2, 0, 0, 10000, '2023-02-16 14:51:10', 10000, '2023-02-16 14:51:10');
INSERT INTO `sys_menu` VALUES (162, 158, '删除', '', 'data-service:app:delete', 1, 0, '', 3, 0, 0, 10000, '2023-02-16 14:51:28', 10000, '2023-02-16 14:51:39');
INSERT INTO `sys_menu` VALUES (163, 158, '授权', '', 'data-service:app:auth', 1, 0, '', 4, 0, 0, 10000, '2023-02-17 11:37:39', 10000, '2023-02-17 11:37:39');
INSERT INTO `sys_menu` VALUES (164, 158, '取消授权', '', 'data-service:app:cancel-auth', 1, 0, '', 5, 0, 0, 10000, '2023-02-20 14:11:42', 10000, '2023-02-20 14:13:31');
INSERT INTO `sys_menu` VALUES (165, 102, 'API 日志', 'data-service/log/index', '', 0, 0, 'icon-detail', 2, 0, 0, 10000, '2023-02-22 14:47:37', 10000, '2023-02-22 14:48:31');
INSERT INTO `sys_menu` VALUES (166, 165, '查询', '', 'data-service:log:page', 2, 0, '', 0, 0, 0, 10000, '2023-02-22 14:49:07', 10000, '2023-02-22 14:49:07');
INSERT INTO `sys_menu` VALUES (167, 165, '删除', '', 'data-service:log:delete', 1, 0, '', 1, 0, 0, 10000, '2023-02-22 14:49:25', 10000, '2023-02-22 14:49:25');
INSERT INTO `sys_menu` VALUES (168, 94, '查询', '', 'data-governance:metadata-collect:page', 2, 0, '', 0, 0, 0, 10000, '2023-04-03 10:39:26', 10000, '2023-04-03 10:39:26');
INSERT INTO `sys_menu` VALUES (169, 94, '编辑', '', 'data-governance:metadata-collect:info,data-governance:metadata-collect:update', 1, 0, '', 1, 0, 0, 10000, '2023-04-03 10:40:06', 10000, '2023-04-03 10:40:06');
INSERT INTO `sys_menu` VALUES (170, 94, '保存', '', 'data-governance:metadata-collect:save', 1, 0, '', 2, 0, 0, 10000, '2023-04-03 10:40:25', 10000, '2023-04-03 10:40:42');
INSERT INTO `sys_menu` VALUES (171, 94, '删除', '', 'data-governance:metadata-collect:delete', 1, 0, '', 3, 0, 0, 10000, '2023-04-03 10:41:05', 10000, '2023-04-03 10:41:05');
INSERT INTO `sys_menu` VALUES (172, 94, '发布', '', 'data-governance:metadata-collect:release', 1, 0, '', 4, 0, 0, 10000, '2023-04-05 12:21:56', 10000, '2023-04-05 12:21:56');
INSERT INTO `sys_menu` VALUES (173, 94, '取消发布', '', 'data-governance:metadata-collect:cancel', 1, 0, '', 5, 0, 0, 10000, '2023-04-05 12:22:19', 10000, '2023-04-05 12:22:19');
INSERT INTO `sys_menu` VALUES (174, 94, '执行', '', 'data-governance:metadata-collect:hand-run', 1, 0, '', 6, 0, 0, 10000, '2023-04-06 09:59:53', 10000, '2023-04-06 09:59:53');
INSERT INTO `sys_menu` VALUES (175, 91, '数据标准', '', '', 0, 0, 'icon-calculator', 2, 0, 0, 10000, '2023-05-08 09:39:12', 10000, '2023-05-08 09:39:25');
INSERT INTO `sys_menu` VALUES (176, 175, '标准管理', 'data-governance/data-standard/index', '', 0, 0, 'icon-wallet', 0, 0, 0, 10000, '2023-05-08 09:41:37', 10000, '2023-05-08 09:42:17');
INSERT INTO `sys_menu` VALUES (177, 91, '数据质量', '', '', 0, 0, 'icon-creditcard', 3, 0, 0, 10000, '2023-05-28 09:46:54', 10000, '2023-05-28 09:46:54');
INSERT INTO `sys_menu` VALUES (178, 177, '质量规则', 'data-governance/quality-rule/index', '', 0, 0, 'icon-USB-fill', 0, 0, 0, 10000, '2023-05-28 09:47:52', 10000, '2023-05-28 09:47:52');
INSERT INTO `sys_menu` VALUES (179, 177, '规则配置', 'data-governance/quality-rule/rule-category', '', 0, 0, 'icon-formatpainter-fill', 1, 0, 0, 10000, '2023-05-29 10:40:34', 10000, '2023-05-29 10:40:56');
INSERT INTO `sys_menu` VALUES (180, 177, '质量任务', 'data-governance/quality-task/index', '', 0, 0, 'icon-database-fill', 2, 0, 0, 10000, '2023-06-24 21:43:46', 10000, '2023-06-24 21:44:14');
INSERT INTO `sys_menu` VALUES (181, 105, '我的应用', 'data-market/my-app/index', '', 0, 0, 'icon-merge-cells', 3, 0, 0, 10000, '2023-08-23 16:41:34', 10000, '2023-08-23 16:43:20');
INSERT INTO `sys_menu` VALUES (182, 91, '主数据管理', '', '', 0, 0, 'icon-detail', 5, 0, 0, 10000, '2023-09-27 10:29:45', 10000, '2023-09-27 10:30:45');
INSERT INTO `sys_menu` VALUES (183, 182, '主数据模型', 'data-governance/master-data/index', '', 0, 0, 'icon-insertrowleft', 0, 0, 0, 10000, '2023-09-27 10:31:16', 10000, '2023-09-27 10:31:16');
INSERT INTO `sys_menu` VALUES (184, 182, '主数据派发', 'data-governance/master-distribute/index', '', 0, 0, 'icon-send', 1, 0, 0, 10000, '2023-10-08 11:44:45', 10000, '2023-10-08 11:45:06');
INSERT INTO `sys_menu` VALUES (185, 72, '数据表', 'data-development/data-table/index', '', 0, 0, 'icon-insertrowright', 0, 0, 0, 10000, '2023-10-13 09:19:45', 10000, '2023-10-13 09:19:45');
INSERT INTO `sys_menu` VALUES (186, 143, 'JAR 包管理', 'data-development/jar/index', '', 0, 0, 'icon-layout-fill', 2, 0, 0, 10000, '2023-11-13 10:40:10', 10000, '2023-11-13 10:40:10');
INSERT INTO `sys_menu` VALUES (187, 186, '查询', '', 'data-development:jar:page', 2, 0, '', 0, 0, 0, 10000, '2023-11-13 10:41:48', 10000, '2023-11-13 10:41:48');
INSERT INTO `sys_menu` VALUES (188, 186, '新增', '', 'data-development:jar:save', 1, 0, '', 1, 0, 0, 10000, '2023-11-13 10:42:18', 10000, '2023-11-13 10:42:18');
INSERT INTO `sys_menu` VALUES (189, 186, '修改', '', 'data-development:jar:update,data-development:jar:info', 1, 0, '', 2, 0, 0, 10000, '2023-11-13 10:42:59', 10000, '2023-11-13 10:44:02');
INSERT INTO `sys_menu` VALUES (190, 186, '删除', '', 'data-development:jar:delete', 1, 0, '', 3, 0, 0, 10000, '2023-11-13 10:43:18', 10000, '2023-11-13 10:44:07');
INSERT INTO `sys_menu` VALUES (191, 91, '数据标签', '', '', 0, 0, 'icon-formatpainter', 5, 0, 0, 10000, '2023-12-24 12:07:57', 10000, '2023-12-24 12:07:57');
INSERT INTO `sys_menu` VALUES (192, 191, '标签类型', 'data-governance/label-type/index', '', 0, 0, 'icon-rotate-right', 0, 0, 0, 10000, '2023-12-24 12:09:18', 10000, '2023-12-24 12:17:09');
INSERT INTO `sys_menu` VALUES (193, 192, '查询', '', 'data-governance:label-type:page', 2, 0, '', 0, 0, 0, 10000, '2023-12-24 12:10:10', 10000, '2023-12-24 12:10:10');
INSERT INTO `sys_menu` VALUES (194, 192, '新增', '', 'data-governance:label-type:save', 1, 0, '', 1, 0, 0, 10000, '2023-12-24 12:10:32', 10000, '2023-12-24 12:10:45');
INSERT INTO `sys_menu` VALUES (195, 192, '修改', '', 'data-governance:label-type:info,data-governance:label-type:update', 1, 0, '', 2, 0, 0, 10000, '2023-12-24 12:11:15', 10000, '2023-12-24 12:11:15');
INSERT INTO `sys_menu` VALUES (196, 192, '删除', '', 'data-governance:label-type:delete', 1, 0, '', 3, 0, 0, 10000, '2023-12-24 12:11:37', 10000, '2023-12-24 12:11:37');
INSERT INTO `sys_menu` VALUES (197, 191, '标签实体', 'data-governance/label-model/index', '', 0, 0, 'icon-YUAN-circle-fill', 1, 0, 0, 10000, '2023-12-26 18:09:34', 10000, '2023-12-26 18:09:34');
INSERT INTO `sys_menu` VALUES (198, 197, '查询', '', 'data-governance:label-model:page', 2, 0, '', 0, 0, 0, 10000, '2023-12-26 18:10:54', 10000, '2023-12-26 18:10:54');
INSERT INTO `sys_menu` VALUES (199, 197, '新增', '', 'data-governance:label-model:save', 1, 0, '', 1, 0, 0, 10000, '2023-12-26 18:11:15', 10000, '2023-12-26 18:11:15');
INSERT INTO `sys_menu` VALUES (200, 197, '更新', '', 'data-governance:label-model:info,data-governance:label-model:update', 1, 0, '', 2, 0, 0, 10000, '2023-12-26 18:11:44', 10000, '2023-12-26 18:11:44');
INSERT INTO `sys_menu` VALUES (201, 197, '删除', '', 'data-governance:label-model:delete', 1, 0, '', 3, 0, 0, 10000, '2023-12-26 18:12:05', 10000, '2023-12-26 18:12:05');
INSERT INTO `sys_menu` VALUES (202, 191, '标签类目', 'data-governance/label/index', '', 0, 0, 'icon-diff', 2, 0, 0, 10000, '2023-12-26 18:16:04', 10000, '2023-12-26 18:16:04');
INSERT INTO `sys_menu` VALUES (203, 191, '智能查询', 'data-governance/label-query/index', '', 0, 0, 'icon-read', 3, 0, 0, 10000, '2023-12-26 18:17:54', 10000, '2023-12-26 18:17:54');
INSERT INTO `sys_menu` VALUES (204, 0, '供应链管理', '', '', 0, 0, 'icon-Partition', 0, 0, 0, 10000, '2023-12-01 09:16:12', 10000, '2023-12-01 09:20:05');
INSERT INTO `sys_menu` VALUES (205, 204, '供需平衡模拟', 'supply-chain/supply-demand-balance/index', '', 0, 0, '', 1, 0, 0, 10000, '2023-12-01 09:18:15', 10000, '2023-12-01 09:18:15');
INSERT INTO `sys_menu` VALUES (206, 204, '库存模拟与控制', 'supply-chain/inventory-control/index', '', 0, 0, '', 2, 0, 0, 10000, '2023-12-01 09:18:50', 10000, '2023-12-01 09:18:50');
INSERT INTO `sys_menu` VALUES (207, 204, '系统参数配置', 'supply-chain/system-parameter/index', '', 0, 0, '', 0, 0, 0, 10000, '2023-12-01 09:19:35', 10000, '2023-12-01 09:19:35');
INSERT INTO `sys_menu` VALUES (208, 194, '查询', '', 'supply-chain:system_parameter:page', 1, 0, '', 0, 0, 0, 10000, '2023-12-01 09:20:44', 10000, '2023-12-01 09:20:44');
INSERT INTO `sys_menu` VALUES (209, 194, '初始化', '', 'supply-chain:system_parameter:init', 1, 0, '', 0, 0, 0, 10000, '2023-12-01 09:21:25', 10000, '2023-12-01 09:22:44');
INSERT INTO `sys_menu` VALUES (210, 194, '详情', '', 'supply-chain:system_parameter:info', 1, 0, '', 0, 0, 0, 10000, '2023-12-01 09:21:47', 10000, '2023-12-01 09:21:47');
INSERT INTO `sys_menu` VALUES (211, 194, '保存', '', 'supply-chain:system_parameter:save', 1, 0, '', 0, 0, 0, 10000, '2023-12-01 09:22:04', 10000, '2023-12-01 09:22:04');
INSERT INTO `sys_menu` VALUES (212, 194, '修改', '', 'supply-chain:system_parameter:update', 1, 0, '', 0, 0, 0, 10000, '2023-12-01 09:22:21', 10000, '2023-12-01 09:22:21');
INSERT INTO `sys_menu` VALUES (214, 204, '交付周期管理', 'supply-chain/period-tree-view/index', '', 0, 0, '', 3, 0, 0, 10000, '2023-12-30 20:57:18', 10000, '2024-01-08 11:50:50');
INSERT INTO `sys_menu` VALUES (216, 0, '大屏设计器', '', '', 0, 0, 'icon-calculator-fill', 2, 0, 0, 10000, '2023-12-03 00:03:53', 10000, '2023-12-03 00:23:27');
INSERT INTO `sys_menu` VALUES (217, 216, '大屏管理', 'bigscreen/dashboard', '', 0, 0, '', 1, 0, 0, 10000, '2023-12-03 00:05:54', 10000, '2023-12-03 00:06:50');
INSERT INTO `sys_menu` VALUES (218, 216, '资源库', 'bigscreen/resources', '', 0, 0, '', 2, 0, 0, 10000, '2023-12-03 00:07:38', 10000, '2023-12-03 00:09:03');
INSERT INTO `sys_menu` VALUES (219, 216, '组件库', 'bigscreen/components', '', 0, 0, '', 3, 0, 0, 10000, '2023-12-03 00:09:54', 10000, '2023-12-03 00:19:32');
INSERT INTO `sys_menu` VALUES (220, 216, '数据源管理', 'bigscreen/dataSource', '', 0, 0, '', 4, 0, 0, 10000, '2023-12-03 00:10:51', 10000, '2023-12-03 00:20:02');
INSERT INTO `sys_menu` VALUES (221, 216, '数据集管理', 'bigscreen/dataSet', '', 0, 0, '', 5, 0, 0, 10000, '2023-12-03 00:11:30', 10000, '2023-12-03 00:20:32');
INSERT INTO `sys_menu` VALUES (222, 216, '地图数据管理', 'bigscreen/map-data', '', 0, 0, '', 6, 0, 1, 10000, '2023-12-03 00:12:06', 10000, '2023-12-03 00:21:29');
INSERT INTO `sys_menu` VALUES (223, 194, '删除', '', 'supply-chain:system_parameter:delete', 1, 0, '', 0, 0, 0, 10000, '2023-12-01 09:22:36', 10000, '2023-12-01 09:22:36');
INSERT INTO `sys_menu` VALUES (224, 0, '物联网', '', '', 0, 0, 'icon-merge-cells', 3, 0, 0, 10000, '2024-03-25 13:36:04', 10000, '2024-03-26 18:17:25');
INSERT INTO `sys_menu` VALUES (225, 0, '视频监控', '', '', 0, 0, 'icon-formatpainter', 4, 0, 0, 10000, '2024-03-25 13:36:55', 10000, '2024-03-26 18:17:38');
INSERT INTO `sys_menu` VALUES (226, 0, 'AI监管', '', '', 0, 0, 'icon-switchuser', 5, 0, 0, 10000, '2024-03-25 13:37:17', 10000, '2024-03-26 18:18:51');
INSERT INTO `sys_menu` VALUES (227, 224, '设备接入', '', '', 0, 0, '', 0, 0, 0, 10000, '2024-03-26 18:21:58', 10000, '2024-03-26 18:21:58');
INSERT INTO `sys_menu` VALUES (228, 224, 'OTA', '', '', 0, 0, '', 0, 0, 0, 10000, '2024-03-26 18:22:21', 10000, '2024-03-26 18:22:21');
INSERT INTO `sys_menu` VALUES (229, 224, '规则引擎', '', '', 0, 0, '', 0, 0, 0, 10000, '2024-03-26 18:22:56', 10000, '2024-03-26 18:22:56');
INSERT INTO `sys_menu` VALUES (230, 224, '消息中心', '', '', 0, 0, '', 0, 0, 0, 10000, '2024-03-26 18:23:24', 10000, '2024-03-26 18:23:24');
INSERT INTO `sys_menu` VALUES (231, 224, '通道管理', '', '', 0, 0, '', 0, 0, 0, 10000, '2024-03-26 18:23:41', 10000, '2024-03-26 18:23:41');
INSERT INTO `sys_menu` VALUES (232, 224, '告警中心', '', '', 0, 0, '', 0, 0, 0, 10000, '2024-03-26 18:23:52', 10000, '2024-03-26 18:23:52');
INSERT INTO `sys_menu` VALUES (233, 224, '租户管理', '', '', 0, 0, '', 0, 0, 0, 10000, '2024-03-26 18:24:05', 10000, '2024-03-26 18:24:05');

-- ----------------------------
-- Table structure for sys_org
-- ----------------------------
DROP TABLE IF EXISTS `sys_org`;
CREATE TABLE `sys_org`  (
  `id` bigint(0) NOT NULL AUTO_INCREMENT COMMENT 'id',
  `pid` bigint(0) NULL DEFAULT NULL COMMENT '上级ID',
  `name` varchar(50) CHARACTER SET utf8mb4 COLLATE utf8mb4_0900_ai_ci NULL DEFAULT NULL COMMENT '机构名称',
  `sort` int(0) NULL DEFAULT NULL COMMENT '排序',
  `version` int(0) NULL DEFAULT NULL COMMENT '版本号',
  `deleted` tinyint(0) NULL DEFAULT NULL COMMENT '删除标识  0：正常   1：已删除',
  `project_id` bigint(0) NOT NULL COMMENT '项目id',
  `creator` bigint(0) NULL DEFAULT NULL COMMENT '创建者',
  `create_time` datetime(0) NULL DEFAULT NULL COMMENT '创建时间',
  `updater` bigint(0) NULL DEFAULT NULL COMMENT '更新者',
  `update_time` datetime(0) NULL DEFAULT NULL COMMENT '更新时间',
  PRIMARY KEY (`id`) USING BTREE,
  INDEX `idx_pid`(`pid`) USING BTREE
) ENGINE = InnoDB AUTO_INCREMENT = 8 CHARACTER SET = utf8mb4 COLLATE = utf8mb4_0900_ai_ci COMMENT = '机构管理' ROW_FORMAT = DYNAMIC;

-- ----------------------------
-- Records of sys_org
-- ----------------------------
INSERT INTO `sys_org` VALUES (1, 0, '测试机构', 0, 0, 0, 10002, 10000, '2022-10-08 11:16:10', 10000, '2022-10-08 11:16:10');
INSERT INTO `sys_org` VALUES (2, 0, '测试项目2机构', 0, 0, 0, 10004, 10000, '2022-11-25 19:59:21', 10000, '2022-11-25 19:59:21');
INSERT INTO `sys_org` VALUES (3, 2, '测试项目2子机构', 0, 0, 0, 10004, 10000, '2022-11-25 19:59:38', 10000, '2022-11-25 19:59:38');
INSERT INTO `sys_org` VALUES (4, 0, '测试机构2', 0, 0, 0, 10002, 10000, '2023-10-30 11:02:49', 10000, '2023-10-30 11:02:49');
INSERT INTO `sys_org` VALUES (5, 1, '测试机构子机构', 0, 0, 0, 10002, 10000, '2023-10-30 11:02:58', 10000, '2023-10-30 11:02:58');
INSERT INTO `sys_org` VALUES (6, 1, '测试机构权限2', 0, 0, 0, 10002, 10003, '2023-11-10 15:33:14', 10003, '2023-11-10 15:33:42');
INSERT INTO `sys_org` VALUES (7, 0, 'doris机构', 0, 0, 0, 10009, 10000, '2023-11-16 17:40:25', 10000, '2023-11-16 17:40:25');

-- ----------------------------
-- Table structure for sys_post
-- ----------------------------
DROP TABLE IF EXISTS `sys_post`;
CREATE TABLE `sys_post`  (
  `id` bigint(0) NOT NULL AUTO_INCREMENT COMMENT 'id',
  `post_code` varchar(100) CHARACTER SET utf8mb4 COLLATE utf8mb4_0900_ai_ci NULL DEFAULT NULL COMMENT '岗位编码',
  `post_name` varchar(100) CHARACTER SET utf8mb4 COLLATE utf8mb4_0900_ai_ci NULL DEFAULT NULL COMMENT '岗位名称',
  `sort` int(0) NULL DEFAULT NULL COMMENT '排序',
  `status` tinyint(0) NULL DEFAULT NULL COMMENT '状态  0：停用   1：正常',
  `project_id` bigint(0) NOT NULL COMMENT '项目id',
  `version` int(0) NULL DEFAULT NULL COMMENT '版本号',
  `deleted` tinyint(0) NULL DEFAULT NULL COMMENT '删除标识  0：正常   1：已删除',
  `creator` bigint(0) NULL DEFAULT NULL COMMENT '创建者',
  `create_time` datetime(0) NULL DEFAULT NULL COMMENT '创建时间',
  `updater` bigint(0) NULL DEFAULT NULL COMMENT '更新者',
  `update_time` datetime(0) NULL DEFAULT NULL COMMENT '更新时间',
  PRIMARY KEY (`id`) USING BTREE
) ENGINE = InnoDB AUTO_INCREMENT = 3 CHARACTER SET = utf8mb4 COLLATE = utf8mb4_0900_ai_ci COMMENT = '岗位管理' ROW_FORMAT = DYNAMIC;

-- ----------------------------
-- Records of sys_post
-- ----------------------------
INSERT INTO `sys_post` VALUES (1, 'test', '测试岗位', 0, 1, 10002, 0, 0, 10000, '2022-10-08 11:16:25', 10000, '2022-10-08 11:16:25');
INSERT INTO `sys_post` VALUES (2, '测试项目2岗位', '测试项目2', 0, 1, 10004, 0, 0, 10000, '2022-11-25 19:59:59', 10000, '2022-11-25 20:00:09');

-- ----------------------------
-- Table structure for sys_role
-- ----------------------------
DROP TABLE IF EXISTS `sys_role`;
CREATE TABLE `sys_role`  (
  `id` bigint(0) NOT NULL AUTO_INCREMENT COMMENT 'id',
  `name` varchar(50) CHARACTER SET utf8mb4 COLLATE utf8mb4_0900_ai_ci NULL DEFAULT NULL COMMENT '角色名称',
  `remark` varchar(100) CHARACTER SET utf8mb4 COLLATE utf8mb4_0900_ai_ci NULL DEFAULT NULL COMMENT '备注',
  `data_scope` tinyint(0) NULL DEFAULT NULL COMMENT '数据范围  0：全部数据  1：本部门及子部门数据  2：本部门数据  3：本人数据  4：自定义数据',
  `org_id` bigint(0) NULL DEFAULT NULL COMMENT '机构ID',
  `project_id` int(0) NOT NULL COMMENT '项目id',
  `version` int(0) NULL DEFAULT NULL COMMENT '版本号',
  `deleted` tinyint(0) NULL DEFAULT NULL COMMENT '删除标识  0：正常   1：已删除',
  `creator` bigint(0) NULL DEFAULT NULL COMMENT '创建者',
  `create_time` datetime(0) NULL DEFAULT NULL COMMENT '创建时间',
  `updater` bigint(0) NULL DEFAULT NULL COMMENT '更新者',
  `update_time` datetime(0) NULL DEFAULT NULL COMMENT '更新时间',
  PRIMARY KEY (`id`) USING BTREE,
  INDEX `idx_org_id`(`org_id`) USING BTREE
) ENGINE = InnoDB AUTO_INCREMENT = 5 CHARACTER SET = utf8mb4 COLLATE = utf8mb4_0900_ai_ci COMMENT = '角色管理' ROW_FORMAT = DYNAMIC;

-- ----------------------------
-- Records of sys_role
-- ----------------------------
INSERT INTO `sys_role` VALUES (1, '测试角色', '', 3, NULL, 10002, 0, 1, 10000, '2022-10-08 11:16:41', 10000, '2022-11-25 20:01:43');
INSERT INTO `sys_role` VALUES (2, '测试项目2管理员', '测试项目2管理员', 0, NULL, 10004, 0, 0, 10000, '2022-11-25 20:01:22', 10000, '2022-11-26 12:09:12');
INSERT INTO `sys_role` VALUES (3, '测试项目角色', '测试项目角色', 4, NULL, 10002, 5, 0, 10000, '2022-11-25 20:10:26', 10000, '2024-01-24 18:39:48');
INSERT INTO `sys_role` VALUES (4, 'cas用户', 'cas用户', 0, NULL, 10002, 0, 0, 10003, '2023-10-23 11:29:44', 10003, '2023-10-23 11:29:44');

-- ----------------------------
-- Table structure for sys_role_data_scope
-- ----------------------------
DROP TABLE IF EXISTS `sys_role_data_scope`;
CREATE TABLE `sys_role_data_scope`  (
  `id` bigint(0) NOT NULL AUTO_INCREMENT COMMENT 'id',
  `role_id` bigint(0) NULL DEFAULT NULL COMMENT '角色ID',
  `org_id` bigint(0) NULL DEFAULT NULL COMMENT '机构ID',
  `version` int(0) NULL DEFAULT NULL COMMENT '版本号',
  `deleted` tinyint(0) NULL DEFAULT NULL COMMENT '删除标识  0：正常   1：已删除',
  `creator` bigint(0) NULL DEFAULT NULL COMMENT '创建者',
  `create_time` datetime(0) NULL DEFAULT NULL COMMENT '创建时间',
  `updater` bigint(0) NULL DEFAULT NULL COMMENT '更新者',
  `update_time` datetime(0) NULL DEFAULT NULL COMMENT '更新时间',
  PRIMARY KEY (`id`) USING BTREE,
  INDEX `idx_role_id`(`role_id`) USING BTREE
) ENGINE = InnoDB AUTO_INCREMENT = 4 CHARACTER SET = utf8mb4 COLLATE = utf8mb4_0900_ai_ci COMMENT = '角色数据权限' ROW_FORMAT = DYNAMIC;

-- ----------------------------
-- Records of sys_role_data_scope
-- ----------------------------
INSERT INTO `sys_role_data_scope` VALUES (1, 3, 6, 0, 0, 10003, '2023-11-10 15:34:35', 10003, '2023-11-10 15:34:35');
INSERT INTO `sys_role_data_scope` VALUES (2, 3, 1, 0, 0, 10000, '2023-11-18 22:29:21', 10000, '2023-11-18 22:29:21');
INSERT INTO `sys_role_data_scope` VALUES (3, 3, 5, 0, 0, 10000, '2023-11-18 22:29:21', 10000, '2023-11-18 22:29:21');

-- ----------------------------
-- Table structure for sys_role_menu
-- ----------------------------
DROP TABLE IF EXISTS `sys_role_menu`;
CREATE TABLE `sys_role_menu`  (
  `id` bigint(0) NOT NULL AUTO_INCREMENT COMMENT 'id',
  `role_id` bigint(0) NULL DEFAULT NULL COMMENT '角色ID',
  `menu_id` bigint(0) NULL DEFAULT NULL COMMENT '菜单ID',
  `version` int(0) NULL DEFAULT NULL COMMENT '版本号',
  `deleted` tinyint(0) NULL DEFAULT NULL COMMENT '删除标识  0：正常   1：已删除',
  `creator` bigint(0) NULL DEFAULT NULL COMMENT '创建者',
  `create_time` datetime(0) NULL DEFAULT NULL COMMENT '创建时间',
  `updater` bigint(0) NULL DEFAULT NULL COMMENT '更新者',
  `update_time` datetime(0) NULL DEFAULT NULL COMMENT '更新时间',
  PRIMARY KEY (`id`) USING BTREE,
  INDEX `idx_role_id`(`role_id`) USING BTREE,
  INDEX `idx_menu_id`(`menu_id`) USING BTREE
) ENGINE = InnoDB AUTO_INCREMENT = 468 CHARACTER SET = utf8mb4 COLLATE = utf8mb4_0900_ai_ci COMMENT = '角色菜单关系' ROW_FORMAT = DYNAMIC;

-- ----------------------------
-- Records of sys_role_menu
-- ----------------------------
INSERT INTO `sys_role_menu` VALUES (1, 1, 54, 0, 1, 10000, '2022-10-08 11:16:41', 10000, '2022-10-08 11:16:41');
INSERT INTO `sys_role_menu` VALUES (2, 1, 55, 0, 1, 10000, '2022-10-08 11:16:41', 10000, '2022-10-08 11:16:41');
INSERT INTO `sys_role_menu` VALUES (3, 1, 57, 0, 1, 10000, '2022-10-08 11:16:41', 10000, '2022-10-08 11:16:41');
INSERT INTO `sys_role_menu` VALUES (4, 1, 61, 0, 1, 10000, '2022-10-08 11:16:41', 10000, '2022-10-08 11:16:41');
INSERT INTO `sys_role_menu` VALUES (5, 1, 58, 0, 1, 10000, '2022-10-08 11:16:41', 10000, '2022-10-08 11:16:41');
INSERT INTO `sys_role_menu` VALUES (6, 1, 59, 0, 1, 10000, '2022-10-08 11:16:41', 10000, '2022-10-08 11:16:41');
INSERT INTO `sys_role_menu` VALUES (7, 1, 60, 0, 1, 10000, '2022-10-08 11:16:41', 10000, '2022-10-08 11:16:41');
INSERT INTO `sys_role_menu` VALUES (8, 1, 62, 0, 1, 10000, '2022-10-08 11:16:41', 10000, '2022-10-08 11:16:41');
INSERT INTO `sys_role_menu` VALUES (9, 1, 56, 0, 1, 10000, '2022-10-08 11:16:41', 10000, '2022-10-08 11:16:41');
INSERT INTO `sys_role_menu` VALUES (10, 1, 63, 0, 1, 10000, '2022-10-17 13:49:02', 10000, '2022-10-17 13:49:02');
INSERT INTO `sys_role_menu` VALUES (11, 2, 1, 0, 0, 10000, '2022-11-25 20:01:22', 10000, '2022-11-25 20:01:22');
INSERT INTO `sys_role_menu` VALUES (12, 2, 2, 0, 0, 10000, '2022-11-25 20:01:22', 10000, '2022-11-25 20:01:22');
INSERT INTO `sys_role_menu` VALUES (13, 2, 67, 0, 0, 10000, '2022-11-25 20:01:22', 10000, '2022-11-25 20:01:22');
INSERT INTO `sys_role_menu` VALUES (14, 2, 68, 0, 0, 10000, '2022-11-25 20:01:22', 10000, '2022-11-25 20:01:22');
INSERT INTO `sys_role_menu` VALUES (15, 2, 80, 0, 0, 10000, '2022-11-25 20:01:22', 10000, '2022-11-25 20:01:22');
INSERT INTO `sys_role_menu` VALUES (16, 2, 81, 0, 0, 10000, '2022-11-25 20:01:22', 10000, '2022-11-25 20:01:22');
INSERT INTO `sys_role_menu` VALUES (17, 2, 82, 0, 0, 10000, '2022-11-25 20:01:22', 10000, '2022-11-25 20:01:22');
INSERT INTO `sys_role_menu` VALUES (18, 2, 83, 0, 0, 10000, '2022-11-25 20:01:22', 10000, '2022-11-25 20:01:22');
INSERT INTO `sys_role_menu` VALUES (19, 2, 69, 0, 0, 10000, '2022-11-25 20:01:22', 10000, '2022-11-25 20:01:22');
INSERT INTO `sys_role_menu` VALUES (20, 2, 110, 0, 0, 10000, '2022-11-25 20:01:22', 10000, '2022-11-25 20:01:22');
INSERT INTO `sys_role_menu` VALUES (21, 2, 111, 0, 0, 10000, '2022-11-25 20:01:22', 10000, '2022-11-25 20:01:22');
INSERT INTO `sys_role_menu` VALUES (22, 2, 112, 0, 0, 10000, '2022-11-25 20:01:22', 10000, '2022-11-25 20:01:22');
INSERT INTO `sys_role_menu` VALUES (23, 2, 113, 0, 0, 10000, '2022-11-25 20:01:22', 10000, '2022-11-25 20:01:22');
INSERT INTO `sys_role_menu` VALUES (24, 2, 114, 0, 0, 10000, '2022-11-25 20:01:22', 10000, '2022-11-25 20:01:22');
INSERT INTO `sys_role_menu` VALUES (25, 2, 115, 0, 0, 10000, '2022-11-25 20:01:22', 10000, '2022-11-25 20:01:22');
INSERT INTO `sys_role_menu` VALUES (26, 2, 116, 0, 0, 10000, '2022-11-25 20:01:22', 10000, '2022-11-25 20:01:22');
INSERT INTO `sys_role_menu` VALUES (27, 2, 70, 0, 0, 10000, '2022-11-25 20:01:22', 10000, '2022-11-25 20:01:22');
INSERT INTO `sys_role_menu` VALUES (28, 2, 85, 0, 0, 10000, '2022-11-25 20:01:22', 10000, '2022-11-25 20:01:22');
INSERT INTO `sys_role_menu` VALUES (29, 2, 84, 0, 0, 10000, '2022-11-25 20:01:22', 10000, '2022-11-25 20:01:22');
INSERT INTO `sys_role_menu` VALUES (30, 2, 86, 0, 0, 10000, '2022-11-25 20:01:22', 10000, '2022-11-25 20:01:22');
INSERT INTO `sys_role_menu` VALUES (31, 2, 87, 0, 0, 10000, '2022-11-25 20:01:22', 10000, '2022-11-25 20:01:22');
INSERT INTO `sys_role_menu` VALUES (32, 2, 88, 0, 0, 10000, '2022-11-25 20:01:22', 10000, '2022-11-25 20:01:22');
INSERT INTO `sys_role_menu` VALUES (33, 2, 89, 0, 0, 10000, '2022-11-25 20:01:22', 10000, '2022-11-25 20:01:22');
INSERT INTO `sys_role_menu` VALUES (34, 2, 90, 0, 0, 10000, '2022-11-25 20:01:22', 10000, '2022-11-25 20:01:22');
INSERT INTO `sys_role_menu` VALUES (35, 2, 71, 0, 0, 10000, '2022-11-25 20:01:22', 10000, '2022-11-25 20:01:22');
INSERT INTO `sys_role_menu` VALUES (36, 2, 72, 0, 0, 10000, '2022-11-25 20:01:22', 10000, '2022-11-25 20:01:22');
INSERT INTO `sys_role_menu` VALUES (37, 2, 73, 0, 1, 10000, '2022-11-25 20:01:22', 10000, '2022-11-25 20:01:22');
INSERT INTO `sys_role_menu` VALUES (38, 2, 74, 0, 1, 10000, '2022-11-25 20:01:22', 10000, '2022-11-25 20:01:22');
INSERT INTO `sys_role_menu` VALUES (39, 2, 75, 0, 1, 10000, '2022-11-25 20:01:22', 10000, '2022-11-25 20:01:22');
INSERT INTO `sys_role_menu` VALUES (40, 2, 76, 0, 1, 10000, '2022-11-25 20:01:22', 10000, '2022-11-25 20:01:22');
INSERT INTO `sys_role_menu` VALUES (41, 2, 77, 0, 1, 10000, '2022-11-25 20:01:22', 10000, '2022-11-25 20:01:22');
INSERT INTO `sys_role_menu` VALUES (42, 2, 78, 0, 0, 10000, '2022-11-25 20:01:22', 10000, '2022-11-25 20:01:22');
INSERT INTO `sys_role_menu` VALUES (43, 2, 79, 0, 1, 10000, '2022-11-25 20:01:22', 10000, '2022-11-25 20:01:22');
INSERT INTO `sys_role_menu` VALUES (44, 2, 91, 0, 1, 10000, '2022-11-25 20:01:22', 10000, '2022-11-25 20:01:22');
INSERT INTO `sys_role_menu` VALUES (45, 2, 92, 0, 1, 10000, '2022-11-25 20:01:22', 10000, '2022-11-25 20:01:22');
INSERT INTO `sys_role_menu` VALUES (46, 2, 93, 0, 1, 10000, '2022-11-25 20:01:22', 10000, '2022-11-25 20:01:22');
INSERT INTO `sys_role_menu` VALUES (47, 2, 94, 0, 1, 10000, '2022-11-25 20:01:22', 10000, '2022-11-25 20:01:22');
INSERT INTO `sys_role_menu` VALUES (48, 2, 97, 0, 1, 10000, '2022-11-25 20:01:22', 10000, '2022-11-25 20:01:22');
INSERT INTO `sys_role_menu` VALUES (49, 2, 98, 0, 1, 10000, '2022-11-25 20:01:22', 10000, '2022-11-25 20:01:22');
INSERT INTO `sys_role_menu` VALUES (50, 2, 99, 0, 1, 10000, '2022-11-25 20:01:22', 10000, '2022-11-25 20:01:22');
INSERT INTO `sys_role_menu` VALUES (51, 2, 100, 0, 1, 10000, '2022-11-25 20:01:22', 10000, '2022-11-25 20:01:22');
INSERT INTO `sys_role_menu` VALUES (52, 2, 101, 0, 1, 10000, '2022-11-25 20:01:22', 10000, '2022-11-25 20:01:22');
INSERT INTO `sys_role_menu` VALUES (53, 2, 102, 0, 1, 10000, '2022-11-25 20:01:22', 10000, '2022-11-25 20:01:22');
INSERT INTO `sys_role_menu` VALUES (54, 2, 103, 0, 1, 10000, '2022-11-25 20:01:22', 10000, '2022-11-25 20:01:22');
INSERT INTO `sys_role_menu` VALUES (55, 2, 104, 0, 1, 10000, '2022-11-25 20:01:22', 10000, '2022-11-25 20:01:22');
INSERT INTO `sys_role_menu` VALUES (56, 2, 105, 0, 1, 10000, '2022-11-25 20:01:22', 10000, '2022-11-25 20:01:22');
INSERT INTO `sys_role_menu` VALUES (57, 2, 106, 0, 1, 10000, '2022-11-25 20:01:22', 10000, '2022-11-25 20:01:22');
INSERT INTO `sys_role_menu` VALUES (58, 2, 107, 0, 1, 10000, '2022-11-25 20:01:22', 10000, '2022-11-25 20:01:22');
INSERT INTO `sys_role_menu` VALUES (59, 2, 108, 0, 1, 10000, '2022-11-25 20:01:22', 10000, '2022-11-25 20:01:22');
INSERT INTO `sys_role_menu` VALUES (60, 2, 109, 0, 1, 10000, '2022-11-25 20:01:22', 10000, '2022-11-25 20:01:22');
INSERT INTO `sys_role_menu` VALUES (61, 2, 54, 0, 0, 10000, '2022-11-25 20:01:22', 10000, '2022-11-25 20:01:22');
INSERT INTO `sys_role_menu` VALUES (62, 2, 55, 0, 0, 10000, '2022-11-25 20:01:22', 10000, '2022-11-25 20:01:22');
INSERT INTO `sys_role_menu` VALUES (63, 2, 57, 0, 0, 10000, '2022-11-25 20:01:22', 10000, '2022-11-25 20:01:22');
INSERT INTO `sys_role_menu` VALUES (64, 2, 61, 0, 0, 10000, '2022-11-25 20:01:22', 10000, '2022-11-25 20:01:22');
INSERT INTO `sys_role_menu` VALUES (65, 2, 58, 0, 0, 10000, '2022-11-25 20:01:22', 10000, '2022-11-25 20:01:22');
INSERT INTO `sys_role_menu` VALUES (66, 2, 59, 0, 0, 10000, '2022-11-25 20:01:22', 10000, '2022-11-25 20:01:22');
INSERT INTO `sys_role_menu` VALUES (67, 2, 60, 0, 0, 10000, '2022-11-25 20:01:22', 10000, '2022-11-25 20:01:22');
INSERT INTO `sys_role_menu` VALUES (68, 2, 62, 0, 0, 10000, '2022-11-25 20:01:22', 10000, '2022-11-25 20:01:22');
INSERT INTO `sys_role_menu` VALUES (69, 2, 56, 0, 0, 10000, '2022-11-25 20:01:22', 10000, '2022-11-25 20:01:22');
INSERT INTO `sys_role_menu` VALUES (70, 2, 63, 0, 0, 10000, '2022-11-25 20:01:22', 10000, '2022-11-25 20:01:22');
INSERT INTO `sys_role_menu` VALUES (71, 2, 66, 0, 0, 10000, '2022-11-25 20:01:22', 10000, '2022-11-25 20:01:22');
INSERT INTO `sys_role_menu` VALUES (72, 2, 33, 0, 1, 10000, '2022-11-25 20:01:22', 10000, '2022-11-25 20:01:22');
INSERT INTO `sys_role_menu` VALUES (73, 2, 40, 0, 1, 10000, '2022-11-25 20:01:22', 10000, '2022-11-25 20:01:22');
INSERT INTO `sys_role_menu` VALUES (74, 2, 42, 0, 1, 10000, '2022-11-25 20:01:22', 10000, '2022-11-25 20:01:22');
INSERT INTO `sys_role_menu` VALUES (75, 2, 43, 0, 1, 10000, '2022-11-25 20:01:22', 10000, '2022-11-25 20:01:22');
INSERT INTO `sys_role_menu` VALUES (76, 2, 44, 0, 1, 10000, '2022-11-25 20:01:22', 10000, '2022-11-25 20:01:22');
INSERT INTO `sys_role_menu` VALUES (77, 2, 45, 0, 1, 10000, '2022-11-25 20:01:22', 10000, '2022-11-25 20:01:22');
INSERT INTO `sys_role_menu` VALUES (78, 2, 46, 0, 1, 10000, '2022-11-25 20:01:22', 10000, '2022-11-25 20:01:22');
INSERT INTO `sys_role_menu` VALUES (79, 2, 41, 0, 1, 10000, '2022-11-25 20:01:22', 10000, '2022-11-25 20:01:22');
INSERT INTO `sys_role_menu` VALUES (80, 2, 38, 0, 1, 10000, '2022-11-25 20:01:22', 10000, '2022-11-25 20:01:22');
INSERT INTO `sys_role_menu` VALUES (81, 2, 39, 0, 1, 10000, '2022-11-25 20:01:22', 10000, '2022-11-25 20:01:22');
INSERT INTO `sys_role_menu` VALUES (82, 2, 3, 0, 0, 10000, '2022-11-25 20:01:22', 10000, '2022-11-25 20:01:22');
INSERT INTO `sys_role_menu` VALUES (83, 2, 28, 0, 0, 10000, '2022-11-25 20:01:22', 10000, '2022-11-25 20:01:22');
INSERT INTO `sys_role_menu` VALUES (84, 2, 29, 0, 0, 10000, '2022-11-25 20:01:22', 10000, '2022-11-25 20:01:22');
INSERT INTO `sys_role_menu` VALUES (85, 2, 30, 0, 0, 10000, '2022-11-25 20:01:22', 10000, '2022-11-25 20:01:22');
INSERT INTO `sys_role_menu` VALUES (86, 2, 31, 0, 0, 10000, '2022-11-25 20:01:22', 10000, '2022-11-25 20:01:22');
INSERT INTO `sys_role_menu` VALUES (87, 2, 32, 0, 0, 10000, '2022-11-25 20:01:22', 10000, '2022-11-25 20:01:22');
INSERT INTO `sys_role_menu` VALUES (88, 2, 18, 0, 0, 10000, '2022-11-25 20:01:22', 10000, '2022-11-25 20:01:22');
INSERT INTO `sys_role_menu` VALUES (89, 2, 19, 0, 0, 10000, '2022-11-25 20:01:22', 10000, '2022-11-25 20:01:22');
INSERT INTO `sys_role_menu` VALUES (90, 2, 20, 0, 0, 10000, '2022-11-25 20:01:22', 10000, '2022-11-25 20:01:22');
INSERT INTO `sys_role_menu` VALUES (91, 2, 21, 0, 0, 10000, '2022-11-25 20:01:22', 10000, '2022-11-25 20:01:22');
INSERT INTO `sys_role_menu` VALUES (92, 2, 22, 0, 0, 10000, '2022-11-25 20:01:22', 10000, '2022-11-25 20:01:22');
INSERT INTO `sys_role_menu` VALUES (93, 2, 13, 0, 0, 10000, '2022-11-25 20:01:22', 10000, '2022-11-25 20:01:22');
INSERT INTO `sys_role_menu` VALUES (94, 2, 14, 0, 0, 10000, '2022-11-25 20:01:22', 10000, '2022-11-25 20:01:22');
INSERT INTO `sys_role_menu` VALUES (95, 2, 15, 0, 0, 10000, '2022-11-25 20:01:22', 10000, '2022-11-25 20:01:22');
INSERT INTO `sys_role_menu` VALUES (96, 2, 16, 0, 0, 10000, '2022-11-25 20:01:22', 10000, '2022-11-25 20:01:22');
INSERT INTO `sys_role_menu` VALUES (97, 2, 17, 0, 0, 10000, '2022-11-25 20:01:22', 10000, '2022-11-25 20:01:22');
INSERT INTO `sys_role_menu` VALUES (98, 2, 23, 0, 0, 10000, '2022-11-25 20:01:22', 10000, '2022-11-25 20:01:22');
INSERT INTO `sys_role_menu` VALUES (99, 2, 24, 0, 0, 10000, '2022-11-25 20:01:22', 10000, '2022-11-25 20:01:22');
INSERT INTO `sys_role_menu` VALUES (100, 2, 25, 0, 0, 10000, '2022-11-25 20:01:22', 10000, '2022-11-25 20:01:22');
INSERT INTO `sys_role_menu` VALUES (101, 2, 26, 0, 1, 10000, '2022-11-25 20:01:22', 10000, '2022-11-25 20:01:22');
INSERT INTO `sys_role_menu` VALUES (102, 2, 27, 0, 0, 10000, '2022-11-25 20:01:22', 10000, '2022-11-25 20:01:22');
INSERT INTO `sys_role_menu` VALUES (103, 3, 54, 0, 0, 10000, '2022-11-25 20:10:26', 10000, '2022-11-25 20:10:26');
INSERT INTO `sys_role_menu` VALUES (104, 3, 55, 0, 0, 10000, '2022-11-25 20:10:26', 10000, '2022-11-25 20:10:26');
INSERT INTO `sys_role_menu` VALUES (105, 3, 56, 0, 0, 10000, '2022-11-25 20:10:26', 10000, '2022-11-25 20:10:26');
INSERT INTO `sys_role_menu` VALUES (106, 3, 1, 0, 0, 10000, '2022-11-25 20:10:26', 10000, '2022-11-25 20:10:26');
INSERT INTO `sys_role_menu` VALUES (107, 3, 2, 0, 1, 10000, '2022-11-25 20:10:26', 10000, '2022-11-25 20:10:26');
INSERT INTO `sys_role_menu` VALUES (108, 3, 67, 0, 0, 10000, '2022-11-25 20:10:26', 10000, '2022-11-25 20:10:26');
INSERT INTO `sys_role_menu` VALUES (109, 3, 68, 0, 0, 10000, '2022-11-25 20:10:26', 10000, '2022-11-25 20:10:26');
INSERT INTO `sys_role_menu` VALUES (110, 3, 80, 0, 0, 10000, '2022-11-25 20:10:26', 10000, '2022-11-25 20:10:26');
INSERT INTO `sys_role_menu` VALUES (111, 3, 81, 0, 0, 10000, '2022-11-25 20:10:26', 10000, '2022-11-25 20:10:26');
INSERT INTO `sys_role_menu` VALUES (112, 3, 82, 0, 0, 10000, '2022-11-25 20:10:26', 10000, '2022-11-25 20:10:26');
INSERT INTO `sys_role_menu` VALUES (113, 3, 83, 0, 0, 10000, '2022-11-25 20:10:26', 10000, '2022-11-25 20:10:26');
INSERT INTO `sys_role_menu` VALUES (114, 3, 69, 0, 0, 10000, '2022-11-25 20:10:26', 10000, '2022-11-25 20:10:26');
INSERT INTO `sys_role_menu` VALUES (115, 3, 110, 0, 0, 10000, '2022-11-25 20:10:26', 10000, '2022-11-25 20:10:26');
INSERT INTO `sys_role_menu` VALUES (116, 3, 111, 0, 0, 10000, '2022-11-25 20:10:26', 10000, '2022-11-25 20:10:26');
INSERT INTO `sys_role_menu` VALUES (117, 3, 112, 0, 0, 10000, '2022-11-25 20:10:26', 10000, '2022-11-25 20:10:26');
INSERT INTO `sys_role_menu` VALUES (118, 3, 113, 0, 0, 10000, '2022-11-25 20:10:26', 10000, '2022-11-25 20:10:26');
INSERT INTO `sys_role_menu` VALUES (119, 3, 114, 0, 0, 10000, '2022-11-25 20:10:26', 10000, '2022-11-25 20:10:26');
INSERT INTO `sys_role_menu` VALUES (120, 3, 115, 0, 0, 10000, '2022-11-25 20:10:26', 10000, '2022-11-25 20:10:26');
INSERT INTO `sys_role_menu` VALUES (121, 3, 116, 0, 0, 10000, '2022-11-25 20:10:26', 10000, '2022-11-25 20:10:26');
INSERT INTO `sys_role_menu` VALUES (122, 3, 70, 0, 0, 10000, '2022-11-25 20:10:26', 10000, '2022-11-25 20:10:26');
INSERT INTO `sys_role_menu` VALUES (123, 3, 85, 0, 0, 10000, '2022-11-25 20:10:26', 10000, '2022-11-25 20:10:26');
INSERT INTO `sys_role_menu` VALUES (124, 3, 84, 0, 0, 10000, '2022-11-25 20:10:26', 10000, '2022-11-25 20:10:26');
INSERT INTO `sys_role_menu` VALUES (125, 3, 86, 0, 0, 10000, '2022-11-25 20:10:26', 10000, '2022-11-25 20:10:26');
INSERT INTO `sys_role_menu` VALUES (126, 3, 87, 0, 0, 10000, '2022-11-25 20:10:26', 10000, '2022-11-25 20:10:26');
INSERT INTO `sys_role_menu` VALUES (127, 3, 88, 0, 0, 10000, '2022-11-25 20:10:26', 10000, '2022-11-25 20:10:26');
INSERT INTO `sys_role_menu` VALUES (128, 3, 89, 0, 0, 10000, '2022-11-25 20:10:26', 10000, '2022-11-25 20:10:26');
INSERT INTO `sys_role_menu` VALUES (129, 3, 90, 0, 0, 10000, '2022-11-25 20:10:26', 10000, '2022-11-25 20:10:26');
INSERT INTO `sys_role_menu` VALUES (130, 3, 71, 0, 0, 10000, '2022-11-25 20:10:26', 10000, '2022-11-25 20:10:26');
INSERT INTO `sys_role_menu` VALUES (131, 3, 72, 0, 0, 10000, '2022-11-25 20:10:26', 10000, '2022-11-25 20:10:26');
INSERT INTO `sys_role_menu` VALUES (132, 3, 73, 0, 1, 10000, '2022-11-25 20:10:26', 10000, '2022-11-25 20:10:26');
INSERT INTO `sys_role_menu` VALUES (133, 3, 74, 0, 1, 10000, '2022-11-25 20:10:26', 10000, '2022-11-25 20:10:26');
INSERT INTO `sys_role_menu` VALUES (134, 3, 75, 0, 1, 10000, '2022-11-25 20:10:26', 10000, '2022-11-25 20:10:26');
INSERT INTO `sys_role_menu` VALUES (135, 3, 76, 0, 1, 10000, '2022-11-25 20:10:26', 10000, '2022-11-25 20:10:26');
INSERT INTO `sys_role_menu` VALUES (136, 3, 77, 0, 1, 10000, '2022-11-25 20:10:26', 10000, '2022-11-25 20:10:26');
INSERT INTO `sys_role_menu` VALUES (137, 3, 78, 0, 0, 10000, '2022-11-25 20:10:26', 10000, '2022-11-25 20:10:26');
INSERT INTO `sys_role_menu` VALUES (138, 3, 79, 0, 1, 10000, '2022-11-25 20:10:26', 10000, '2022-11-25 20:10:26');
INSERT INTO `sys_role_menu` VALUES (139, 3, 91, 0, 1, 10000, '2022-11-25 20:10:26', 10000, '2022-11-25 20:10:26');
INSERT INTO `sys_role_menu` VALUES (140, 3, 92, 0, 1, 10000, '2022-11-25 20:10:26', 10000, '2022-11-25 20:10:26');
INSERT INTO `sys_role_menu` VALUES (141, 3, 93, 0, 1, 10000, '2022-11-25 20:10:26', 10000, '2022-11-25 20:10:26');
INSERT INTO `sys_role_menu` VALUES (142, 3, 94, 0, 1, 10000, '2022-11-25 20:10:26', 10000, '2022-11-25 20:10:26');
INSERT INTO `sys_role_menu` VALUES (143, 3, 97, 0, 1, 10000, '2022-11-25 20:10:26', 10000, '2022-11-25 20:10:26');
INSERT INTO `sys_role_menu` VALUES (144, 3, 98, 0, 1, 10000, '2022-11-25 20:10:26', 10000, '2022-11-25 20:10:26');
INSERT INTO `sys_role_menu` VALUES (145, 3, 99, 0, 1, 10000, '2022-11-25 20:10:26', 10000, '2022-11-25 20:10:26');
INSERT INTO `sys_role_menu` VALUES (146, 3, 100, 0, 1, 10000, '2022-11-25 20:10:26', 10000, '2022-11-25 20:10:26');
INSERT INTO `sys_role_menu` VALUES (147, 3, 101, 0, 1, 10000, '2022-11-25 20:10:26', 10000, '2022-11-25 20:10:26');
INSERT INTO `sys_role_menu` VALUES (148, 3, 102, 0, 1, 10000, '2022-11-25 20:10:26', 10000, '2022-11-25 20:10:26');
INSERT INTO `sys_role_menu` VALUES (149, 3, 103, 0, 1, 10000, '2022-11-25 20:10:26', 10000, '2022-11-25 20:10:26');
INSERT INTO `sys_role_menu` VALUES (150, 3, 104, 0, 1, 10000, '2022-11-25 20:10:26', 10000, '2022-11-25 20:10:26');
INSERT INTO `sys_role_menu` VALUES (151, 3, 105, 0, 1, 10000, '2022-11-25 20:10:26', 10000, '2022-11-25 20:10:26');
INSERT INTO `sys_role_menu` VALUES (152, 3, 106, 0, 1, 10000, '2022-11-25 20:10:26', 10000, '2022-11-25 20:10:26');
INSERT INTO `sys_role_menu` VALUES (153, 3, 107, 0, 1, 10000, '2022-11-25 20:10:26', 10000, '2022-11-25 20:10:26');
INSERT INTO `sys_role_menu` VALUES (154, 3, 108, 0, 1, 10000, '2022-11-25 20:10:26', 10000, '2022-11-25 20:10:26');
INSERT INTO `sys_role_menu` VALUES (155, 3, 109, 0, 1, 10000, '2022-11-25 20:10:26', 10000, '2022-11-25 20:10:26');
INSERT INTO `sys_role_menu` VALUES (156, 3, 57, 0, 0, 10000, '2022-11-25 20:10:26', 10000, '2022-11-25 20:10:26');
INSERT INTO `sys_role_menu` VALUES (157, 3, 61, 0, 0, 10000, '2022-11-25 20:10:26', 10000, '2022-11-25 20:10:26');
INSERT INTO `sys_role_menu` VALUES (158, 3, 62, 0, 0, 10000, '2022-11-25 20:10:26', 10000, '2022-11-25 20:10:26');
INSERT INTO `sys_role_menu` VALUES (159, 3, 63, 0, 0, 10000, '2022-11-25 20:10:26', 10000, '2022-11-25 20:10:26');
INSERT INTO `sys_role_menu` VALUES (160, 3, 3, 0, 1, 10000, '2022-11-25 20:10:26', 10000, '2022-11-25 20:10:26');
INSERT INTO `sys_role_menu` VALUES (161, 3, 28, 0, 0, 10000, '2022-11-25 20:10:26', 10000, '2022-11-25 20:10:26');
INSERT INTO `sys_role_menu` VALUES (162, 3, 29, 0, 0, 10000, '2022-11-25 20:10:26', 10000, '2022-11-25 20:10:26');
INSERT INTO `sys_role_menu` VALUES (163, 3, 30, 0, 0, 10000, '2022-11-25 20:10:26', 10000, '2022-11-25 20:10:26');
INSERT INTO `sys_role_menu` VALUES (164, 3, 31, 0, 0, 10000, '2022-11-25 20:10:26', 10000, '2022-11-25 20:10:26');
INSERT INTO `sys_role_menu` VALUES (165, 3, 32, 0, 0, 10000, '2022-11-25 20:10:26', 10000, '2022-11-25 20:10:26');
INSERT INTO `sys_role_menu` VALUES (166, 3, 18, 0, 0, 10000, '2022-11-25 20:10:26', 10000, '2022-11-25 20:10:26');
INSERT INTO `sys_role_menu` VALUES (167, 3, 19, 0, 0, 10000, '2022-11-25 20:10:26', 10000, '2022-11-25 20:10:26');
INSERT INTO `sys_role_menu` VALUES (168, 3, 20, 0, 0, 10000, '2022-11-25 20:10:26', 10000, '2022-11-25 20:10:26');
INSERT INTO `sys_role_menu` VALUES (169, 3, 21, 0, 0, 10000, '2022-11-25 20:10:26', 10000, '2022-11-25 20:10:26');
INSERT INTO `sys_role_menu` VALUES (170, 3, 22, 0, 0, 10000, '2022-11-25 20:10:26', 10000, '2022-11-25 20:10:26');
INSERT INTO `sys_role_menu` VALUES (171, 3, 13, 0, 0, 10000, '2022-11-25 20:10:26', 10000, '2022-11-25 20:10:26');
INSERT INTO `sys_role_menu` VALUES (172, 3, 14, 0, 0, 10000, '2022-11-25 20:10:26', 10000, '2022-11-25 20:10:26');
INSERT INTO `sys_role_menu` VALUES (173, 3, 15, 0, 0, 10000, '2022-11-25 20:10:26', 10000, '2022-11-25 20:10:26');
INSERT INTO `sys_role_menu` VALUES (174, 3, 16, 0, 0, 10000, '2022-11-25 20:10:26', 10000, '2022-11-25 20:10:26');
INSERT INTO `sys_role_menu` VALUES (175, 3, 17, 0, 0, 10000, '2022-11-25 20:10:26', 10000, '2022-11-25 20:10:26');
INSERT INTO `sys_role_menu` VALUES (176, 3, 23, 0, 1, 10000, '2022-11-25 20:10:26', 10000, '2022-11-25 20:10:26');
INSERT INTO `sys_role_menu` VALUES (177, 3, 24, 0, 1, 10000, '2022-11-25 20:10:26', 10000, '2022-11-25 20:10:26');
INSERT INTO `sys_role_menu` VALUES (178, 3, 25, 0, 1, 10000, '2022-11-25 20:10:26', 10000, '2022-11-25 20:10:26');
INSERT INTO `sys_role_menu` VALUES (179, 3, 26, 0, 1, 10000, '2022-11-25 20:10:26', 10000, '2022-11-25 20:10:26');
INSERT INTO `sys_role_menu` VALUES (180, 3, 27, 0, 1, 10000, '2022-11-25 20:10:26', 10000, '2022-11-25 20:10:26');
INSERT INTO `sys_role_menu` VALUES (181, 3, 26, 0, 1, 10000, '2022-11-26 12:07:15', 10000, '2022-11-26 12:07:15');
INSERT INTO `sys_role_menu` VALUES (182, 3, 58, 0, 0, 10000, '2022-11-26 12:10:00', 10000, '2022-11-26 12:10:00');
INSERT INTO `sys_role_menu` VALUES (183, 3, 59, 0, 0, 10000, '2022-11-26 12:10:00', 10000, '2022-11-26 12:10:00');
INSERT INTO `sys_role_menu` VALUES (184, 3, 60, 0, 0, 10000, '2022-11-26 12:10:00', 10000, '2022-11-26 12:10:00');
INSERT INTO `sys_role_menu` VALUES (185, 3, 105, 0, 0, 10000, '2023-07-22 22:44:46', 10000, '2023-07-22 22:44:46');
INSERT INTO `sys_role_menu` VALUES (186, 3, 106, 0, 0, 10000, '2023-07-22 22:44:46', 10000, '2023-07-22 22:44:46');
INSERT INTO `sys_role_menu` VALUES (187, 3, 108, 0, 0, 10000, '2023-07-22 22:44:46', 10000, '2023-07-22 22:44:46');
INSERT INTO `sys_role_menu` VALUES (188, 3, 109, 0, 1, 10000, '2023-07-22 22:44:46', 10000, '2023-07-22 22:44:46');
INSERT INTO `sys_role_menu` VALUES (189, 4, 1, 0, 0, 10003, '2023-10-23 11:29:44', 10003, '2023-10-23 11:29:44');
INSERT INTO `sys_role_menu` VALUES (190, 4, 2, 0, 0, 10003, '2023-10-23 11:29:44', 10003, '2023-10-23 11:29:44');
INSERT INTO `sys_role_menu` VALUES (191, 4, 67, 0, 0, 10003, '2023-10-23 11:29:44', 10003, '2023-10-23 11:29:44');
INSERT INTO `sys_role_menu` VALUES (192, 4, 68, 0, 0, 10003, '2023-10-23 11:29:44', 10003, '2023-10-23 11:29:44');
INSERT INTO `sys_role_menu` VALUES (193, 4, 80, 0, 0, 10003, '2023-10-23 11:29:44', 10003, '2023-10-23 11:29:44');
INSERT INTO `sys_role_menu` VALUES (194, 4, 81, 0, 0, 10003, '2023-10-23 11:29:44', 10003, '2023-10-23 11:29:44');
INSERT INTO `sys_role_menu` VALUES (195, 4, 82, 0, 0, 10003, '2023-10-23 11:29:44', 10003, '2023-10-23 11:29:44');
INSERT INTO `sys_role_menu` VALUES (196, 4, 83, 0, 0, 10003, '2023-10-23 11:29:44', 10003, '2023-10-23 11:29:44');
INSERT INTO `sys_role_menu` VALUES (197, 4, 69, 0, 0, 10003, '2023-10-23 11:29:44', 10003, '2023-10-23 11:29:44');
INSERT INTO `sys_role_menu` VALUES (198, 4, 110, 0, 0, 10003, '2023-10-23 11:29:44', 10003, '2023-10-23 11:29:44');
INSERT INTO `sys_role_menu` VALUES (199, 4, 111, 0, 0, 10003, '2023-10-23 11:29:44', 10003, '2023-10-23 11:29:44');
INSERT INTO `sys_role_menu` VALUES (200, 4, 112, 0, 0, 10003, '2023-10-23 11:29:44', 10003, '2023-10-23 11:29:44');
INSERT INTO `sys_role_menu` VALUES (201, 4, 113, 0, 0, 10003, '2023-10-23 11:29:44', 10003, '2023-10-23 11:29:44');
INSERT INTO `sys_role_menu` VALUES (202, 4, 114, 0, 0, 10003, '2023-10-23 11:29:44', 10003, '2023-10-23 11:29:44');
INSERT INTO `sys_role_menu` VALUES (203, 4, 115, 0, 0, 10003, '2023-10-23 11:29:44', 10003, '2023-10-23 11:29:44');
INSERT INTO `sys_role_menu` VALUES (204, 4, 116, 0, 0, 10003, '2023-10-23 11:29:44', 10003, '2023-10-23 11:29:44');
INSERT INTO `sys_role_menu` VALUES (205, 4, 70, 0, 0, 10003, '2023-10-23 11:29:44', 10003, '2023-10-23 11:29:44');
INSERT INTO `sys_role_menu` VALUES (206, 4, 85, 0, 0, 10003, '2023-10-23 11:29:44', 10003, '2023-10-23 11:29:44');
INSERT INTO `sys_role_menu` VALUES (207, 4, 84, 0, 0, 10003, '2023-10-23 11:29:44', 10003, '2023-10-23 11:29:44');
INSERT INTO `sys_role_menu` VALUES (208, 4, 86, 0, 0, 10003, '2023-10-23 11:29:44', 10003, '2023-10-23 11:29:44');
INSERT INTO `sys_role_menu` VALUES (209, 4, 87, 0, 0, 10003, '2023-10-23 11:29:44', 10003, '2023-10-23 11:29:44');
INSERT INTO `sys_role_menu` VALUES (210, 4, 88, 0, 0, 10003, '2023-10-23 11:29:44', 10003, '2023-10-23 11:29:44');
INSERT INTO `sys_role_menu` VALUES (211, 4, 89, 0, 0, 10003, '2023-10-23 11:29:44', 10003, '2023-10-23 11:29:44');
INSERT INTO `sys_role_menu` VALUES (212, 4, 90, 0, 0, 10003, '2023-10-23 11:29:44', 10003, '2023-10-23 11:29:44');
INSERT INTO `sys_role_menu` VALUES (213, 4, 71, 0, 0, 10003, '2023-10-23 11:29:44', 10003, '2023-10-23 11:29:44');
INSERT INTO `sys_role_menu` VALUES (214, 4, 72, 0, 0, 10003, '2023-10-23 11:29:44', 10003, '2023-10-23 11:29:44');
INSERT INTO `sys_role_menu` VALUES (215, 4, 185, 0, 0, 10003, '2023-10-23 11:29:44', 10003, '2023-10-23 11:29:44');
INSERT INTO `sys_role_menu` VALUES (216, 4, 78, 0, 0, 10003, '2023-10-23 11:29:44', 10003, '2023-10-23 11:29:44');
INSERT INTO `sys_role_menu` VALUES (217, 4, 142, 0, 0, 10003, '2023-10-23 11:29:44', 10003, '2023-10-23 11:29:44');
INSERT INTO `sys_role_menu` VALUES (218, 4, 135, 0, 0, 10003, '2023-10-23 11:29:44', 10003, '2023-10-23 11:29:44');
INSERT INTO `sys_role_menu` VALUES (219, 4, 136, 0, 0, 10003, '2023-10-23 11:29:44', 10003, '2023-10-23 11:29:44');
INSERT INTO `sys_role_menu` VALUES (220, 4, 137, 0, 0, 10003, '2023-10-23 11:29:44', 10003, '2023-10-23 11:29:44');
INSERT INTO `sys_role_menu` VALUES (221, 4, 138, 0, 0, 10003, '2023-10-23 11:29:44', 10003, '2023-10-23 11:29:44');
INSERT INTO `sys_role_menu` VALUES (222, 4, 139, 0, 0, 10003, '2023-10-23 11:29:44', 10003, '2023-10-23 11:29:44');
INSERT INTO `sys_role_menu` VALUES (223, 4, 141, 0, 0, 10003, '2023-10-23 11:29:44', 10003, '2023-10-23 11:29:44');
INSERT INTO `sys_role_menu` VALUES (224, 4, 147, 0, 0, 10003, '2023-10-23 11:29:44', 10003, '2023-10-23 11:29:44');
INSERT INTO `sys_role_menu` VALUES (225, 4, 148, 0, 0, 10003, '2023-10-23 11:29:44', 10003, '2023-10-23 11:29:44');
INSERT INTO `sys_role_menu` VALUES (226, 4, 144, 0, 0, 10003, '2023-10-23 11:29:44', 10003, '2023-10-23 11:29:44');
INSERT INTO `sys_role_menu` VALUES (227, 4, 145, 0, 0, 10003, '2023-10-23 11:29:44', 10003, '2023-10-23 11:29:44');
INSERT INTO `sys_role_menu` VALUES (228, 4, 146, 0, 0, 10003, '2023-10-23 11:29:44', 10003, '2023-10-23 11:29:44');
INSERT INTO `sys_role_menu` VALUES (229, 4, 133, 0, 0, 10003, '2023-10-23 11:29:44', 10003, '2023-10-23 11:29:44');
INSERT INTO `sys_role_menu` VALUES (230, 4, 143, 0, 0, 10003, '2023-10-23 11:29:44', 10003, '2023-10-23 11:29:44');
INSERT INTO `sys_role_menu` VALUES (231, 4, 122, 0, 0, 10003, '2023-10-23 11:29:44', 10003, '2023-10-23 11:29:44');
INSERT INTO `sys_role_menu` VALUES (232, 4, 123, 0, 0, 10003, '2023-10-23 11:29:44', 10003, '2023-10-23 11:29:44');
INSERT INTO `sys_role_menu` VALUES (233, 4, 124, 0, 0, 10003, '2023-10-23 11:29:44', 10003, '2023-10-23 11:29:44');
INSERT INTO `sys_role_menu` VALUES (234, 4, 125, 0, 0, 10003, '2023-10-23 11:29:44', 10003, '2023-10-23 11:29:44');
INSERT INTO `sys_role_menu` VALUES (235, 4, 126, 0, 0, 10003, '2023-10-23 11:29:44', 10003, '2023-10-23 11:29:44');
INSERT INTO `sys_role_menu` VALUES (236, 4, 127, 0, 0, 10003, '2023-10-23 11:29:44', 10003, '2023-10-23 11:29:44');
INSERT INTO `sys_role_menu` VALUES (237, 4, 128, 0, 0, 10003, '2023-10-23 11:29:44', 10003, '2023-10-23 11:29:44');
INSERT INTO `sys_role_menu` VALUES (238, 4, 129, 0, 0, 10003, '2023-10-23 11:29:44', 10003, '2023-10-23 11:29:44');
INSERT INTO `sys_role_menu` VALUES (239, 4, 130, 0, 0, 10003, '2023-10-23 11:29:44', 10003, '2023-10-23 11:29:44');
INSERT INTO `sys_role_menu` VALUES (240, 4, 131, 0, 0, 10003, '2023-10-23 11:29:44', 10003, '2023-10-23 11:29:44');
INSERT INTO `sys_role_menu` VALUES (241, 4, 132, 0, 0, 10003, '2023-10-23 11:29:44', 10003, '2023-10-23 11:29:44');
INSERT INTO `sys_role_menu` VALUES (242, 4, 91, 0, 0, 10003, '2023-10-23 11:29:44', 10003, '2023-10-23 11:29:44');
INSERT INTO `sys_role_menu` VALUES (243, 4, 92, 0, 0, 10003, '2023-10-23 11:29:44', 10003, '2023-10-23 11:29:44');
INSERT INTO `sys_role_menu` VALUES (244, 4, 93, 0, 0, 10003, '2023-10-23 11:29:44', 10003, '2023-10-23 11:29:44');
INSERT INTO `sys_role_menu` VALUES (245, 4, 94, 0, 0, 10003, '2023-10-23 11:29:44', 10003, '2023-10-23 11:29:44');
INSERT INTO `sys_role_menu` VALUES (246, 4, 168, 0, 0, 10003, '2023-10-23 11:29:44', 10003, '2023-10-23 11:29:44');
INSERT INTO `sys_role_menu` VALUES (247, 4, 169, 0, 0, 10003, '2023-10-23 11:29:44', 10003, '2023-10-23 11:29:44');
INSERT INTO `sys_role_menu` VALUES (248, 4, 170, 0, 0, 10003, '2023-10-23 11:29:44', 10003, '2023-10-23 11:29:44');
INSERT INTO `sys_role_menu` VALUES (249, 4, 171, 0, 0, 10003, '2023-10-23 11:29:44', 10003, '2023-10-23 11:29:44');
INSERT INTO `sys_role_menu` VALUES (250, 4, 172, 0, 0, 10003, '2023-10-23 11:29:44', 10003, '2023-10-23 11:29:44');
INSERT INTO `sys_role_menu` VALUES (251, 4, 173, 0, 0, 10003, '2023-10-23 11:29:44', 10003, '2023-10-23 11:29:44');
INSERT INTO `sys_role_menu` VALUES (252, 4, 174, 0, 0, 10003, '2023-10-23 11:29:44', 10003, '2023-10-23 11:29:44');
INSERT INTO `sys_role_menu` VALUES (253, 4, 97, 0, 0, 10003, '2023-10-23 11:29:44', 10003, '2023-10-23 11:29:44');
INSERT INTO `sys_role_menu` VALUES (254, 4, 98, 0, 0, 10003, '2023-10-23 11:29:44', 10003, '2023-10-23 11:29:44');
INSERT INTO `sys_role_menu` VALUES (255, 4, 175, 0, 0, 10003, '2023-10-23 11:29:44', 10003, '2023-10-23 11:29:44');
INSERT INTO `sys_role_menu` VALUES (256, 4, 176, 0, 0, 10003, '2023-10-23 11:29:44', 10003, '2023-10-23 11:29:44');
INSERT INTO `sys_role_menu` VALUES (257, 4, 177, 0, 0, 10003, '2023-10-23 11:29:44', 10003, '2023-10-23 11:29:44');
INSERT INTO `sys_role_menu` VALUES (258, 4, 178, 0, 0, 10003, '2023-10-23 11:29:44', 10003, '2023-10-23 11:29:44');
INSERT INTO `sys_role_menu` VALUES (259, 4, 179, 0, 0, 10003, '2023-10-23 11:29:44', 10003, '2023-10-23 11:29:44');
INSERT INTO `sys_role_menu` VALUES (260, 4, 180, 0, 0, 10003, '2023-10-23 11:29:44', 10003, '2023-10-23 11:29:44');
INSERT INTO `sys_role_menu` VALUES (261, 4, 182, 0, 0, 10003, '2023-10-23 11:29:44', 10003, '2023-10-23 11:29:44');
INSERT INTO `sys_role_menu` VALUES (262, 4, 183, 0, 0, 10003, '2023-10-23 11:29:44', 10003, '2023-10-23 11:29:44');
INSERT INTO `sys_role_menu` VALUES (263, 4, 184, 0, 0, 10003, '2023-10-23 11:29:44', 10003, '2023-10-23 11:29:44');
INSERT INTO `sys_role_menu` VALUES (264, 4, 102, 0, 0, 10003, '2023-10-23 11:29:44', 10003, '2023-10-23 11:29:44');
INSERT INTO `sys_role_menu` VALUES (265, 4, 103, 0, 0, 10003, '2023-10-23 11:29:44', 10003, '2023-10-23 11:29:44');
INSERT INTO `sys_role_menu` VALUES (266, 4, 152, 0, 0, 10003, '2023-10-23 11:29:44', 10003, '2023-10-23 11:29:44');
INSERT INTO `sys_role_menu` VALUES (267, 4, 153, 0, 0, 10003, '2023-10-23 11:29:44', 10003, '2023-10-23 11:29:44');
INSERT INTO `sys_role_menu` VALUES (268, 4, 154, 0, 0, 10003, '2023-10-23 11:29:44', 10003, '2023-10-23 11:29:44');
INSERT INTO `sys_role_menu` VALUES (269, 4, 155, 0, 0, 10003, '2023-10-23 11:29:44', 10003, '2023-10-23 11:29:44');
INSERT INTO `sys_role_menu` VALUES (270, 4, 156, 0, 0, 10003, '2023-10-23 11:29:44', 10003, '2023-10-23 11:29:44');
INSERT INTO `sys_role_menu` VALUES (271, 4, 157, 0, 0, 10003, '2023-10-23 11:29:44', 10003, '2023-10-23 11:29:44');
INSERT INTO `sys_role_menu` VALUES (272, 4, 149, 0, 0, 10003, '2023-10-23 11:29:44', 10003, '2023-10-23 11:29:44');
INSERT INTO `sys_role_menu` VALUES (273, 4, 151, 0, 0, 10003, '2023-10-23 11:29:44', 10003, '2023-10-23 11:29:44');
INSERT INTO `sys_role_menu` VALUES (274, 4, 150, 0, 0, 10003, '2023-10-23 11:29:44', 10003, '2023-10-23 11:29:44');
INSERT INTO `sys_role_menu` VALUES (275, 4, 158, 0, 0, 10003, '2023-10-23 11:29:44', 10003, '2023-10-23 11:29:44');
INSERT INTO `sys_role_menu` VALUES (276, 4, 159, 0, 0, 10003, '2023-10-23 11:29:44', 10003, '2023-10-23 11:29:44');
INSERT INTO `sys_role_menu` VALUES (277, 4, 160, 0, 0, 10003, '2023-10-23 11:29:44', 10003, '2023-10-23 11:29:44');
INSERT INTO `sys_role_menu` VALUES (278, 4, 161, 0, 0, 10003, '2023-10-23 11:29:44', 10003, '2023-10-23 11:29:44');
INSERT INTO `sys_role_menu` VALUES (279, 4, 162, 0, 0, 10003, '2023-10-23 11:29:44', 10003, '2023-10-23 11:29:44');
INSERT INTO `sys_role_menu` VALUES (280, 4, 163, 0, 0, 10003, '2023-10-23 11:29:44', 10003, '2023-10-23 11:29:44');
INSERT INTO `sys_role_menu` VALUES (281, 4, 164, 0, 0, 10003, '2023-10-23 11:29:44', 10003, '2023-10-23 11:29:44');
INSERT INTO `sys_role_menu` VALUES (282, 4, 165, 0, 0, 10003, '2023-10-23 11:29:44', 10003, '2023-10-23 11:29:44');
INSERT INTO `sys_role_menu` VALUES (283, 4, 166, 0, 0, 10003, '2023-10-23 11:29:44', 10003, '2023-10-23 11:29:44');
INSERT INTO `sys_role_menu` VALUES (284, 4, 167, 0, 0, 10003, '2023-10-23 11:29:44', 10003, '2023-10-23 11:29:44');
INSERT INTO `sys_role_menu` VALUES (285, 4, 99, 0, 0, 10003, '2023-10-23 11:29:44', 10003, '2023-10-23 11:29:44');
INSERT INTO `sys_role_menu` VALUES (286, 4, 100, 0, 0, 10003, '2023-10-23 11:29:44', 10003, '2023-10-23 11:29:44');
INSERT INTO `sys_role_menu` VALUES (287, 4, 101, 0, 0, 10003, '2023-10-23 11:29:44', 10003, '2023-10-23 11:29:44');
INSERT INTO `sys_role_menu` VALUES (288, 4, 105, 0, 0, 10003, '2023-10-23 11:29:44', 10003, '2023-10-23 11:29:44');
INSERT INTO `sys_role_menu` VALUES (289, 4, 106, 0, 0, 10003, '2023-10-23 11:29:44', 10003, '2023-10-23 11:29:44');
INSERT INTO `sys_role_menu` VALUES (290, 4, 108, 0, 0, 10003, '2023-10-23 11:29:44', 10003, '2023-10-23 11:29:44');
INSERT INTO `sys_role_menu` VALUES (291, 4, 109, 0, 0, 10003, '2023-10-23 11:29:44', 10003, '2023-10-23 11:29:44');
INSERT INTO `sys_role_menu` VALUES (292, 4, 181, 0, 0, 10003, '2023-10-23 11:29:44', 10003, '2023-10-23 11:29:44');
INSERT INTO `sys_role_menu` VALUES (293, 4, 33, 0, 0, 10003, '2023-10-23 11:29:44', 10003, '2023-10-23 11:29:44');
INSERT INTO `sys_role_menu` VALUES (294, 4, 40, 0, 0, 10003, '2023-10-23 11:29:44', 10003, '2023-10-23 11:29:44');
INSERT INTO `sys_role_menu` VALUES (295, 4, 42, 0, 0, 10003, '2023-10-23 11:29:44', 10003, '2023-10-23 11:29:44');
INSERT INTO `sys_role_menu` VALUES (296, 4, 43, 0, 0, 10003, '2023-10-23 11:29:44', 10003, '2023-10-23 11:29:44');
INSERT INTO `sys_role_menu` VALUES (297, 4, 44, 0, 0, 10003, '2023-10-23 11:29:44', 10003, '2023-10-23 11:29:44');
INSERT INTO `sys_role_menu` VALUES (298, 4, 45, 0, 0, 10003, '2023-10-23 11:29:44', 10003, '2023-10-23 11:29:44');
INSERT INTO `sys_role_menu` VALUES (299, 4, 46, 0, 0, 10003, '2023-10-23 11:29:44', 10003, '2023-10-23 11:29:44');
INSERT INTO `sys_role_menu` VALUES (300, 4, 41, 0, 0, 10003, '2023-10-23 11:29:44', 10003, '2023-10-23 11:29:44');
INSERT INTO `sys_role_menu` VALUES (301, 4, 38, 0, 0, 10003, '2023-10-23 11:29:44', 10003, '2023-10-23 11:29:44');
INSERT INTO `sys_role_menu` VALUES (302, 4, 39, 0, 0, 10003, '2023-10-23 11:29:44', 10003, '2023-10-23 11:29:44');
INSERT INTO `sys_role_menu` VALUES (303, 4, 54, 0, 0, 10003, '2023-10-23 11:29:44', 10003, '2023-10-23 11:29:44');
INSERT INTO `sys_role_menu` VALUES (304, 4, 55, 0, 0, 10003, '2023-10-23 11:29:44', 10003, '2023-10-23 11:29:44');
INSERT INTO `sys_role_menu` VALUES (305, 4, 57, 0, 0, 10003, '2023-10-23 11:29:44', 10003, '2023-10-23 11:29:44');
INSERT INTO `sys_role_menu` VALUES (306, 4, 61, 0, 0, 10003, '2023-10-23 11:29:44', 10003, '2023-10-23 11:29:44');
INSERT INTO `sys_role_menu` VALUES (307, 4, 58, 0, 0, 10003, '2023-10-23 11:29:44', 10003, '2023-10-23 11:29:44');
INSERT INTO `sys_role_menu` VALUES (308, 4, 59, 0, 0, 10003, '2023-10-23 11:29:44', 10003, '2023-10-23 11:29:44');
INSERT INTO `sys_role_menu` VALUES (309, 4, 60, 0, 0, 10003, '2023-10-23 11:29:44', 10003, '2023-10-23 11:29:44');
INSERT INTO `sys_role_menu` VALUES (310, 4, 62, 0, 0, 10003, '2023-10-23 11:29:44', 10003, '2023-10-23 11:29:44');
INSERT INTO `sys_role_menu` VALUES (311, 4, 56, 0, 0, 10003, '2023-10-23 11:29:44', 10003, '2023-10-23 11:29:44');
INSERT INTO `sys_role_menu` VALUES (312, 4, 63, 0, 0, 10003, '2023-10-23 11:29:44', 10003, '2023-10-23 11:29:44');
INSERT INTO `sys_role_menu` VALUES (313, 4, 66, 0, 0, 10003, '2023-10-23 11:29:44', 10003, '2023-10-23 11:29:44');
INSERT INTO `sys_role_menu` VALUES (314, 4, 3, 0, 0, 10003, '2023-10-23 11:29:44', 10003, '2023-10-23 11:29:44');
INSERT INTO `sys_role_menu` VALUES (315, 4, 28, 0, 0, 10003, '2023-10-23 11:29:44', 10003, '2023-10-23 11:29:44');
INSERT INTO `sys_role_menu` VALUES (316, 4, 29, 0, 0, 10003, '2023-10-23 11:29:44', 10003, '2023-10-23 11:29:44');
INSERT INTO `sys_role_menu` VALUES (317, 4, 30, 0, 0, 10003, '2023-10-23 11:29:44', 10003, '2023-10-23 11:29:44');
INSERT INTO `sys_role_menu` VALUES (318, 4, 31, 0, 0, 10003, '2023-10-23 11:29:44', 10003, '2023-10-23 11:29:44');
INSERT INTO `sys_role_menu` VALUES (319, 4, 32, 0, 0, 10003, '2023-10-23 11:29:44', 10003, '2023-10-23 11:29:44');
INSERT INTO `sys_role_menu` VALUES (320, 4, 47, 0, 0, 10003, '2023-10-23 11:29:44', 10003, '2023-10-23 11:29:44');
INSERT INTO `sys_role_menu` VALUES (321, 4, 48, 0, 0, 10003, '2023-10-23 11:29:44', 10003, '2023-10-23 11:29:44');
INSERT INTO `sys_role_menu` VALUES (322, 4, 49, 0, 0, 10003, '2023-10-23 11:29:44', 10003, '2023-10-23 11:29:44');
INSERT INTO `sys_role_menu` VALUES (323, 4, 50, 0, 0, 10003, '2023-10-23 11:29:44', 10003, '2023-10-23 11:29:44');
INSERT INTO `sys_role_menu` VALUES (324, 4, 52, 0, 0, 10003, '2023-10-23 11:29:44', 10003, '2023-10-23 11:29:44');
INSERT INTO `sys_role_menu` VALUES (325, 4, 51, 0, 0, 10003, '2023-10-23 11:29:44', 10003, '2023-10-23 11:29:44');
INSERT INTO `sys_role_menu` VALUES (326, 4, 53, 0, 0, 10003, '2023-10-23 11:29:44', 10003, '2023-10-23 11:29:44');
INSERT INTO `sys_role_menu` VALUES (327, 4, 7, 0, 0, 10003, '2023-10-23 11:29:44', 10003, '2023-10-23 11:29:44');
INSERT INTO `sys_role_menu` VALUES (328, 4, 8, 0, 0, 10003, '2023-10-23 11:29:44', 10003, '2023-10-23 11:29:44');
INSERT INTO `sys_role_menu` VALUES (329, 4, 10, 0, 0, 10003, '2023-10-23 11:29:44', 10003, '2023-10-23 11:29:44');
INSERT INTO `sys_role_menu` VALUES (330, 4, 9, 0, 0, 10003, '2023-10-23 11:29:44', 10003, '2023-10-23 11:29:44');
INSERT INTO `sys_role_menu` VALUES (331, 4, 11, 0, 0, 10003, '2023-10-23 11:29:44', 10003, '2023-10-23 11:29:44');
INSERT INTO `sys_role_menu` VALUES (332, 4, 18, 0, 0, 10003, '2023-10-23 11:29:44', 10003, '2023-10-23 11:29:44');
INSERT INTO `sys_role_menu` VALUES (333, 4, 19, 0, 0, 10003, '2023-10-23 11:29:44', 10003, '2023-10-23 11:29:44');
INSERT INTO `sys_role_menu` VALUES (334, 4, 20, 0, 0, 10003, '2023-10-23 11:29:44', 10003, '2023-10-23 11:29:44');
INSERT INTO `sys_role_menu` VALUES (335, 4, 21, 0, 0, 10003, '2023-10-23 11:29:44', 10003, '2023-10-23 11:29:44');
INSERT INTO `sys_role_menu` VALUES (336, 4, 22, 0, 0, 10003, '2023-10-23 11:29:44', 10003, '2023-10-23 11:29:44');
INSERT INTO `sys_role_menu` VALUES (337, 4, 13, 0, 0, 10003, '2023-10-23 11:29:44', 10003, '2023-10-23 11:29:44');
INSERT INTO `sys_role_menu` VALUES (338, 4, 14, 0, 0, 10003, '2023-10-23 11:29:44', 10003, '2023-10-23 11:29:44');
INSERT INTO `sys_role_menu` VALUES (339, 4, 15, 0, 0, 10003, '2023-10-23 11:29:44', 10003, '2023-10-23 11:29:44');
INSERT INTO `sys_role_menu` VALUES (340, 4, 16, 0, 0, 10003, '2023-10-23 11:29:44', 10003, '2023-10-23 11:29:44');
INSERT INTO `sys_role_menu` VALUES (341, 4, 17, 0, 0, 10003, '2023-10-23 11:29:44', 10003, '2023-10-23 11:29:44');
INSERT INTO `sys_role_menu` VALUES (342, 4, 23, 0, 0, 10003, '2023-10-23 11:29:44', 10003, '2023-10-23 11:29:44');
INSERT INTO `sys_role_menu` VALUES (343, 4, 24, 0, 0, 10003, '2023-10-23 11:29:44', 10003, '2023-10-23 11:29:44');
INSERT INTO `sys_role_menu` VALUES (344, 4, 25, 0, 0, 10003, '2023-10-23 11:29:44', 10003, '2023-10-23 11:29:44');
INSERT INTO `sys_role_menu` VALUES (345, 4, 26, 0, 0, 10003, '2023-10-23 11:29:44', 10003, '2023-10-23 11:29:44');
INSERT INTO `sys_role_menu` VALUES (346, 4, 27, 0, 0, 10003, '2023-10-23 11:29:44', 10003, '2023-10-23 11:29:44');
INSERT INTO `sys_role_menu` VALUES (347, 4, 34, 0, 0, 10003, '2023-10-23 11:29:44', 10003, '2023-10-23 11:29:44');
INSERT INTO `sys_role_menu` VALUES (348, 4, 35, 0, 0, 10003, '2023-10-23 11:29:44', 10003, '2023-10-23 11:29:44');
INSERT INTO `sys_role_menu` VALUES (349, 4, 36, 0, 0, 10003, '2023-10-23 11:29:44', 10003, '2023-10-23 11:29:44');
INSERT INTO `sys_role_menu` VALUES (350, 4, 37, 0, 0, 10003, '2023-10-23 11:29:44', 10003, '2023-10-23 11:29:44');
INSERT INTO `sys_role_menu` VALUES (351, 3, 91, 0, 0, 10000, '2023-10-30 16:01:10', 10000, '2023-10-30 16:01:10');
INSERT INTO `sys_role_menu` VALUES (352, 3, 92, 0, 0, 10000, '2023-10-30 16:01:10', 10000, '2023-10-30 16:01:10');
INSERT INTO `sys_role_menu` VALUES (353, 3, 93, 0, 0, 10000, '2023-10-30 16:01:10', 10000, '2023-10-30 16:01:10');
INSERT INTO `sys_role_menu` VALUES (354, 3, 94, 0, 0, 10000, '2023-10-30 16:01:10', 10000, '2023-10-30 16:01:10');
INSERT INTO `sys_role_menu` VALUES (355, 3, 168, 0, 0, 10000, '2023-10-30 16:01:10', 10000, '2023-10-30 16:01:10');
INSERT INTO `sys_role_menu` VALUES (356, 3, 169, 0, 0, 10000, '2023-10-30 16:01:10', 10000, '2023-10-30 16:01:10');
INSERT INTO `sys_role_menu` VALUES (357, 3, 170, 0, 0, 10000, '2023-10-30 16:01:10', 10000, '2023-10-30 16:01:10');
INSERT INTO `sys_role_menu` VALUES (358, 3, 171, 0, 0, 10000, '2023-10-30 16:01:10', 10000, '2023-10-30 16:01:10');
INSERT INTO `sys_role_menu` VALUES (359, 3, 172, 0, 0, 10000, '2023-10-30 16:01:10', 10000, '2023-10-30 16:01:10');
INSERT INTO `sys_role_menu` VALUES (360, 3, 173, 0, 0, 10000, '2023-10-30 16:01:10', 10000, '2023-10-30 16:01:10');
INSERT INTO `sys_role_menu` VALUES (361, 3, 174, 0, 0, 10000, '2023-10-30 16:01:10', 10000, '2023-10-30 16:01:10');
INSERT INTO `sys_role_menu` VALUES (362, 3, 97, 0, 0, 10000, '2023-10-30 16:01:10', 10000, '2023-10-30 16:01:10');
INSERT INTO `sys_role_menu` VALUES (363, 3, 98, 0, 0, 10000, '2023-10-30 16:01:10', 10000, '2023-10-30 16:01:10');
INSERT INTO `sys_role_menu` VALUES (364, 3, 175, 0, 0, 10000, '2023-10-30 16:01:10', 10000, '2023-10-30 16:01:10');
INSERT INTO `sys_role_menu` VALUES (365, 3, 176, 0, 0, 10000, '2023-10-30 16:01:10', 10000, '2023-10-30 16:01:10');
INSERT INTO `sys_role_menu` VALUES (366, 3, 177, 0, 0, 10000, '2023-10-30 16:01:10', 10000, '2023-10-30 16:01:10');
INSERT INTO `sys_role_menu` VALUES (367, 3, 178, 0, 0, 10000, '2023-10-30 16:01:10', 10000, '2023-10-30 16:01:10');
INSERT INTO `sys_role_menu` VALUES (368, 3, 179, 0, 0, 10000, '2023-10-30 16:01:10', 10000, '2023-10-30 16:01:10');
INSERT INTO `sys_role_menu` VALUES (369, 3, 180, 0, 0, 10000, '2023-10-30 16:01:10', 10000, '2023-10-30 16:01:10');
INSERT INTO `sys_role_menu` VALUES (370, 3, 182, 0, 0, 10000, '2023-10-30 16:01:10', 10000, '2023-10-30 16:01:10');
INSERT INTO `sys_role_menu` VALUES (371, 3, 183, 0, 0, 10000, '2023-10-30 16:01:10', 10000, '2023-10-30 16:01:10');
INSERT INTO `sys_role_menu` VALUES (372, 3, 184, 0, 0, 10000, '2023-10-30 16:01:10', 10000, '2023-10-30 16:01:10');
INSERT INTO `sys_role_menu` VALUES (373, 3, 102, 0, 0, 10000, '2023-10-30 16:01:10', 10000, '2023-10-30 16:01:10');
INSERT INTO `sys_role_menu` VALUES (374, 3, 103, 0, 0, 10000, '2023-10-30 16:01:10', 10000, '2023-10-30 16:01:10');
INSERT INTO `sys_role_menu` VALUES (375, 3, 152, 0, 0, 10000, '2023-10-30 16:01:10', 10000, '2023-10-30 16:01:10');
INSERT INTO `sys_role_menu` VALUES (376, 3, 153, 0, 0, 10000, '2023-10-30 16:01:10', 10000, '2023-10-30 16:01:10');
INSERT INTO `sys_role_menu` VALUES (377, 3, 154, 0, 0, 10000, '2023-10-30 16:01:10', 10000, '2023-10-30 16:01:10');
INSERT INTO `sys_role_menu` VALUES (378, 3, 155, 0, 0, 10000, '2023-10-30 16:01:10', 10000, '2023-10-30 16:01:10');
INSERT INTO `sys_role_menu` VALUES (379, 3, 156, 0, 0, 10000, '2023-10-30 16:01:10', 10000, '2023-10-30 16:01:10');
INSERT INTO `sys_role_menu` VALUES (380, 3, 157, 0, 0, 10000, '2023-10-30 16:01:10', 10000, '2023-10-30 16:01:10');
INSERT INTO `sys_role_menu` VALUES (381, 3, 149, 0, 0, 10000, '2023-10-30 16:01:10', 10000, '2023-10-30 16:01:10');
INSERT INTO `sys_role_menu` VALUES (382, 3, 151, 0, 0, 10000, '2023-10-30 16:01:10', 10000, '2023-10-30 16:01:10');
INSERT INTO `sys_role_menu` VALUES (383, 3, 150, 0, 0, 10000, '2023-10-30 16:01:10', 10000, '2023-10-30 16:01:10');
INSERT INTO `sys_role_menu` VALUES (384, 3, 158, 0, 0, 10000, '2023-10-30 16:01:10', 10000, '2023-10-30 16:01:10');
INSERT INTO `sys_role_menu` VALUES (385, 3, 159, 0, 0, 10000, '2023-10-30 16:01:10', 10000, '2023-10-30 16:01:10');
INSERT INTO `sys_role_menu` VALUES (386, 3, 160, 0, 0, 10000, '2023-10-30 16:01:10', 10000, '2023-10-30 16:01:10');
INSERT INTO `sys_role_menu` VALUES (387, 3, 161, 0, 0, 10000, '2023-10-30 16:01:10', 10000, '2023-10-30 16:01:10');
INSERT INTO `sys_role_menu` VALUES (388, 3, 162, 0, 0, 10000, '2023-10-30 16:01:10', 10000, '2023-10-30 16:01:10');
INSERT INTO `sys_role_menu` VALUES (389, 3, 163, 0, 0, 10000, '2023-10-30 16:01:10', 10000, '2023-10-30 16:01:10');
INSERT INTO `sys_role_menu` VALUES (390, 3, 164, 0, 0, 10000, '2023-10-30 16:01:10', 10000, '2023-10-30 16:01:10');
INSERT INTO `sys_role_menu` VALUES (391, 3, 165, 0, 0, 10000, '2023-10-30 16:01:10', 10000, '2023-10-30 16:01:10');
INSERT INTO `sys_role_menu` VALUES (392, 3, 166, 0, 0, 10000, '2023-10-30 16:01:10', 10000, '2023-10-30 16:01:10');
INSERT INTO `sys_role_menu` VALUES (393, 3, 167, 0, 0, 10000, '2023-10-30 16:01:10', 10000, '2023-10-30 16:01:10');
INSERT INTO `sys_role_menu` VALUES (394, 3, 99, 0, 0, 10000, '2023-10-30 16:01:10', 10000, '2023-10-30 16:01:10');
INSERT INTO `sys_role_menu` VALUES (395, 3, 100, 0, 0, 10000, '2023-10-30 16:01:10', 10000, '2023-10-30 16:01:10');
INSERT INTO `sys_role_menu` VALUES (396, 3, 101, 0, 0, 10000, '2023-10-30 16:01:10', 10000, '2023-10-30 16:01:10');
INSERT INTO `sys_role_menu` VALUES (397, 3, 33, 0, 0, 10000, '2023-10-30 16:01:10', 10000, '2023-10-30 16:01:10');
INSERT INTO `sys_role_menu` VALUES (398, 3, 40, 0, 0, 10000, '2023-10-30 16:01:10', 10000, '2023-10-30 16:01:10');
INSERT INTO `sys_role_menu` VALUES (399, 3, 42, 0, 0, 10000, '2023-10-30 16:01:10', 10000, '2023-10-30 16:01:10');
INSERT INTO `sys_role_menu` VALUES (400, 3, 43, 0, 0, 10000, '2023-10-30 16:01:10', 10000, '2023-10-30 16:01:10');
INSERT INTO `sys_role_menu` VALUES (401, 3, 44, 0, 0, 10000, '2023-10-30 16:01:10', 10000, '2023-10-30 16:01:10');
INSERT INTO `sys_role_menu` VALUES (402, 3, 45, 0, 0, 10000, '2023-10-30 16:01:10', 10000, '2023-10-30 16:01:10');
INSERT INTO `sys_role_menu` VALUES (403, 3, 46, 0, 0, 10000, '2023-10-30 16:01:10', 10000, '2023-10-30 16:01:10');
INSERT INTO `sys_role_menu` VALUES (404, 3, 41, 0, 0, 10000, '2023-10-30 16:01:10', 10000, '2023-10-30 16:01:10');
INSERT INTO `sys_role_menu` VALUES (405, 3, 38, 0, 0, 10000, '2023-10-30 16:01:10', 10000, '2023-10-30 16:01:10');
INSERT INTO `sys_role_menu` VALUES (406, 3, 39, 0, 0, 10000, '2023-10-30 16:01:10', 10000, '2023-10-30 16:01:10');
INSERT INTO `sys_role_menu` VALUES (407, 3, 185, 0, 0, 10000, '2023-11-07 17:19:29', 10000, '2023-11-07 17:19:29');
INSERT INTO `sys_role_menu` VALUES (408, 3, 142, 0, 0, 10000, '2023-11-07 17:19:29', 10000, '2023-11-07 17:19:29');
INSERT INTO `sys_role_menu` VALUES (409, 3, 135, 0, 0, 10000, '2023-11-07 17:19:29', 10000, '2023-11-07 17:19:29');
INSERT INTO `sys_role_menu` VALUES (410, 3, 136, 0, 0, 10000, '2023-11-07 17:19:29', 10000, '2023-11-07 17:19:29');
INSERT INTO `sys_role_menu` VALUES (411, 3, 137, 0, 0, 10000, '2023-11-07 17:19:29', 10000, '2023-11-07 17:19:29');
INSERT INTO `sys_role_menu` VALUES (412, 3, 138, 0, 0, 10000, '2023-11-07 17:19:29', 10000, '2023-11-07 17:19:29');
INSERT INTO `sys_role_menu` VALUES (413, 3, 139, 0, 0, 10000, '2023-11-07 17:19:29', 10000, '2023-11-07 17:19:29');
INSERT INTO `sys_role_menu` VALUES (414, 3, 141, 0, 0, 10000, '2023-11-07 17:19:29', 10000, '2023-11-07 17:19:29');
INSERT INTO `sys_role_menu` VALUES (415, 3, 147, 0, 0, 10000, '2023-11-07 17:19:29', 10000, '2023-11-07 17:19:29');
INSERT INTO `sys_role_menu` VALUES (416, 3, 148, 0, 0, 10000, '2023-11-07 17:19:29', 10000, '2023-11-07 17:19:29');
INSERT INTO `sys_role_menu` VALUES (417, 3, 144, 0, 0, 10000, '2023-11-07 17:19:29', 10000, '2023-11-07 17:19:29');
INSERT INTO `sys_role_menu` VALUES (418, 3, 145, 0, 0, 10000, '2023-11-07 17:19:29', 10000, '2023-11-07 17:19:29');
INSERT INTO `sys_role_menu` VALUES (419, 3, 146, 0, 0, 10000, '2023-11-07 17:19:29', 10000, '2023-11-07 17:19:29');
INSERT INTO `sys_role_menu` VALUES (420, 3, 133, 0, 0, 10000, '2023-11-07 17:19:29', 10000, '2023-11-07 17:19:29');
INSERT INTO `sys_role_menu` VALUES (421, 3, 143, 0, 0, 10000, '2023-11-07 17:19:29', 10000, '2023-11-07 17:19:29');
INSERT INTO `sys_role_menu` VALUES (422, 3, 122, 0, 0, 10000, '2023-11-07 17:19:29', 10000, '2023-11-07 17:19:29');
INSERT INTO `sys_role_menu` VALUES (423, 3, 123, 0, 0, 10000, '2023-11-07 17:19:29', 10000, '2023-11-07 17:19:29');
INSERT INTO `sys_role_menu` VALUES (424, 3, 124, 0, 0, 10000, '2023-11-07 17:19:29', 10000, '2023-11-07 17:19:29');
INSERT INTO `sys_role_menu` VALUES (425, 3, 125, 0, 0, 10000, '2023-11-07 17:19:29', 10000, '2023-11-07 17:19:29');
INSERT INTO `sys_role_menu` VALUES (426, 3, 126, 0, 0, 10000, '2023-11-07 17:19:29', 10000, '2023-11-07 17:19:29');
INSERT INTO `sys_role_menu` VALUES (427, 3, 127, 0, 0, 10000, '2023-11-07 17:19:29', 10000, '2023-11-07 17:19:29');
INSERT INTO `sys_role_menu` VALUES (428, 3, 128, 0, 0, 10000, '2023-11-07 17:19:29', 10000, '2023-11-07 17:19:29');
INSERT INTO `sys_role_menu` VALUES (429, 3, 129, 0, 0, 10000, '2023-11-07 17:19:29', 10000, '2023-11-07 17:19:29');
INSERT INTO `sys_role_menu` VALUES (430, 3, 130, 0, 0, 10000, '2023-11-07 17:19:29', 10000, '2023-11-07 17:19:29');
INSERT INTO `sys_role_menu` VALUES (431, 3, 131, 0, 0, 10000, '2023-11-07 17:19:29', 10000, '2023-11-07 17:19:29');
INSERT INTO `sys_role_menu` VALUES (432, 3, 132, 0, 0, 10000, '2023-11-07 17:19:29', 10000, '2023-11-07 17:19:29');
INSERT INTO `sys_role_menu` VALUES (433, 3, 109, 0, 0, 10000, '2023-11-07 17:19:29', 10000, '2023-11-07 17:19:29');
INSERT INTO `sys_role_menu` VALUES (434, 3, 181, 0, 0, 10000, '2023-11-07 17:19:29', 10000, '2023-11-07 17:19:29');
INSERT INTO `sys_role_menu` VALUES (435, 3, 4, 0, 1, 10000, '2023-11-07 17:19:29', 10000, '2023-11-07 17:19:29');
INSERT INTO `sys_role_menu` VALUES (436, 3, 5, 0, 1, 10000, '2023-11-07 17:19:29', 10000, '2023-11-07 17:19:29');
INSERT INTO `sys_role_menu` VALUES (437, 3, 6, 0, 1, 10000, '2023-11-07 17:19:29', 10000, '2023-11-07 17:19:29');
INSERT INTO `sys_role_menu` VALUES (438, 3, 204, 0, 0, 10000, '2024-01-23 22:37:41', 10000, '2024-01-23 22:37:41');
INSERT INTO `sys_role_menu` VALUES (439, 3, 207, 0, 0, 10000, '2024-01-23 22:37:41', 10000, '2024-01-23 22:37:41');
INSERT INTO `sys_role_menu` VALUES (440, 3, 205, 0, 0, 10000, '2024-01-23 22:37:41', 10000, '2024-01-23 22:37:41');
INSERT INTO `sys_role_menu` VALUES (441, 3, 206, 0, 0, 10000, '2024-01-23 22:37:41', 10000, '2024-01-23 22:37:41');
INSERT INTO `sys_role_menu` VALUES (442, 3, 214, 0, 0, 10000, '2024-01-23 22:37:41', 10000, '2024-01-23 22:37:41');
INSERT INTO `sys_role_menu` VALUES (443, 3, 216, 0, 0, 10000, '2024-01-24 18:39:48', 10000, '2024-01-24 18:39:48');
INSERT INTO `sys_role_menu` VALUES (444, 3, 217, 0, 0, 10000, '2024-01-24 18:39:48', 10000, '2024-01-24 18:39:48');
INSERT INTO `sys_role_menu` VALUES (445, 3, 218, 0, 0, 10000, '2024-01-24 18:39:48', 10000, '2024-01-24 18:39:48');
INSERT INTO `sys_role_menu` VALUES (446, 3, 219, 0, 0, 10000, '2024-01-24 18:39:48', 10000, '2024-01-24 18:39:48');
INSERT INTO `sys_role_menu` VALUES (447, 3, 220, 0, 0, 10000, '2024-01-24 18:39:48', 10000, '2024-01-24 18:39:48');
INSERT INTO `sys_role_menu` VALUES (448, 3, 221, 0, 0, 10000, '2024-01-24 18:39:48', 10000, '2024-01-24 18:39:48');
INSERT INTO `sys_role_menu` VALUES (449, 3, 191, 0, 0, 10000, '2024-01-24 18:39:48', 10000, '2024-01-24 18:39:48');
INSERT INTO `sys_role_menu` VALUES (450, 3, 192, 0, 0, 10000, '2024-01-24 18:39:48', 10000, '2024-01-24 18:39:48');
INSERT INTO `sys_role_menu` VALUES (451, 3, 193, 0, 0, 10000, '2024-01-24 18:39:48', 10000, '2024-01-24 18:39:48');
INSERT INTO `sys_role_menu` VALUES (452, 3, 194, 0, 0, 10000, '2024-01-24 18:39:48', 10000, '2024-01-24 18:39:48');
INSERT INTO `sys_role_menu` VALUES (453, 3, 208, 0, 0, 10000, '2024-01-24 18:39:48', 10000, '2024-01-24 18:39:48');
INSERT INTO `sys_role_menu` VALUES (454, 3, 209, 0, 0, 10000, '2024-01-24 18:39:48', 10000, '2024-01-24 18:39:48');
INSERT INTO `sys_role_menu` VALUES (455, 3, 210, 0, 0, 10000, '2024-01-24 18:39:48', 10000, '2024-01-24 18:39:48');
INSERT INTO `sys_role_menu` VALUES (456, 3, 211, 0, 0, 10000, '2024-01-24 18:39:48', 10000, '2024-01-24 18:39:48');
INSERT INTO `sys_role_menu` VALUES (457, 3, 212, 0, 0, 10000, '2024-01-24 18:39:48', 10000, '2024-01-24 18:39:48');
INSERT INTO `sys_role_menu` VALUES (458, 3, 223, 0, 0, 10000, '2024-01-24 18:39:48', 10000, '2024-01-24 18:39:48');
INSERT INTO `sys_role_menu` VALUES (459, 3, 195, 0, 0, 10000, '2024-01-24 18:39:48', 10000, '2024-01-24 18:39:48');
INSERT INTO `sys_role_menu` VALUES (460, 3, 196, 0, 0, 10000, '2024-01-24 18:39:48', 10000, '2024-01-24 18:39:48');
INSERT INTO `sys_role_menu` VALUES (461, 3, 197, 0, 0, 10000, '2024-01-24 18:39:48', 10000, '2024-01-24 18:39:48');
INSERT INTO `sys_role_menu` VALUES (462, 3, 198, 0, 0, 10000, '2024-01-24 18:39:48', 10000, '2024-01-24 18:39:48');
INSERT INTO `sys_role_menu` VALUES (463, 3, 199, 0, 0, 10000, '2024-01-24 18:39:48', 10000, '2024-01-24 18:39:48');
INSERT INTO `sys_role_menu` VALUES (464, 3, 200, 0, 0, 10000, '2024-01-24 18:39:48', 10000, '2024-01-24 18:39:48');
INSERT INTO `sys_role_menu` VALUES (465, 3, 201, 0, 0, 10000, '2024-01-24 18:39:48', 10000, '2024-01-24 18:39:48');
INSERT INTO `sys_role_menu` VALUES (466, 3, 202, 0, 0, 10000, '2024-01-24 18:39:48', 10000, '2024-01-24 18:39:48');
INSERT INTO `sys_role_menu` VALUES (467, 3, 203, 0, 0, 10000, '2024-01-24 18:39:48', 10000, '2024-01-24 18:39:48');

-- ----------------------------
-- Table structure for sys_user
-- ----------------------------
DROP TABLE IF EXISTS `sys_user`;
CREATE TABLE `sys_user`  (
  `id` bigint(0) NOT NULL AUTO_INCREMENT COMMENT 'id',
  `username` varchar(50) CHARACTER SET utf8mb4 COLLATE utf8mb4_0900_ai_ci NOT NULL COMMENT '用户名',
  `password` varchar(100) CHARACTER SET utf8mb4 COLLATE utf8mb4_0900_ai_ci NULL DEFAULT NULL COMMENT '密码',
  `real_name` varchar(50) CHARACTER SET utf8mb4 COLLATE utf8mb4_0900_ai_ci NULL DEFAULT NULL COMMENT '姓名',
  `avatar` varchar(200) CHARACTER SET utf8mb4 COLLATE utf8mb4_0900_ai_ci NULL DEFAULT NULL COMMENT '头像',
  `gender` tinyint(0) NULL DEFAULT NULL COMMENT '性别   0：男   1：女   2：未知',
  `email` varchar(100) CHARACTER SET utf8mb4 COLLATE utf8mb4_0900_ai_ci NULL DEFAULT NULL COMMENT '邮箱',
  `mobile` varchar(20) CHARACTER SET utf8mb4 COLLATE utf8mb4_0900_ai_ci NULL DEFAULT NULL COMMENT '手机号',
  `org_id` bigint(0) NULL DEFAULT NULL COMMENT '机构ID',
  `super_admin` tinyint(0) NULL DEFAULT NULL COMMENT '超级管理员   0：否   1：是',
  `status` tinyint(0) NULL DEFAULT NULL COMMENT '状态  0：停用   1：正常',
  `version` int(0) NULL DEFAULT NULL COMMENT '版本号',
  `deleted` tinyint(0) NULL DEFAULT NULL COMMENT '删除标识  0：正常   1：已删除',
  `creator` bigint(0) NULL DEFAULT NULL COMMENT '创建者',
  `create_time` datetime(0) NULL DEFAULT NULL COMMENT '创建时间',
  `updater` bigint(0) NULL DEFAULT NULL COMMENT '更新者',
  `update_time` datetime(0) NULL DEFAULT NULL COMMENT '更新时间',
  PRIMARY KEY (`id`) USING BTREE
) ENGINE = InnoDB AUTO_INCREMENT = 10005 CHARACTER SET = utf8mb4 COLLATE = utf8mb4_0900_ai_ci COMMENT = '用户管理' ROW_FORMAT = DYNAMIC;

-- ----------------------------
-- Records of sys_user
-- ----------------------------
INSERT INTO `sys_user` VALUES (10000, 'admin', '{bcrypt}$2a$10$.8N.BahdJ9fg481zX8FeTutyW/nWCmsVysjCFP0RHfFDjBVW.OdiG', 'admin', 'https://www.zrxlh.top/wp-content/uploads/2020/03/cropped-20150917091836_dFNP4-1.jpeg', 0, '985134801@qq.com', '13042238929', NULL, 1, 1, 0, 0, 10000, '2022-09-27 11:01:26', 10000, '2022-09-27 11:01:26');
INSERT INTO `sys_user` VALUES (10001, '测试用户', '{bcrypt}$2a$10$fbYBagGEe60fcaRzKHKDSOOdiQPlHgHGsDzE2WmnoRD5bR8oEiUxy', '测试用户', NULL, 0, '', '13677677652', 1, 0, 1, 0, 0, 10000, '2022-10-08 11:17:16', 10000, '2023-07-22 22:46:11');
INSERT INTO `sys_user` VALUES (10002, '测试用户2', '{bcrypt}$2a$10$JVJEe34EOHwB3jO/0SKtN.HkEIfVG6Nf5zL5ylpaxG.mTgdIgJj3W', '测试用户2', NULL, 0, '', '13566566565', 4, 0, 1, 0, 0, 10000, '2022-10-08 16:37:20', 10000, '2023-11-01 16:36:36');
INSERT INTO `sys_user` VALUES (10003, 'casuser', NULL, 'casuser', NULL, NULL, NULL, NULL, NULL, 1, 1, 0, 0, NULL, '2023-10-22 21:44:47', NULL, '2023-10-22 21:44:47');
INSERT INTO `sys_user` VALUES (10004, 'test', '{bcrypt}$2a$10$qKEw0k/iydqRmw3vpG0N4e.zKmtqdl7siPnsQPWQkiVttlrofuPva', '测试机构权限2', NULL, 0, '', '13344344545', 6, 0, 1, 0, 0, 10003, '2023-11-10 15:34:21', 10000, '2024-01-23 22:37:23');

-- ----------------------------
-- Table structure for sys_user_post
-- ----------------------------
DROP TABLE IF EXISTS `sys_user_post`;
CREATE TABLE `sys_user_post`  (
  `id` bigint(0) NOT NULL AUTO_INCREMENT COMMENT 'id',
  `user_id` bigint(0) NULL DEFAULT NULL COMMENT '用户ID',
  `post_id` bigint(0) NULL DEFAULT NULL COMMENT '岗位ID',
  `version` int(0) NULL DEFAULT NULL COMMENT '版本号',
  `deleted` tinyint(0) NULL DEFAULT NULL COMMENT '删除标识  0：正常   1：已删除',
  `creator` bigint(0) NULL DEFAULT NULL COMMENT '创建者',
  `create_time` datetime(0) NULL DEFAULT NULL COMMENT '创建时间',
  `updater` bigint(0) NULL DEFAULT NULL COMMENT '更新者',
  `update_time` datetime(0) NULL DEFAULT NULL COMMENT '更新时间',
  PRIMARY KEY (`id`) USING BTREE,
  INDEX `idx_user_id`(`user_id`) USING BTREE,
  INDEX `idx_post_id`(`post_id`) USING BTREE
) ENGINE = InnoDB AUTO_INCREMENT = 3 CHARACTER SET = utf8mb4 COLLATE = utf8mb4_0900_ai_ci COMMENT = '用户岗位关系' ROW_FORMAT = DYNAMIC;

-- ----------------------------
-- Records of sys_user_post
-- ----------------------------
INSERT INTO `sys_user_post` VALUES (1, 10001, 1, 0, 0, 10000, '2022-10-08 11:17:16', 10000, '2022-10-08 11:17:16');
INSERT INTO `sys_user_post` VALUES (2, 10002, 1, 0, 0, 10000, '2022-10-08 16:37:20', 10000, '2022-10-08 16:37:20');

-- ----------------------------
-- Table structure for sys_user_role
-- ----------------------------
DROP TABLE IF EXISTS `sys_user_role`;
CREATE TABLE `sys_user_role`  (
  `id` bigint(0) NOT NULL AUTO_INCREMENT COMMENT 'id',
  `role_id` bigint(0) NULL DEFAULT NULL COMMENT '角色ID',
  `user_id` bigint(0) NULL DEFAULT NULL COMMENT '用户ID',
  `version` int(0) NULL DEFAULT NULL COMMENT '版本号',
  `deleted` tinyint(0) NULL DEFAULT NULL COMMENT '删除标识  0：正常   1：已删除',
  `creator` bigint(0) NULL DEFAULT NULL COMMENT '创建者',
  `create_time` datetime(0) NULL DEFAULT NULL COMMENT '创建时间',
  `updater` bigint(0) NULL DEFAULT NULL COMMENT '更新者',
  `update_time` datetime(0) NULL DEFAULT NULL COMMENT '更新时间',
  PRIMARY KEY (`id`) USING BTREE,
  INDEX `idx_role_id`(`role_id`) USING BTREE,
  INDEX `idx_user_id`(`user_id`) USING BTREE
) ENGINE = InnoDB AUTO_INCREMENT = 8 CHARACTER SET = utf8mb4 COLLATE = utf8mb4_0900_ai_ci COMMENT = '用户角色关系' ROW_FORMAT = DYNAMIC;

-- ----------------------------
-- Records of sys_user_role
-- ----------------------------
INSERT INTO `sys_user_role` VALUES (1, 1, 10001, 0, 1, 10000, '2022-10-08 11:17:16', 10000, '2022-10-08 11:17:16');
INSERT INTO `sys_user_role` VALUES (2, 1, 10002, 0, 1, 10000, '2022-10-08 16:37:20', 10000, '2022-10-08 16:37:20');
INSERT INTO `sys_user_role` VALUES (3, 3, 10001, 0, 1, 10000, '2022-11-25 21:43:23', 10000, '2022-11-25 21:43:23');
INSERT INTO `sys_user_role` VALUES (4, 3, 10001, 0, 1, 10001, '2022-11-26 13:04:21', 10001, '2022-11-26 13:04:21');
INSERT INTO `sys_user_role` VALUES (5, 3, 10001, 0, 0, 10001, '2022-11-26 13:04:40', 10001, '2022-11-26 13:04:40');
INSERT INTO `sys_user_role` VALUES (6, 3, 10002, 0, 0, 10000, '2023-07-22 22:46:08', 10000, '2023-07-22 22:46:08');
INSERT INTO `sys_user_role` VALUES (7, 3, 10004, 0, 0, 10003, '2023-11-10 15:34:21', 10003, '2023-11-10 15:34:21');

SET FOREIGN_KEY_CHECKS = 1;
